47456781
42796272
45105691
44676143
324434
42675887
13430971
13457452
13475472
21581860
42462229
17421825
14240586
25037051
51186078
40164691
41247953
40320042
26899944
27054686
27128923
25691778
25880898
14726877
10632918
7153591
6623159
25128502
324443
324435
26041989
14836619
18122113
13232547
17321640
18300030
17620063
21447130
19255073
18076308
18589544
18589511
18589531
16971236
23684944
23639375
16971099
16971160
16971323
16971130
16971218
24659192
25095679
24881632
20466445
18135552
19155469
18122092
18241390
15268747
25276206
21990576
21976547
21438949
21493956
23809096
21498098
19240558
19059878
24034803
15758144
19019226
4117634
21913655
17831603
14612013
17421831
17421829
13536519
19249176
15917048
21408857
15162169
22431444
7790670
24034574
14808326
6793984
12769820
17393387
23676037
19929609
21378307
21457699
21414439
21744956
21980002
22208235
23666464
23666498
23666518
22385041
18214662
22008835
21599375
14532305
19154849
20270507
18530561
17258588
15775406
19231983
18289996
21403384
14297146
18276967
40181098
19226840
19070083
13306097
14627662
23536557
6460567
17458199
18507716
6848948
21865609
6961290
6842559
17289417
6500841
6776907
13352685
6847345
14568321
16351591
13678080
16510139
18018609
10280032
14223288
8079593
13533872
14765145
10695325
9621771
17892468
14158688
6867038
6525609
6596168
15333458
6244926
17961862
16343248
13356589
19143595
19111271
18814070
18721148
14103064
17603066
10958266
7380161
6678670
11138426
18970934
18390772
18390887
18390691
49515668
45540518
44880924
42720997
10646607
6976159
3261241
6674672
44880912
6651006
6651004
335933
24940587
21559254
21439098
42573201
14347737
7188482
17110092
26027585
15545385
15249128
11015791
16377085
4790821
5333972
2013718
6674837
21611266
8342392
12926604
15216495
21434921
343231
11014959
21902960
17128227
6948844
3443248
5354884
8520753
10960830
7803274
7859868
7253963
6313389
16821668
15455953
18226917
11351526
14621064
12469574
3029303
18055886
13530989
16163583
10576999
12903773
18731533
14442368
13578604
18349149
15778276
17619115
18357512
15321899
14506524
6560104
10767072
6731327
2860439
827362
6921947
4154422
2492798
2492765
847777
895274
121282
2492799
14289
17575444
18107180
15712619
2606334
13535869
4115339
1575860
13460686
11137563
7168458
4021549
2451397
6659237
2267189
791214
1806999
197262
4640799
18958728
23811929
10351697
17189468
880271
12731936
6778696
3516480
2054834
1254936
576222
227172
2183
912988
803205
855288
2960837
4315791
583688
2193115
1049526
17330
6614581
852
958463
1357456
14245059
1137060
3165724
3048937
806813
879622
556716
60668
282837
282574
48303
2333719
2971039
215324
66291
66280
636720
282950
231584
2186426
859
352764
1849038
398104
906736
29073
856
89589
1109134
654872
29629
580139
522001
29061
618823
521922
1107914
1568418
857019
1068574
879061
849
251833
2990010
2158128
3349934
6050008
74442
940528
940527
2498
209799
1180751
293527
293516
1164465
43191
2926089
2926033
2925979
2925946
2925924
2926133
3147123
3241580
873132
2925912
2964424
2963845
3204327
1540236
17405
1318428
891324
1030359
2119206
2436148
1387490
2553145
2501416
900764
1964458
3109672
3107985
1323305
791225
827903
588034
6591373
791061
1574475
2008238
1928459
287715
1352033
2121201
877015
1329454
3272005
27881851
6922779
6278977
2588518
52691495
50749434
21572532
760887
48765776
14428652
7391115
18367784
46846634
42756265
26104718
21501319
20386133
18335617
15344305
10693559
5948537
10881584
6478436
49162123
45355470
42780564
27431080
21533242
16408209
12929089
6818939
3875703
1412403
201496
410136
149899
150023
6508989
2834452
1363372
1325171
1936254
6247751
4195128
3007490
1736002
2428162
26071782
42904159
2661857
6614452
44971346
6295253
3159808
3159799
2027280
6382800
17328606
15311332
12401364
6902804
5228078
3159807
3159810
1174101
1053933
1808005
42819828
25429815
2113248
1316297
39901131
27008426
25464423
21912588
26644481
23686035
1398442
602144
738775
479517
20550484
21500681
144029
1007964
18198652
18266339
9117451
7083417
15475029
12930309
46575
14888582
15480027
2963218
3046572
41335427
2809203
6231171
1970226
43209
2834844
3212258
1424366
2001
45137868
2322406
929012
2116927
929009
24509684
17766175
2908871
17484647
26616838
1774510
21366542
45866226
6750840
19075137
1000406
24239884
2337281
242692
19079481
23766743
21979689
26984416
3496896
2960725
2960727
2406151
503752
4668002
40864254
21366540
21855448
3573263
1536771
2936175
1019062
856785
2916344
2116675
3312237
2502882
6502096
2930878
6614434
6614461
6614430
7534979
16482835
840191
10558806
1687544
1238475
2120195
1179457
1179458
1179456
1246811
3287278
171715
2298481
3797890
3797880
2223166
749393
749364
749415
749391
604633
749392
353974
267977
3223258
1438144
1246810
3098584
3348636
4551489
2377629
2936530
43554
3346751
2502879
3078186
3634639
3270810
14377034
13337219
12476904
10785686
18084263
16016152
13783035
8134945
15035863
2793516
2120474
66322
1466917
6655212
2986322
139038
139039
679146
1270521
1166994
139049
7338128
1920889
987750
195579
1098593
987752
15702572
16022532
15702555
15678889
1738813
1178083
1810634
1257385
17359681
48896020
6798109
42459978
24946895
24330801
13362064
20716929
16919836
10753679
15750881
21825181
6965593
6919505
2925968
944261
1855987
2947187
14373498
18079704
663864
469091
89571
89575
2785303
1535663
2402933
40002943
3077645
17342821
1371342
909623
18140283
14418429
7057900
18979356
2057170
2851045
1888272
942564
1858059
4809336
3083085
530471
6750943
1813320
4574034
33559
1183550
6781405
3324421
6241525
2802546
2223519
817
1742269
2219449
16534
1392700
47326016
9842102
25126752
42077459
42090179
25272004
25126749
21400019
13220072
4394287
25272067
26724902
16762455
21905102
24267689
349532
21861552
7329307
19248070
41903609
21861160
17115101
9823592
17961723
13629058
15093325
24662849
7146989
22617247
3722007
15015753
17385456
13340323
14569146
1829521
6501369
13291399
6128277
3313414
1567967
2628323
3741438
10107891
2485462
12770588
14293500
6508730
16221764
532177
1199129
13476717
13433455
2029454
2114772
3186888
581426
2214520
7867989
2214543
3299770
5333984
18025665
7252832
655608
810498
6528619
6309710
6674845
13355552
6510846
15483434
21365340
6670482
13385418
19221595
44380622
17492836
43712653
14345371
42907836
3262727
41849150
26641852
992628
19082135
25641726
21580669
24802827
17377739
3166179
1322254
1603405
2210660
25701457
19250870
6575836
13022195
1419727
3294501
1031537
19200600
14789350
25698990
14651130
14651123
21514069
18925960
21995801
7405732
2293675
2321243
205877
205879
115044
115041
13492114
23976459
7365722
16071069
9408497
3432157
2279266
16951806
894834
14920478
3429537
14568639
19008983
15535056
6631450
3979878
6807768
16204565
385368
10545964
14278985
1934354
18358303
21586465
21524269
11254781
11254742
16508966
10937544
3214288
846981
3214277
2403384
1285890
2507696
11863
11862
166363
11852
3124176
724928
11342428
21539506
1092293
13945952
16416771
7346572
19095444
37441
21984483
10800440
6876567
4984643
518471
18116462
21384312
7188824
781271
1508178
15380149
17115055
13629068
18752278
18752344
18752242
6651007
13582373
2263899
6432580
5337070
3380791
2788199
2242963
2827443
2083960
2833963
2147176
245106
3239312
106944
1462397
2409881
995220
286335
1245365
1462398
1346922
17375239
1499358
4038656
14261925
6488966
3131318
2701087
522697
115042
115045
237826
149846
4551869
10260587
3124969
2035753
3178011
13582374
7589446
3709042
3130939
1258468
285264
864536
10954714
6676773
3197005
2962492
13582370
5733642
2278833
40224712
21408527
26109965
21512449
25312108
14419515
24566794
23362062
25333032
21536059
1048525
461050
18280032
924656
368245
121534
98235
21512368
21512438
20433742
17901316
14085268
2886933
2467422
1171182
2971170
1104874
1992017
2000164
3310352
1892324
2522719
1209966
633221
92974
555
1459848
21431964
21806124
18468319
14414235
14466531
8498290
14520797
9213133
12361043
15964749
16998382
1882772
3899092
249398
36068
6277491
1383900
3634570
6736509
15486222
14733361
13626110
13626131
8543967
14936811
6624796
6898891
3023237
650760
887432
1122077
2242650
6589794
110678
33551
1504838
1298638
1383240
390334
2046438
172962
4110990
2646042
948387
8810
2623
194190
1530651
3921305
15983
113603
993717
55570
1122886
1570074
1796026
1140206
3462456
2113193
4998084
13155782
26322524
27437157
43145978
2271292
2801045
1897725
6461540
17962903
40154097
34860
25129083
47978235
41683308
43194799
42216233
16435765
40901894
41876730
28147220
42811477
19205879
41958002
25479041
42216232
39113604
14836642
40214184
14836636
43346673
21525150
42868298
41928590
15781826
14452295
24170141
24170172
42748019
19125429
7201708
15750616
18367508
19695489
21573737
17844849
860408
524491
6719799
847545
1124161
1358831
960
2887072
1258632
742
19105351
15706987
14349842
24627863
17832168
21598446
3163205
21838951
1069505
15929926
726205
2828796
928338
1357544
161332
17975526
21122000
2968997
10965443
10862992
15064476
15064442
18933452
12905469
6610807
6558709
3085581
6450517
52381996
53511611
42391248
54929134
50556798
54007606
50387658
49576368
47808361
47452427
47452419
21417891
53570440
4506073
3709597
45089356
25430016
21355867
21355843
53306152
53076110
1214837
1593685
17371693
25644053
52220010
50468605
47249422
45103817
49976686
17397393
18444693
47757139
48656567
25976908
41801816
39917133
46567862
50667289
45595485
21999565
17823864
16633993
47861650
45140513
16131032
23963233
46870209
26211204
42869907
48057879
44233270
15349923
24995397
47870169
47783401
47371847
43474549
6663338
19699752
25507980
21601546
18856565
23694148
24570280
6838626
41205876
41130560
40360787
40761778
40209779
40209774
43903656
46103712
45881424
45668696
45005781
43128176
42901287
25253673
45424767
43939580
43299945
42437617
26225297
43878351
40223850
30185268
18181646
17215120
42380129
19170572
43894216
45352020
43070662
43070654
41522354
41522352
40337521
27203021
27202971
6967609
15238300
45429389
45377424
33633091
26217041
25419642
40067814
40067808
42220904
25272262
16392633
16020052
23965232
21512193
43133641
19059734
19082299
28342727
26428718
24064573
19183289
21910727
16778374
41392349
41392342
40771712
24495476
21378102
19221639
41195057
27141732
21859786
19152505
18517630
25798185
15000428
26151444
42908041
43144903
43239885
42858211
42391983
41621988
42902347
42465462
18298461
24945461
15955708
19238231
21858126
779381
23678768
21497162
42712404
42503595
6640393
26564597
41125602
25690152
21879550
19235528
19137513
25982437
24993162
21732169
26971058
42269409
17778820
16768451
18996747
27680174
25988113
25527522
25656749
25212129
2780228
24660932
34080634
21759169
21460274
24664105
25390185
26658014
16270751
24163254
26036517
25633711
22002447
25127069
6612176
6654275
5037441
5037440
24991570
18837721
21972361
16262419
17490994
16418867
15759201
21473707
19171414
25033218
23575716
18194716
15057198
19083644
14524822
19149865
21474681
21957579
18624415
26517464
19212528
18847803
16680623
21378937
9937782
6252957
19233011
17131309
19079965
18486007
15677347
17049638
10974973
6527865
3159812
2577848
1178926
15624375
18080558
18028259
16908743
18206357
17673833
17839042
17055200
17344100
19009740
14863877
6862266
15303788
14263831
1762186
13402207
78812
2362332
2960529
2675454
3203964
14522678
18313046
16788283
16294859
15858896
352039
16713914
15324210
14324610
69530
431600
3652511
7228948
6252958
3910216
2077401
183059
71640
71641
942019
907142
857698
201806
13694350
16586899
6613427
12935586
17371900
13350867
296240
30573
3700340
7204808
13478796
8124623
10823062
7391743
7461960
7008092
6517530
45652178
21575660
1476156
17112812
2977991
1214913
4767909
1704675
6571827
17243368
2902890
964597
123918
785046
1112418
106673
2402163
1185086
909062
2769
429198
368540
1796454
1482383
1096870
929672
1494222
2025563
1141935
1473664
1333018
508999
1982773
1334778
42089224
1019195
55548884
968051
1482372
938087
418854
968049
2987777
1458832
418832
2102043
2960451
938064
1808841
938086
44016
2558293
2389441
58217
353509
1232488
46022931
20394260
39288904
25084223
1154929
3341361
3341459
3341458
3341382
4198
3341405
7382823
12934445
2956823
2823886
13811777
15507485
19930890
21739817
21417122
18634320
23905509
43149369
40431461
6125574
24172413
51310121
47818846
42858213
18054826
89369
271287
271299
271265
2239307
2239316
895780
271264
271309
271307
2239312
271266
19112594
8028597
891434
1499371
133009
1546538
132985
2261601
13294276
18343086
757764
10682093
6113733
81165
14649399
16187316
13320256
863
21457570
3187048
6440505
9115558
3328799
4197
2534676
1136422
2477403
2644676
1098613
1183561
477836
30640
1782584
1479280
902304
2067752
2339177
432538
45777900
21905325
2498881
21451403
3221410
955081
26984941
26984955
21580644
24657657
45956909
43579664
42456608
44301324
19237752
42306113
25481154
41936244
39948936
16451802
39896391
16202400
26299727
25482930
16665905
2971965
19148922
21528629
21568112
302782
812258
14006150
7157817
1907200
17886928
17145858
21821161
13570262
10840700
6719900
5104916
21574260
14150105
21706074
19033302
6527274
17382436
15757439
12879765
15940
144096
766896
3634588
16968698
22431183
17589683
226319
34495
18659768
34491
62427
529218
6309701
2754911
750558
3252850
13659124
9934116
6432996
144656
583590
819104
2889659
2073281
62580
1179689
1371210
46982
280092
819126
968513
1494234
1128623
583655
3312754
34479
1107935
59951
819071
1229354
968512
62360
592532
583611
1636617
1636629
1857065
1128601
2571145
2501194
21864462
6810673
446887
13311158
13295834
4767755
3898730
4379974
3898723
3898719
836472
62929
830939
9910828
1712283
1260676
9789407
836462
2493041
390335
3898716
2960376
44793360
42007396
27206862
21505279
18201365
18148277
26484557
18970166
21739822
16633029
13183860
18983073
10842449
8227174
19105183
1575861
14527780
1470436
5532666
2260997
2523591
1239001
2523590
1791813
602355
2523603
8586274
1771824
2897411
7069024
6300509
4319010
7108558
3472073
1951482
81246
336392
135061
336391
6793325
4488907
13121247
18231052
16023028
14528013
10893604
7365297
6695039
6129749
17360158
3258721
1196035
55087763
50105334
46168634
24241276
24241274
41290415
26743053
25268052
25268036
43242921
26476394
52691492
21599439
41890478
45697227
45680041
43085233
50306201
13441494
25129104
44491096
18256084
18207389
50323546
42855493
50459161
42862752
42990052
42750582
45355236
27251886
47253748
51572469
50459758
44275900
48026523
45995502
42721001
49732883
41931486
50650486
41931460
13442466
44491089
6581611
29267484
21986944
21986942
40727660
45771330
40841682
43297640
45236172
44880721
39934787
25129115
16766265
42862750
10966836
8003906
21750762
48158509
44923008
26373306
45271857
45412052
46891010
46921227
44560589
43190147
42475450
7156226
27251870
42473707
42990051
42940029
42940027
42940024
42940022
42940021
25805959
44271628
25217978
42855494
41848992
25365273
42940020
42940018
42499085
24346742
15789500
24346290
42940015
44797714
26014993
24333509
40112902
28353831
42940014
25389909
27251846
25592624
25254172
17562095
27431359
42347535
26696967
26373227
27473420
25628593
42188842
24221752
24035257
1741046
41909343
26240928
24502541
23752711
25017444
26151490
23959466
21848181
25778902
25386957
25339505
21536663
17632083
14547221
7030253
7030241
23745045
21987089
19147213
24209
2029445
1223594
3347086
2665123
1142883
1090193
1375705
1112038
3094151
1123089
1171314
1123099
1936544
19926371
14435417
21839080
18301054
7288100
7096800
6579128
15260779
7087991
7087993
5776219
3612435
2174436
1412415
24253415
16887091
21397200
16268166
17620275
12909181
33790
6568507
19104295
19104294
22436394
14190669
7250253
2184954
1866210
21437968
21425543
18705870
14412693
14412686
13673332
10018961
6474295
7241833
3600162
5280008
253091
2302138
531546
27912
3144132
17589089
21862443
19238607
15372629
10880922
6196751
16365346
15730581
13282366
5122699
21773721
21474080
17151998
9720811
19260000
19259997
18591132
18211575
17588854
10965495
16346178
16346171
14137071
21474467
6474015
16269624
6556073
5219564
2327820
6252991
15018468
6813644
2748013
24352007
21169646
17375535
21820885
24159368
18594320
15687974
15114912
19167673
25046312
15752995
15011943
19699754
3239545
1319792
2013708
13291257
15728596
14465478
7103750
10501517
16499524
16003318
13190160
11290776
7366280
7145410
6445600
4181277
17508816
14810636
1315683
662923
3072872
2227212
13942966
16537532
13451137
14321219
2013729
227520
6568723
6949381
3936
2644653
481304
2349900
1696926
3463
1178402
275023
1142860
2779542
2892871
51396954
45970777
215093
1322014
41886949
1322146
15035866
2771466
40712188
26523522
40051132
45263607
43365539
41947380
27565413
3300232
41739588
15845701
1096
1042123
3747636
15675828
21547736
24089682
23898677
22429000
20434516
189503
45379343
17373771
135328
2375385
6172120
3590864
4733799
68894
8814204
1870961
66379
2959401
731674
964487
3148586
26679989
15119299
17611940
17057450
14998424
26575219
24644753
21856963
18054770
904770
15771620
3369446
18189398
15490406
48292538
11021878
15458943
15459091
15458934
15458921
15458900
15458839
2447840
2447839
832133
1962271
935990
421481
450431
14610994
14731096
1676569
2980277
613039
81269
4112814
21900569
9592754
464779
3415432
338937
579543
703451
755315
2334517
688348
107202
6523794
6149022
1372224
15949685
5389606
251609
13077709
8097252
991924
2384
15675616
385351
1157551
1659113
11649990
7085183
6672493
3412710
1931181
1378890
702043
690332
15702803
13402106
7355830
6522883
6478941
3627605
2007518
1605350
423977
1097825
16422
6576853
255083
6806006
60533
1145033
6419529
2297814
236439
15710
50230679
13411866
49782231
1305338
45119441
6569140
503349
16251205
45020928
25031265
14557339
44552981
1194427
1395284
41358233
18981596
40712769
24464209
513223
1900518
727683
420998
1047579
2321296
5220803
8154069
2715068
11022865
24749971
41120683
895781
19151084
108558
14428619
7156794
6474277
65477
81223
3178
1045176
2984336
359276
1376418
254960
47697
2346717
2756601
2321294
47699
47487
15911884
12784133
7370233
5164827
1928049
295059
2958166
2906930
2321293
1514441
193416
26526615
26378005
6459477
5526541
2907344
24510911
24510910
24510909
25331231
17064531
18081677
6627894
6627890
3354660
2321285
6014161
2176540
603123
1177401
231482
166822
16207441
6836105
6398005
16181497
13155786
1139000
6158856
240752
2081992
2225486
6278088
1100537
2715267
2156412
770911
2129546
944238
3101415
2432390
3295041
52050382
53360453
50699014
47411892
23584221
42805837
44868262
44880857
45313140
40806728
42676457
41622224
23755314
46063515
52006338
49346082
21445699
24809605
46189029
47300899
42805826
49565477
25336272
47300892
46785371
45977131
43168216
41912170
6812394
23584222
43797160
21956111
1970128
1254584
1180409
25128497
24246340
19250719
18142457
19696664
19200593
18364495
42405504
41612067
3565583
7016676
5193717
6104018
13552477
13552476
30107715
16704401
411263
14805540
774561
18683185
6633597
25196395
19147118
24156163
18983973
990233
17427104
3332311
15956816
13462673
6949721
6587077
16392681
15737277
14553167
14524855
13447278
14655212
12826544
14199193
1281288
2203425
2746769
417124
766900
228316
13320922
14816133
7373990
6544517
3312394
6444397
1536223
42139
1053093
17026278
13585210
10894547
7294255
6227529
4606059
3146356
1830610
446535
208772
16186138
12787590
172416
8758998
6579113
3863622
12985451
4834062
1242015
6967072
2728068
6225943
4765865
4546955
2704935
14144888
10572802
1695714
3016959
19149817
45605935
14765901
49582736
46249638
44589645
43548024
40717845
21984888
16102896
2567355
21740855
15455900
6417578
6888828
10867541
16236911
16124179
8151
2904854
2046518
843370
1179491
8251543
6313339
2224651
2221966
1178369
10953750
6866602
1575331
3877942
130947
925083
6291710
2897994
8943943
1163669
323288
13322179
13758674
4638383
15195711
1329309
3017319
3877968
3216911
9985502
6534539
6627900
2862215
6627899
6627897
23627794
19141937
41379200
31360251
42221348
14436737
32381998
22314438
42581168
42859720
10738739
23982680
25440185
23635438
26887845
18168692
22168910
24797466
24155885
40210624
41529873
43954339
45165873
48428075
46166724
46064463
18986500
21820168
26487585
48409435
46144481
47256997
25225704
23634927
15716582
940067
3787812
21484654
15813784
14688091
16365353
18153882
19231486
19137137
23745703
25460307
25460298
18301724
15082231
18325429
15498336
21444438
23697162
24660004
3150549
6228393
6620052
17203534
19015672
21984775
21577031
25256318
21811112
25703472
26151302
24506629
26623370
25605591
26325838
40068121
19164337
21731909
24514008
40789977
13410572
25262916
21713564
17491002
24035039
18145869
17680200
13410545
25643846
24903649
18214079
16405744
15603396
2593241
9118315
15849585
15849581
15678885
14889975
12659235
13277173
6954933
5620959
2738513
6639480
6313346
4642188
6639479
4633523
6954915
2506307
44999109
44877365
42292939
41711741
19237541
43456323
40878277
27173227
1121251
323310
15822108
18022522
7279979
1718524
1070147
2231450
1140887
3204657
4854716
1614882
444572
1299706
1019140
2079577
10120579
2690582
7380596
52218734
42139488
50541441
45580046
47473773
47512648
44767821
50799556
26688500
22202789
45679400
42677282
14188292
43872842
44689306
42905086
40849819
40690062
40360384
25084736
18111704
25336143
15706156
175305
196042
175320
175306
175307
175304
175313
312362
18093620
14037039
22083082
2957223
2557914
382708
50078773
46860968
2179265
44736077
18014570
13882126
45341154
46116718
30582
30579
30585
13164550
2510728
2464104
469172
1725813
2510727
353853
3198567
2627515
1089412
2600
2614
1270280
2601
3188
3190
1178578
101118
1177518
6705364
21589210
3464
255085
20424
1178204
13766812
952544
2219294
1142872
858967
960357
727647
2389949
556398
1854946
42924804
42500945
56890129
54710162
56456528
55973650
45176548
43194081
42565992
41869457
56439572
55840251
41782762
25699856
23644778
23644755
44464694
44382088
42856314
42470738
6705313
817527
47934504
42795876
41118064
19750450
45485617
45485676
45363117
25264162
24820452
23588727
48759179
51800008
47803099
45966143
40166915
41130531
26964645
22385846
14468425
21744601
48617059
46816618
46740
42395552
41189221
45621180
30158053
24754044
30701
4064
1025545
1389708
2072443
1389697
10945190
4704444
2976393
6670775
43015191
14685373
42955198
46941
255986
353850
2542025
2446828
18132465
9359080
170999
15117559
15117671
2986639
38381
24495112
6740123
3471171
601221
41496733
22024655
13001065
18972016
11083928
5010799
2411028
2024946
4113560
1618703
295060
1242011
1847372
3266642
91402
2799713
464925
2830894
174338
2609827
613030
3202442
720385
762012
762024
1428641
2224652
762013
1546811
762021
324444
3228405
661619
661618
324194
85399
85398
285263
589761
21402683
19050415
17507944
385372
9412768
285255
21432446
21427790
285260
285262
21432436
285265
289560
21521206
13920879
148471
148460
13155766
148457
844120
480682
1060295
148452
1142850
40236368
170893
24757202
833319
19071114
16096
2597
833301
15635353
833278
3338009
170880
833323
624704
6926938
1257876
2606
1031768
2615
834059
138115
834060
2434085
170911
834049
2605
2603
1134279
697527
1040567
2612
972253
3230347
170912
29234
3230346
1419153
64666
2085423
553857
517278
64667
81224
6940101
16993521
6538518
2830002
24339251
19698254
16847674
9544402
14183438
6537048
4643372
27369
16102
2595
12409454
6277389
5149999
18441773
6739626
3516587
1214135
24574868
6466101
17210767
15055526
14399518
11089995
6193691
2833818
1385362
21549144
15233576
21569387
37055148
630359
1204982
540755
1205009
540756
1204984
13427398
4495840
78277
135922
3081266
40026186
40105040
16027
1394347
64298
64296
802886
3064523
2128974
2046055
15233548
12902019
6732502
6224133
385370
1386324
630358
762010
250517
289053
3150322
18504471
15539175
14419033
2960716
2469
1202854
2994229
1112036
864541
1006377
1112068
1171248
3353659
864540
1142894
1624976
1031900
3056999
17363999
6502183
5283119
1703667
7313984
2963636
2953328
19250879
15846509
64670
64654
2347041
619233
517260
15968
2347015
1349612
64669
2971091
2971058
2221220
231629
1265950
231619
106946
60677
2221191
66312
2149493
13117562
269521
14277916
834069
4767778
2202795
2772968
834071
45962572
1358908
2933712
13255662
1341883
4393420
1810889
78274
18033554
45956874
41875680
41875677
41875672
25373432
21905189
17588479
17588410
17588450
12787243
6886435
6638574
6594903
1479075
473460
2346225
1699091
575603
5832876
2592744
463516
842695
17280663
550010
30596
550009
30594
1593701
1593699
1887091
1333602
138461
1001434
138467
138462
138465
2115729
2115726
921122
1376611
2501542
2201046
3956105
3037754
1702757
1961184
1048976
1048975
556166
12905286
30583
936240
14048852
13905509
12787202
10368066
10045216
6341579
6147341
3516330
2427292
1701267
361944
779281
918951
3355824
668492
1593700
30592
15442318
11057047
21532987
14416675
7351975
3471067
6328263
1547854
1274773
81234
6072122
2122285
1293084
2122284
3302887
3302886
959035
1945441
1251288
1359249
2318460
6819244
3641533
46936
16695709
14706158
12773071
16393322
18589834
16413374
1465619
16413134
16413109
16413334
16413347
16413353
18462615
16393238
15192067
13167517
7164540
10074436
7299154
13783325
5155195
13783430
2302139
29165
152058
152055
152054
152014
6764805
17149554
16633028
20234
938065
2971193
826364
418831
1534941
124552
16754534
40221030
15674065
21457174
2394716
10866252
14335169
6470221
1443364
3028732
6745547
1025414
2583229
1964457
1492897
13535849
4049663
195678
2193818
6893554
43290
7113924
1184368
2960637
1422631
2930908
1540223
2960496
2930911
1285020
1003260
274108
43289
747434
1175878
2960486
1844901
1422630
2960453
26636228
30653
1798133
6581989
6474296
3087560
6228295
30656
3087559
7350904
8542008
30654
8448977
19114935
6788232
30648
2722206
3387
30651
3341450
2722196
4056965
6805023
4649348
1561779
1611445
1098573
3251669
15068023
47015
1175877
7187455
968062
2119481
1805413
467318
18969761
1347757
7312508
6505300
83434
2487028
43992
15941614
1964392
48765829
25686309
25595312
18281451
18101226
2957447
2415773
19204590
6438978
3478318
3478319
50232885
15706245
13137384
6867091
3740865
1284326
71606
101015
148731
101014
143031
6242207
2450710
797100
42701946
25596112
42780954
42780952
39847461
42905071
26473563
45076350
21501993
15758644
10865183
45914201
45914188
45914139
14757897
19694996
43327174
43261507
43199889
44666642
42702127
14770962
8385900
6479952
21935141
42482419
25632880
17374689
7414342
25632901
13283799
930564
13353809
322252
14419402
1509713
872334
1046750
2976380
1221535
22382333
28929652
26365716
21867224
19062926
18478073
3736193
57689
39926571
22382303
16686573
10935124
65982
132650
19236677
18323275
15227090
16912742
22382314
21407171
16669369
16669363
16669362
14482685
14482655
13556658
1121748
18282569
244787
943204
6481427
19121052
244765
14488183
1711253
7322293
13546943
14757893
19192394
15766814
19161502
18978261
7140017
11228805
1844694
6775212
15312149
7040699
5831056
2158370
39898
39896
598481
848910
43276
3252260
4165042
1456014
20230
9824415
47815744
13514467
2233181
1684116
26629446
24351826
22027833
21979610
26680298
21527388
42753848
19112382
17067870
15625187
14459074
13865365
13087334
10441522
10340386
13077800
8940467
9375534
1142385
6782034
6580428
18216155
6580426
6580425
6580427
6460080
1524908
2244939
14675078
1101635
10330042
1101636
1101637
1101638
1101640
7008132
14275727
14260517
2581372
14275709
7008166
14275721
3395411
6463602
1653547
361125
1653545
1653544
1715218
5138099
3471677
2389374
1825951
2208365
1328394
1328393
354989
2208363
2208813
355000
2208364
361135
354991
19101214
14528049
6732111
6170488
25125333
14369284
17496592
12741086
1820060
3153342
25469808
36226
929484
3493491
1662148
1529786
349497
16356035
3473471
138676
6696594
606860
5249329
440863
3059336
43275
17402
43277
4968304
14194990
13955883
4764795
21802573
21619530
16692927
21619517
6785716
942597
25692046
21619503
1149593
1122661
2187473
737955
48807666
36222
34835
2628
44752519
48777381
43242915
42926537
48156472
44916095
40098252
48735718
48735703
40360388
24080410
24080409
21761131
27428571
43591153
26746757
25974633
24806287
23753651
23753647
23753650
23753436
23753642
23753622
23753602
24246369
22634595
6106090
2596626
19211182
54380521
52938961
25310243
44947592
25037508
6596460
4693480
16204690
21413304
3062141
1804797
63086
437777
2289016
17067873
19049573
18177129
14889013
12981510
6650503
7237304
2948058
3471639
12091425
6807608
6520598
6419380
5138156
3471809
2462185
15183193
6697671
6597472
12744575
13285879
2881299
4388990
5149975
7192171
8940792
1604674
2911976
1347595
1347593
27110
3001807
1321122
1347603
790192
1347600
1347602
2276647
1321112
1082225
4857340
6438462
2121971
6463091
2329819
2329820
531619
2073709
15866
2919592
2073708
6608691
15861
3328600
262971
2975503
2121968
2121973
2919591
2121970
2121966
2073710
3377463
262983
3378482
1082228
2462181
17410699
48999113
48479554
25257114
19176645
16181711
578150
3095990
5019166
2881096
3192037
847797
2215929
4263107
3257983
14580004
19129007
19127012
2355081
2355076
2355060
617217
217507
10159906
41685301
43369950
25470729
41606406
17578969
19137379
39891374
6911742
15806243
5557331
255109
6902415
5177807
2101855
2361568
347911
629213
795575
11241957
6507142
7146544
13490521
5562902
13471939
6682611
7889455
10194115
3236104
7008063
2158928
3652514
2210227
2581
3155307
1003334
10429226
490000
489999
1839162
6128321
6743347
18082349
13479602
11193861
16749009
19216978
19216977
25470733
25425024
15493868
2337160
6832814
17718970
17719007
1072532
2410851
3032766
6163544
3003770
3514125
360279
224632
224631
524457
669307
1726608
1946197
1946186
524423
12671757
13386590
25656183
21856155
25959682
53629123
45517441
27565426
34983901
25216920
909082
21537429
7415927
2728312
54037
3436605
6647553
2034398
16924
584290
46703
96992
398874
6763198
1153604
115789
465107
3245408
1318615
8538993
21843210
42797715
25696480
46061192
1136221
24467682
3238632
40085389
39923827
2902933
40575
762497
25095579
27022853
42806562
41266082
24992268
16280157
21848004
40847773
39939919
41900607
26039753
15648
17780774
2815
50727815
40715259
41438285
24498341
6647677
31175868
48449359
49816849
43601150
28147221
26595739
21398040
41848987
25083870
41240830
31174003
24334190
6696947
40902835
23577407
23577397
24581796
754351
21858427
21861118
21842187
26330735
19196417
13316351
13837403
4668756
25969808
7279986
2519210
6564263
13210557
13210545
25037375
19161968
6256823
19220138
19234949
17589076
21811419
21772238
6967610
21552214
19077189
19115106
4498278
16280489
28162970
16686497
12908741
18221998
18147783
17589154
21451371
15330147
10870305
7173017
5973719
6159404
1808499
17756322
18024913
14810604
14341418
20385782
16176521
6874251
13677912
1085315
320257
1047555
164041
612447
1047557
164042
17831609
3888605
335966
2876867
12369
13233048
7164521
14475179
11180191
3281708
15026916
7113785
6629179
14278755
10282140
1124460
2356884
17268253
7204384
15248261
6507271
14401470
6626657
11555408
94425
10463674
7165488
7160746
1223474
6958017
10682445
7860127
2904438
948409
3159815
2878966
7148944
4239940
2687395
7371505
13067963
7182095
7268820
4030676
10161960
6699366
11068967
7788877
7134137
7954841
6539275
10547012
6508348
9336076
6745926
3221515
9504970
384252
7147745
6479580
506063
6773942
39902273
318095
1055857
384258
1953064
445875
6532095
6238259
2670258
5805380
2724936
5521064
1280997
4398231
2197767
6064516
3189585
6550542
2280706
2689445
5969561
320248
2024857
301652
3032862
2375207
2129646
5749199
1113949
5338444
3389821
3862155
2854698
1006388
1592020
78713
1460966
1177144
2598824
1131006
845295
15955
273755
1656177
1114147
15777985
25704
514561
944338
2583
654675
2979854
2769926
2826242
322381
1008784
625411
1758112
1219592
1575871
1196024
869986
2771
1121913
1121912
1106116
1121945
34292
1003952
34288
3111323
4251
1044747
2321290
2321311
2321275
2321320
2321287
948585
948606
1116054
1918119
42704733
26474462
18282611
819610
1129349
6146896
6517583
6517584
6517582
655619
591574
486331
539589
1526042
357364
1417626
284734
2155947
813
979095
2528139
5994366
16359409
1282681
1105347
1864677
4108
98069
1193303
4110
2589269
1852455
25076704
24510795
21955430
19694381
18333180
2313023
2789370
2568912
1209703
1266243
1920122
202037
271308
2239308
6113540
3439
1003721
861639
479233
6191274
60230
6191272
3913624
3247696
181369
2109626
1622998
112074
801181
1178787
801203
1193886
1193896
1179753
1193907
810431
551326
1178215
1178237
1177243
486980
2419073
2990120
589782
1561784
2984402
271104
10458410
7792859
860418
16162481
13398716
7108990
3884872
1467374
312085
21619525
15201053
11076657
6284404
2751022
2811854
7598150
21396257
51057146
44080112
45268929
7136853
39906081
12929109
1119636
463005
48545023
1330000
111957
48635404
6449955
39841651
3948
25441273
47250889
2393843
135940
43635283
638893
714117
2478137
21908325
2998370
17375170
1164024
43111196
2596896
256948
1842237
522872
890916
28209429
8386733
18147798
1140491
2819180
1618940
1486094
1209968
2306480
252258
1251507
728299
1919217
81629
900424
2494
2492
71863
1219151
17570516
17058863
15868141
45301289
13986452
6530623
6967602
24241248
7377150
250896
15502514
341267
17415004
1779108
14066802
1886015
2118671
179264
1940016
179265
497654
1913074
4030671
1828810
160705
859144
1083404
1407454
68744
1177936
1785448
3004895
1177991
1038511
3177899
173557
2269930
1038552
21430714
891152
12307536
10135086
2063379
6382826
745466
44689831
16685995
9411420
6504423
14299506
24947602
4625240
6609852
3354341
1249260
2156257
3135654
2092260
1202952
3354340
3354329
3076652
1167706
498223
14656391
89928
10157640
6752024
6600382
2619804
6835609
60787
836044
1625130
891282
2919130
1573176
2915038
2015399
4116777
1799438
14190696
52472813
3088909
16704
1205843
46213537
26115977
2210482
24152270
1030874
26959610
1030873
9695029
1484561
22277074
21533019
7160164
17505
6478937
1344024
10170311
1520541
1170737
6793408
7786669
12426894
6596296
2774871
1004393
2954831
1004381
1333600
2042610
1073929
133458
133478
133457
15719
15708
15711
15718
15715
15720
15716
15717
112063
2619343
1279399
2224590
1153620
451523
170435
2261936
2246993
1253865
15713
15709
15714
2913457
5347605
18277
529691
52218
56199
390862
10452429
1123715
673448
1195018
403121
403188
1037133
1774048
1003986
143057
3216420
2442366
2044388
42028477
21493935
50648742
45442685
40801856
52308714
52153500
42499104
18418816
43702534
42046365
26737517
43198715
25739756
25626746
25345243
374420
47397094
46071961
45313806
43457682
42278126
41051808
41699121
1048713
24881889
23754519
21818052
47202581
40067181
19043716
15748974
13288379
12863050
12861382
52697535
41383236
49338431
51898792
41266221
24336639
21961469
15118057
21750219
44875618
1939931
16931414
46844129
43458645
1703274
217453
2504600
2004018
2213322
15871769
24571399
24351399
21949495
19129778
18534698
16436114
21578739
21578746
19195628
41184172
25095531
18132937
16632685
18258529
16199659
21815238
7220380
17995680
8587765
34142449
21875874
13983641
17751892
242107
14864236
42280064
25807847
26228603
23860678
28144112
25144208
21744579
23743683
21591570
19197606
18208944
16617961
14926833
27679568
26959595
1877480
1964565
1021605
1769920
224705
905256
29184
2197
171406
1026843
13169953
14299514
583183
1105522
409548
3082278
2177176
23871
593724
501465
583642
2817970
583699
1945432
1589732
21386311
14299578
14299572
14299568
14299561
19079485
15663613
15693991
15693994
19051439
16782127
1031737
58024456
283227
14299580
14299586
10873365
215871
14299573
14299544
14299548
14299547
14299566
14299575
14299557
14299532
14299546
14299528
14299525
14299524
14299545
14299526
14299513
14299512
14299492
14299483
14299487
14299473
14299464
14299461
2893
180835
1876891
18164154
1924572
348392
15321946
15321962
21902969
15321919
15321724
30644
10997187
45317006
1366432
856940
34270
45363464
1645428
24956449
42919229
6546257
44889273
44889280
42676389
42972482
40776724
40776715
40776731
26984694
40776708
21603591
21603572
472487
7008096
1683034
1960071
7008139
440273
6688023
14929683
6549716
6544695
7414540
5013055
4950116
1108196
1715220
8097499
1057241
1057243
2665944
556481
6479674
13010426
6544696
463517
13097259
6197578
3499584
1900553
1821438
2853908
6197577
1394694
1394693
17813914
2704362
555516
1034786
6740112
8789529
6597437
1715222
939158
2535765
21984517
19426990
26206
49831006
42458791
28553739
41814997
18115358
38696086
38695984
38695924
18115373
18115366
18115361
17420633
45603863
24064358
24064353
44600531
17088822
16484134
25482920
43894582
44701525
42058953
21593575
16887689
42165561
42165557
17088789
15468342
7392860
21554984
28914655
39919447
40706283
5107001
2431355
26949988
3276073
23986888
15767096
25478104
20391520
17556407
13551149
7177170
3346834
4733325
628100
2942719
19046356
21376684
21533416
14458226
16560037
14658267
21995734
21412444
18043632
24502785
15321609
10885471
6853921
10898657
6874182
3464214
2118314
3036423
1458314
6515186
5757031
1992715
2453722
3070550
630504
1053095
170776
2279226
6639708
3442
966031
966018
678069
1575925
2368675
4428
3440
939296
939297
939284
2393467
1396366
29602
2134973
2134972
229589
276722
6527880
5360280
10997299
16015193
2585973
3102331
7287326
13468352
241888
47679338
45230553
41947327
47874864
42530007
26492385
21362136
41426688
42816414
42816413
42330479
42329914
43682462
48285188
45512944
41419594
41902853
16262945
46488965
49962994
42853433
53044675
56370574
527886
52785793
48784861
53106081
52724049
53260555
47451557
45080689
47798624
54772050
51865807
43057299
60460
42819726
43458061
19022566
4767881
3352006
9886333
895195
1827857
723652
348796
280168
5756422
9673658
820134
89334
14066792
1065861
40578
1174485
975994
1129624
18279847
715928
21519245
19122499
89549
943645
89552
236347
89572
89548
352868
1127373
2971012
89551
89578
89583
89565
104940
398096
1156498
89557
1156499
89580
1098602
467187
29639
352830
857039
681885
17083622
10966876
6503530
13366290
7206873
6474292
7213630
6409681
15498308
9724451
13470318
10253463
2819197
6328275
16497
16494
2363070
2595624
1446217
549798
1936434
1112930
2587875
4525288
6383596
3103274
3598551
200700
1222082
13803434
19017827
764
34897
1245597
201738
19074880
16479983
15465229
13362631
12909883
7368080
6548487
5331873
17171235
57513415
56825332
43744279
17429860
42694742
51053514
48117918
44781345
44738249
43744207
43458366
21900571
45844186
44515677
44587286
42279878
40214183
45576306
43228461
41068478
26218430
42490126
27334873
27129690
25598538
25870441
40354656
25280045
24808902
26789368
24663476
21849143
18542985
19051459
19051451
19016498
21539864
18670691
18971640
15899099
14451765
13662358
56823651
46922573
45869465
44967283
42926174
47299889
42743579
19019520
81225
17054802
43195851
19256921
18711895
18198263
17897317
25589246
25209900
56522020
18110931
43111795
42779419
39911006
49846322
47448612
14552327
26102815
45642449
41387832
49703736
43127184
50452768
45530255
48360803
45486604
44086148
42826425
45528007
47291531
45137862
44792705
45655309
20384842
20414326
15749107
25634634
41773326
46002577
45536102
45844191
47341346
43602301
42580724
42495707
42862783
43333415
46889460
41996218
41996298
42181187
42181194
43296887
46146893
45463840
46213415
45429336
24996744
26490337
42803906
39507160
44566920
42499090
42499042
42675951
45567518
45330499
42742129
43865611
42812113
42998063
42040220
27675971
26490335
42749768
39890334
26098033
40294228
41250436
40209543
42401086
39930900
42078280
42357997
41881619
26490324
42482696
40078305
42011035
25800229
41115715
41856636
41194093
26108165
24409584
21893571
40856655
41246454
40848215
40772482
41074294
21809357
19052613
19052609
15943231
15470426
24109276
21416141
25539454
25589255
24584601
28143151
26740965
39941821
24160377
25539440
25593763
23628313
21998101
27158530
23396707
26228930
25594363
26732414
24882731
23635437
22026915
21957925
21883237
21854983
17180282
26743281
18202149
16150671
21488423
18138306
17631931
26490339
26490322
15439400
15353639
21863496
13667879
10722156
18624080
23858424
23858428
21623538
25790272
23542500
25098745
25548680
25109163
24962594
25077771
19266584
25008078
21506941
14106752
24505190
16267298
23965877
23846522
19152356
19152347
19050134
18631830
24573275
26531517
26518244
18297614
22007347
24088625
23858431
21509432
21509416
16037941
15395965
14366770
22034974
24247604
21474864
19214719
18592136
17564787
15930188
19161908
21798230
21591309
23970725
23628799
21732686
10961166
10945456
17864005
22442637
22083270
21920505
17528507
23553517
21428859
21428848
21428840
18412929
18612098
16751534
16661690
19112827
19246875
17362398
19217214
18620403
21766522
21766528
21582734
19181298
18269838
17290669
20757603
20713994
16982255
16448526
16111957
21405631
13277227
16072894
21678148
6936089
19379143
21399652
19058959
14221490
6781043
13471192
8578423
6792556
16936400
16053889
19058567
17488310
19155241
19050187
18450746
21450709
16103642
18193414
17564579
17564484
16004747
13709627
17531782
16194781
16914223
19041212
18133278
19011317
15666367
18361315
14118786
6882492
19043004
17998049
70550
18190785
15666746
11016018
2120194
1777389
276704
15938166
1309195
1530650
353953
707219
170307
155260
6475254
1868416
1907830
352960
2168409
835285
276705
328539
2566190
128565
245141
276677
1031766
25003
5222539
1298639
4092
647483
354536
29296
124893
21525048
1037067
647393
43113512
23581990
23581952
1191645
13479034
23840347
1270236
26384073
26561867
208596
2085028
3038235
25128285
10733651
15646
14351915
13490583
5725966
23750990
1189004
56623644
52260279
55480551
54759820
49151915
53474294
47356896
52348961
51428426
24566984
19220748
18949847
18226704
19191181
23643440
50392452
49978061
21368469
21883777
50252305
47757316
45830132
45308601
18262544
46307253
14537859
17396770
14706852
13647806
46238625
48197284
41852499
43012192
45568853
45631338
44942572
45866764
44063410
43762551
42383396
41781396
40126415
15474115
14558950
44636020
21732234
15305022
27286726
41612051
43127776
41366559
43111411
26117902
44413061
41547588
41366447
18632414
17025196
44359339
43007282
41892892
41068833
42938433
40136510
42180997
42811912
15348432
24330723
21382772
18306447
25478430
43078791
42670782
28095112
12943160
18930857
42702157
26528867
19080741
11367676
43010586
42753864
48560305
18856500
10128760
16286238
14176532
15918993
15080228
24981030
26730162
24974011
28983336
24380106
21747136
21575130
18464728
40844183
40321034
24595293
21496434
19210951
27119890
14665819
6208747
41857970
25533760
42261243
26159045
18965760
25386783
21533232
20565079
16290007
43253703
43134477
42716385
23801019
41930688
40745698
41048753
22035033
21597128
15101739
16918507
42869559
42826886
42791938
41620248
41233786
43063344
19071133
18160064
17070280
21990572
23911084
13505950
24734466
18524925
19158590
16908411
15529056
14884004
14496593
41266485
17590033
16855703
21827630
25050956
23738660
41965402
41053907
40226265
23775833
42407869
41418554
41257067
27455710
24943336
18190931
40308697
23541181
17912011
15140114
41930911
41770005
24935873
24344661
23980843
23848574
29467797
26325836
25665586
39947459
26520981
19679288
24495326
21586916
26413766
25097210
24164188
41366487
14099176
26532113
41367466
18604279
41254308
13082661
17484351
41054150
40786413
27543683
24505718
24960112
19056824
18122416
26107939
25686214
25083956
24487209
19140971
18280856
18280851
18280844
18118903
17415036
17232098
17030827
16223100
16695756
25432895
40307404
21934264
21713997
39873446
24249946
21925460
21845212
21444075
25061691
21810012
18531730
21770941
19694676
16994225
13029341
17869712
18268239
16464099
13728578
25027631
23961708
22382376
15833829
15833855
3687996
14254948
26098495
18214575
17349794
7129899
24937553
22024961
24590640
21919561
15248926
7676710
21469969
19411720
19189673
19074846
21587454
22657253
21909544
22409798
22409791
21469169
15455819
23956403
21455089
21502833
24644788
23698014
19167841
24809815
15566783
15346786
23581869
17194868
5790090
16017618
14251816
23581257
18596548
18580368
16147012
13627031
14688635
1928437
108358
6863789
18236513
16231369
16231368
18273958
19115301
16024485
23576277
21580548
21544272
17441876
18166592
21461000
20391900
42705766
19053589
21544228
18979800
21897501
18294900
21412453
19161106
18037309
21942113
21896686
21418249
21863175
19141225
17175193
16961596
16811798
15812592
21439292
19197438
16680541
17845774
21466174
19445684
21592781
19177713
21774875
17317399
18752887
16470427
14601010
17944089
26488264
45677320
56437754
40166949
51969371
44648689
45266741
51954539
25076287
48857188
46130512
48838851
52218770
52885176
50590173
26102686
48564055
43988138
46660902
42416602
25469468
42710795
28068197
24067842
18209346
21900404
38460836
45626387
43166218
26680938
41130295
25420795
22172252
21447860
22414772
21928978
42428433
25076284
19075719
19075718
18965602
16620050
23643606
13024385
9179634
40846227
19256464
26530697
19054961
18959295
16331631
22287423
23753611
24346735
21388959
19134533
18148950
17903513
16662891
15972972
19139685
19115980
18187458
15729324
18935535
21861691
21399217
16020910
12771315
212781
3092362
835943
748246
16313828
284772
284791
1918700
284814
284765
284851
284838
740323
284820
821808
241907
16126600
18162190
14372707
21902147
284738
516459
47378
284767
284793
284673
103773
2336433
631319
284837
3130946
662680
30576
3365
12927066
22244152
879710
45494280
45263824
6526341
24075491
24075494
18608378
14341913
11165787
7313761
21858020
1246371
2085183
1871633
1711249
19183938
439090
16958891
10010705
2484
14150069
3234246
1441950
2505634
14627771
238058
64565
1169349
1236434
3418597
12945117
1261690
3193139
6103611
804727
820153
1915001
1059
842164
11131359
6314063
48207
3066290
419763
1492588
2271181
6530872
252443
1856525
6493440
2609868
11061
3799168
583623
2703562
305102
3231480
290172
2542058
2542059
352973
748249
14341894
180462
94423
3102308
1171103
1375362
972273
3193161
1105644
4003
1453593
1423
2072983
598249
255933
1008415
343996
100357
807305
49879
7345536
2605626
21019
1711258
1711270
659535
2605620
21023
1291086
726213
767145
2085180
1105994
1323557
2934
2944592
1405943
121320
308335
25602738
25324215
9053013
6226009
209362
40013929
27569674
18153838
24895710
18161190
19932678
5431515
2395465
1942375
2939507
86502
104627
2740631
16750065
486253
21914260
21744917
15687669
14541670
17923272
23639092
19267765
2860338
22382810
10296427
6433885
11163659
2945551
2047149
209321
1040058
467415
18505024
16756388
19057154
18007388
14449433
6536772
18293809
19032315
21454805
15782473
17911696
18190084
18600703
13012947
56424111
50875361
50248672
47807988
51269643
46204385
46013160
49835149
49474397
50811315
47252517
50191359
45814118
46126102
42242041
46064738
43988107
19140918
40017057
45335099
42242039
46053384
45190166
44473044
45230239
44302287
45144678
21566955
43284680
25743912
19242565
40141774
43616625
27538135
6757064
24568182
42242035
42242030
22128115
17758706
41961444
41645331
17352235
10553160
6241662
21990725
40295469
41206437
25742389
40167817
19139220
13460781
19695596
26151511
25739154
24490322
24584386
19183115
27208058
25867227
23964017
21442385
19068288
18447240
19013513
16791661
24592923
21571915
16936369
18129792
17864554
18129785
18086865
21943929
44304623
56027524
50745635
46754768
55433987
48614558
21478240
16491802
44555515
46256787
46883496
44068438
42861212
45540539
15304508
19216892
25892870
23812013
25160513
23907728
44817446
25314292
21975978
49250534
18974454
16959626
16200376
22023886
19013336
18112918
17313505
47802951
21389134
18475324
15744271
15343817
41996071
25194730
42798272
42902737
25541215
4893003
42400661
25489386
42440730
21412006
40071136
25282623
24945822
21811778
37834852
21908661
21908648
25524169
18989198
29875164
24740105
21947749
26787794
41212567
21810616
21502500
25782924
19238565
16411228
25057474
24890915
25634116
23555633
15375519
24244199
21469797
24165944
24953519
18579233
21435611
19075721
21547696
17261090
16989448
16739725
17785802
16930970
19036077
16840536
18135995
18714326
18197631
49434964
47330383
42858570
43438200
16715685
25794871
16947671
9128025
5001343
2080750
47814007
45284411
45284401
45284397
45284398
45284388
23686188
25332937
24952906
15576152
21520277
1178256
282908
860
276743
434467
18419250
2795434
2795435
1178643
1178641
2795422
1149731
93461
16585553
1308972
1194896
95888
1121373
223713
1318450
1121371
3007213
1561725
2998128
6125609
805793
592466
3209595
1243291
6394414
2221257
517265
963887
963902
352149
282830
805783
45594605
18180824
48992784
43007917
21678206
45063868
19101555
45387245
43111586
24757141
43516764
4007156
28030792
2447082
21911391
21363505
13567100
22130674
21709328
15483134
21422875
45051607
24775619
40167149
50729274
42938332
15707870
44804710
26121406
23589581
2494832
850766
23985336
16985767
958087
40357895
26965646
45478631
39890176
40227944
6470079
25082699
2720323
2425692
1837346
1105543
1867046
6965668
419987
121613
3102782
2421825
2421801
294480
906139
569821
743561
2179199
2964225
16050
1732923
98586
4299692
98587
1807521
3171254
54169389
48577872
24593698
127517
25352781
42578935
7399114
40198250
24284974
7279960
2523583
1032141
21762912
135058
20433761
17251309
11083239
15227248
5334050
18973338
10862275
15690266
7346955
51153790
21897691
25649511
55537038
6803327
1623747
2015575
2859851
43116154
1249028
2354698
10651413
1130986
3155594
2971237
1049073
51939251
45252350
43823350
25376309
46919813
14600299
41694601
40299661
25979196
25974556
24343354
22022450
21870065
21426472
21565416
19251252
43121439
43567923
43296172
42281370
40874299
27094588
25695985
22011910
21438037
48869815
45641804
40783317
26985255
25596006
25548248
25122168
44295754
43700424
43005905
43103193
42708684
42064123
42226428
47871312
47312611
46871441
46135222
20393264
19056368
18045675
48563916
23755246
40802153
42112901
44948172
45102067
44834238
44683540
41173514
44480961
43531746
43196072
43127247
24245678
21753771
44858497
44803235
15548769
11557579
32562916
26160572
44659429
43682235
23908691
21486006
19250666
19150662
23747472
17895353
17895317
16258189
15119582
13496152
13043841
42788898
29340343
24963015
21491270
18317208
17336419
27470820
21985245
21881830
17986811
17986805
19256196
17472793
21359199
20609447
20409913
16227953
19927175
21360917
21379561
21379534
21379631
16140502
18945867
15486472
21584335
13828200
15398237
18878460
16886965
21878552
19186168
11060828
15457890
348381
52567766
15457671
43588200
12937194
465559
16246371
21457576
16520318
6800220
16491019
39054
25597608
6440631
18866286
16127841
14429452
6480329
2325890
275658
3104195
255084
49589
16269271
21763520
21754799
19206529
17470305
15019516
20009001
17515261
12814703
14452325
7303479
10456819
18313365
15880523
10865876
294252
285261
7216551
2584556
2729819
82852
3007852
5215692
1305924
10083611
6444288
6504434
25597575
6240946
7068583
2621331
45600
6638686
10619497
3037534
7351449
7356499
13047451
2414028
607948
5950530
1388048
7110760
6514973
38326
6700643
6643524
2915226
15880369
15880466
15880510
6794661
336572
6015285
275657
6578268
6181610
3142
2086847
21984489
16028692
25487983
21496595
19150119
181989
42427695
5461162
26645636
40378408
40378481
40062977
21596674
19113277
25496381
26233574
7221165
21998974
7133882
1615606
2109516
1615617
6489824
3005168
1847297
2835954
668580
6984019
46117528
25869584
25652373
49560
1086143
44044683
276707
57343886
47472732
49517218
17649475
6584559
25947391
55857331
55577462
46200778
44394042
12732774
15083431
46616537
55324937
48576605
47852483
54709325
53183472
53248837
49310817
45688417
50441200
50270342
49970254
6279274
52812937
52488792
15083372
14735184
44712641
27473756
24044734
50713753
11069282
8194139
42747312
24252401
47064525
6646299
40693453
26492094
2945043
26170367
43127391
21564188
26030382
13362625
6984568
6984561
42243157
42795212
42755751
45957557
27621610
42273698
44737528
40716767
40780371
26746176
24882327
853134
9184204
9320400
21998981
1307970
43981602
49528
578387
41692791
43082719
16334571
24501753
15391255
15234224
19201561
40072985
25640397
41794636
22035629
21848801
12918466
26112300
17406570
40025563
24037683
19114731
13008233
142678
142679
11017918
18132344
26424665
19238297
15509965
7018843
25223481
1003821
190045
697268
2246376
1115873
10893363
433081
552706
6632644
13876185
665900
1474309
6594671
137723
6674835
1025546
6459697
17649917
21595633
3073816
1487248
2919537
1279335
588218
1577873
2987930
40431126
30157568
25651980
23958871
2727
94421
17264774
4982233
4493959
6820547
24814213
19072807
18295604
16287059
24885550
17897531
2591148
3381062
1257765
4350
8436364
40081455
1293083
7846048
6817309
6546668
100829
433080
42248371
47291547
14919696
14698846
17387614
26155113
25517554
19060165
19024981
28083151
10368787
7091964
7091839
3467347
21473047
15558522
1329431
1329428
81236
25888796
21442007
24034707
21823587
17248231
18983694
21590246
218573
6738107
4359529
218574
2820728
16371613
12507980
15333257
17045364
3153516
13943349
6965033
1878138
69984
9868143
4400647
3022533
3280979
7191041
3015943
5748279
3678073
255117
1282555
26107309
40703712
25640915
21913851
15954482
19012489
21942016
19190956
53188904
19046941
18189458
16874816
18737848
15750855
17228085
17526660
13688634
21415414
19028216
18591913
16351210
17839629
19206497
17006027
16804858
15954518
16127139
9694646
19016540
17763526
17271735
16732218
13455041
15455197
14566529
14566509
14527271
13498677
12770522
18306096
24331457
24331447
14749921
14175269
17389401
17389400
15997411
17055173
15666680
17049819
17049783
17049755
16284463
18367660
16069312
15710429
2846394
2070311
6785719
71864
2496
21952704
2495
51198788
49842759
20434241
45537337
44279371
15424160
31832015
24582030
24582021
23588281
21568012
18958700
18326786
15309065
15309060
14368026
10388027
18742039
25337542
24065528
21397455
18282674
16470051
6694706
6694711
6694704
6421777
3988236
3002711
2968948
2729556
38291
38324
376701
38310
255087
15702457
12937172
2621763
58507
2274167
3064821
548999
51770
469830
19221219
1687434
2394125
1383196
1204561
13607275
1713407
98427
2653871
1819645
29110
1978586
787208
759315
936760
1555086
349101
98476
632105
48716
1308829
119102
523968
98664
2354173
70163
211691
660985
15481180
289513
289515
6444229
10898626
6186331
123754
1048840
915009
343688
829647
776724
16695901
15834854
701529
16692687
292120
2564105
1879450
44842200
16686655
1159130
2506960
2298366
2588003
388812
347873
449577
1397373
349102
734664
1903528
776731
3265037
89873
954927
22857450
1246393
21930225
21383294
18229805
17769102
376002
18462176
719086
13018019
1170951
6652208
1361713
13380425
353491
18957051
17993650
6640036
488848
1011388
12903791
21975366
973
6563516
488765
417312
15367524
13760521
13136697
6264661
17234900
23744003
123227
21372021
421482
1994879
1916541
1994848
1964337
1994862
266205
1994850
2921251
2527845
283026
743541
626147
1251451
282953
283052
2789369
2370697
541983
613052
2016705
17308
398394
539600
1932613
3103465
1472816
803245
2056682
1521838
1058
6496787
15386587
15736615
43111779
47261476
16817072
6514958
6173971
47328239
10263582
12794654
2349651
17751533
6803537
362729
17348487
6551250
44701550
1178772
678324
3006609
120223
41874981
15088324
25873114
27268386
13155646
6556598
16999783
712022
99163
102646
505
14610053
28143123
15556137
1791718
41556552
15704136
26371778
18462174
42062185
26737326
21861745
16778447
17259372
6227933
2239854
2239855
1614866
1614867
25441797
26100382
23801235
23899823
5992787
6520340
903485
17016507
8944726
13436522
10681995
7869407
7869408
6992256
6288490
1916993
367130
293517
2338065
353905
151019
274556
1004371
7122639
11097541
170878
1904439
2616
2598
16082
550537
286186
1178754
170559
2917519
17234924
1003876
3304766
42670459
26574170
51246585
53403170
45880091
6537338
25327975
45216688
43127910
26208659
21444710
17306930
12873035
15448653
6966233
6892257
9505671
15152134
6254038
3302611
1044059
45880124
6337275
26873933
18147165
18147162
45878017
49045893
49026464
42676987
24817137
46369286
15291130
15291124
7099786
41796499
5799846
3281752
18067409
1452879
6160399
2652453
816845
19217996
19079490
17131945
8624218
17376418
1497942
15092211
13675652
46630
1030466
1375925
88707
2393607
13533590
7652031
41633306
41396000
222245
1099361
46139468
26731281
50872848
48249484
4548192
39894876
16636003
47289180
42174741
6824834
48102457
24802179
19232746
46932536
45421968
10023426
10023410
23757097
990114
17078423
44079578
45488310
1154846
323289
24035910
21548533
41700110
37810668
24090247
19056087
41226383
299699
409522
21758324
41367985
21772097
24034779
6239392
17109359
1219625
52156706
41407712
52668382
24877645
46616009
20392908
45247363
45738329
44825290
42401502
41194520
42677531
42856242
41914101
42264411
21734008
24349246
4073306
294844
2419897
1736489
339841
287167
339840
97848
6570974
21115
8055848
6247458
276710
750777
3516223
1263307
16370367
7352759
6756422
10897121
6748912
1561119
49594
49567
49591
10682121
6941336
6605975
13229154
10563433
17942152
18171113
10035416
15302248
13572899
54307440
41115424
216334
44803674
18330291
21916225
268138
352812
945396
44737652
421843
1127398
56634
723591
56624
9860542
959801
45593145
449345
1908199
6531286
41559233
3036421
1039658
1085107
2816507
241157
241147
653981
241158
241159
241156
241145
241148
241149
241146
981350
170819
833300
1903902
639316
2109684
1873378
7589983
283053
2637148
947800
521977
521988
557992
2034374
460093
6695339
52836970
332457
6232536
3516365
45670939
21543171
47769820
45518605
47466390
11184452
3756644
3152467
1388063
16110462
16109969
44878496
45240554
42951188
40809812
27117164
24747407
23588524
24077916
3019372
44601621
44320244
24734415
13466372
21431621
15717242
7179490
27323084
21977854
41130474
26627076
26627072
15063921
10622077
26647183
26015253
17283004
14992000
15396954
10617568
6622221
11130846
18299866
16444203
23743743
19237408
16974399
15230708
25386938
18773850
14982665
10041378
6808290
3516224
1273097
3194401
24074596
21869263
18172041
21432684
13431010
13392611
21955608
15559821
19058857
15559790
14504225
10797068
21517755
19035167
18007256
17650594
17328056
17032261
21947034
18984125
18956016
8827825
6329076
22002273
14784420
10885696
6279545
5835583
3529800
2523633
322963
10788641
6527884
255114
17983529
78807
1705290
10187843
14973175
18185776
16487679
21469406
14529811
10105819
11130809
14343962
6130204
18225395
14343945
11130678
12799995
15185119
14760560
16448858
15710600
16448859
403361
741395
744657
4902357
42815482
45218637
27006068
24254589
24254593
19161275
41122766
13686005
21533052
17002505
10261084
15322002
8767007
6958044
403779
14736485
7160763
14750661
1255322
11989242
6580741
10489950
48657886
53193289
48000389
45940004
44141143
42544625
41911052
41333196
45924093
18000766
3673811
3242889
2692493
6736299
21532949
44222776
27311259
43312432
40167223
39938827
24757140
25003590
19228554
18187177
16086233
1561678
48118993
26241830
21505929
19239159
1965767
41371598
47950
828772
1179040
1281488
45487118
56632
22895
1311039
809325
824544
452393
62283
46552
1019569
752222
824543
1441544
14734231
27116012
23755788
8124303
9071350
18153729
16004137
23561736
18631380
24652635
16720161
14295668
22082841
24082680
40296390
16923575
47989074
47790561
47469258
28133280
21488493
13570769
16237035
1498772
165834
2378259
2563630
43722999
102706
26475406
2563629
2389321
102738
18442466
16204047
25893307
21533143
19106933
19071266
43034146
45491135
40935368
1877799
45068724
26584435
25146237
21772069
15399924
13700490
13595186
40206476
22937338
19060160
21846255
19285506
18004624
16909239
1398332
2376430
44805656
24954116
17456222
54881779
52534858
52808787
49605901
45658143
44856479
41684971
64346
1278731
26213512
45049850
41817572
135197
17393303
19105998
21388912
26485357
2113600
26365928
26198827
694825
3218951
9279332
25352612
27680058
25756666
14768236
4119006
39860197
21527276
23587038
41739586
36428567
372912
864206
26503863
26392065
100348
22016548
15632599
333632
5747330
141626
534049
6208737
1348308
17335301
19153713
98598
1830383
18175487
9686589
21596076
16111988
15481473
3104479
922084
2354867
2497824
2337441
6466906
1889
1032790
196179
6749837
13403281
980612
423378
6954916
6505616
464729
4844439
464731
997754
46309051
16749083
51681900
21947300
46757820
21956967
18476483
50128281
51903098
50035001
46025287
50360273
18241731
17856713
19059103
49563862
48107393
18985364
46935
42959604
26213348
24957489
26492607
42701001
21509319
18643874
20550744
14654952
18643887
18281170
17955220
45794016
42102609
45565043
24938490
21835484
42077740
23911834
588655
24813433
41441973
26338109
601532
24083307
18239462
18538737
15496561
41895465
26111157
1973743
40236329
19108530
24512896
16455016
15088017
20960919
21593557
19201047
24067725
19140333
18970826
27075324
19082023
21760440
15872232
14458232
21508322
7150817
21512398
16108383
17947746
17947731
19071091
14532733
15482842
14303958
17961877
18256337
4315790
6472266
549027
385346
462189
495895
607355
3315367
11018050
1047568
1047578
1047576
1174563
788928
338684
987828
17120
362037
362038
209942
29286
29287
1549909
255987
4290355
17937923
16215244
170861
29231
834070
10432332
2206671
1059376
1300548
219254
15685030
328546
170443
328538
169345
169357
328526
86504
5723305
1300549
2169353
295954
1618706
1165126
252444
16120328
46934
14685275
255990
4290354
353854
255988
17460037
17833212
12917539
11363233
50450205
7300501
44685474
25593552
21483386
18641486
19015649
14532801
13415235
6578564
6208739
3292965
1992769
513849
491595
19059526
16890511
25373447
44193790
43205966
85407
5992203
25373438
14520389
40781047
23633692
18349971
22064782
6443942
21431596
13558352
18207132
6534316
92653
12788673
612211
1213210
717770
10427444
180654
7296470
13386246
22429787
18257365
24939835
23532411
18303654
19262242
23755472
17994515
16194573
15329851
23842258
1157294
11365842
13723409
7220999
3445126
7910279
21547706
15664859
680399
53188917
53188926
16313841
18430370
18931225
18971554
39891152
18282029
17389441
51879110
52535072
1188455
41341687
1112741
59257
49030873
48012501
13810543
47294674
27251661
40159220
21871423
18455512
48635024
39839163
45644727
41915721
59256
1357368
21923730
89324
846970
25696212
41726452
19251417
15664
6109298
21525856
7269944
18212082
6588789
675123
14528262
6588779
19255858
21525854
88871
46171825
3568899
21588303
19112288
19112233
2948679
15802416
15293932
2556437
18079829
855961
3323351
6521952
15806498
14341432
3070629
10868180
6748862
6326398
3060454
2174932
2169936
575503
1052714
3214266
3214256
3214275
19060540
18770948
18770939
43082415
24666061
45466455
42990995
18644832
19163833
25606007
44223587
21898919
43977786
26156208
18086691
24237799
18522327
16791637
25384385
25791215
25973318
26034736
26365849
40031729
6486826
21936326
7187869
6544454
17826003
14324794
6857193
18147619
14810791
5581464
717172
14604425
14394559
17780480
19055352
24954161
19127701
10965894
16990352
19033873
478507
81248
464931
3297436
119497
108557
18146118
38284
18641697
50354236
46003340
40166922
48575244
797130
3201807
44116682
42817037
42422169
14615333
2529437
2482869
1641139
25576
944240
17973055
15769214
55375908
7314702
6788394
5753516
15634782
13152549
11571654
13578278
6874180
4427
7083414
6594900
6855830
2908940
50765232
5388950
2425310
4803009
11434042
50764498
5910727
6264660
7915919
7916099
462130
7036603
6264657
39843
10547664
6830900
3268255
6518737
2840089
2807
5708057
486639
2257034
3056586
6491560
263078
273837
964289
6302600
833322
1115679
16083
150057
3134978
352265
3640889
681851
2085455
1502522
1401031
1561768
2824238
3812827
124260
1086634
556864
1761917
170340
2501180
170350
43884
23899
915097
3305523
1516174
1637893
2542028
1229981
1003754
1053103
1053106
29949
29953
29951
29952
29950
2810567
1791354
220896
1791360
1791361
1698688
2988668
220889
1698691
106935
255660
106945
1154196
2371216
556375
308170
69154
56024
3245318
843796
2984315
1924582
174325
56549
1349278
3284714
469916
89413
391430
164037
164040
973002
973001
1049755
966723
2617095
1387706
87638
166318
467595
148747
43685
135107
1281031
67028
615405
497308
486648
486656
497299
2739609
3173960
1350551
1056111
914162
128564
1817638
128568
1817640
67025
67022
48877745
578566
25142328
18713774
15711276
14917209
14698063
6966555
3022711
6966542
341261
19153841
11013640
14633278
561950
561943
17623510
2181118
352910
718553
6747256
46861
433190
847798
1149648
3344054
7177586
26526181
14617612
13641934
6804457
6319050
2334167
3278874
1477248
10261847
6741942
3072751
1171200
13361365
14547720
7374951
14306141
13301420
10450081
13276540
13276527
7416059
5268814
2317373
608067
4506064
4505975
3017330
2609436
1469073
525788
2756763
636502
39017
525790
39015
525789
1413423
39014
1171651
81237
478404
476486
13185442
14636209
15433346
6326568
6771186
304165
7164936
2417251
478365
3595839
2958208
2451331
1650940
607976
279064
6357284
2903602
2639048
2799714
1242019
2612567
157628
3140586
21109
299405
1241948
478442
1740535
921887
2964226
2963789
113614
1485483
2892636
1089566
1790612
555650
1790603
1790602
556264
1398640
2098958
2098946
555642
1790614
555656
555653
2098891
556354
1790613
1731834
17161
10491121
1170046
43113504
44901216
46061074
43196374
44425139
14849405
47250933
45662506
47250255
44814717
43324088
42694586
25784713
41951499
10682443
18081183
26431642
41612073
42169206
25630152
41125528
2738696
24586184
19161274
19258981
6190346
19929493
21869241
24566430
19285956
24035907
19206674
21512450
7164512
18983909
21584972
18097461
21526188
13420646
14399969
19110010
51824512
52108863
42472829
45648255
44534336
43015987
43239096
13747781
7542680
42165340
19267664
22617550
17468767
2970290
42505940
40236397
984888
27554189
3224200
2153013
95225
770217
21846188
21936708
17352232
43216
6130020
674547
7134311
16342483
16709363
3965558
2868909
21748871
41081
1121132
41083
46010373
48249573
18462029
15776231
2305062
2057093
40062013
26032938
21521602
41870852
24034540
13533441
26366052
17348369
21938396
19158383
19354068
7410636
19058165
19184200
17435671
18305207
15809029
21545629
21471584
21495195
18522338
19082177
12061762
3320520
16284685
10874302
19092689
19068734
8262461
15418855
18946159
1103585
15546655
10281972
9694809
6853342
26829810
43063302
3599885
3171286
42579664
930983
2167139
195958
9706514
6228042
1699290
54731467
49584035
54850843
49996985
48183733
49179044
45844282
48118988
48316512
42362451
47824680
43167918
44987413
42967221
44960908
43266179
24948406
43456315
26457997
41303405
26213318
40031771
40167128
23582669
26154481
21693849
26680350
25808131
4649870
23592767
19115417
21911325
23535264
19228262
16907093
21430265
21536022
19278522
17519336
15796225
21468147
18127772
19239488
15155389
18265056
19017916
18266560
19022572
16370337
12785399
15689944
7134937
14959653
14891196
15173853
7294256
2914569
13162053
12764164
7844846
13181406
8200956
5770312
6443873
3428658
6645754
3204029
81266
6458793
1533094
6172222
2846471
3918538
2746808
6232439
3419216
1705292
3071235
2095997
10968
2351007
430907
95876
1098801
868566
34036491
21748688
15414344
431340
431338
180343
913653
761474
1090467
431339
1681976
9694925
18368047
209552
1737268
1121902
1121891
1121869
1106183
1004338
25882193
21856130
18127809
138929
575461
454134
1108497
1589445
1108496
593987
1589435
593955
324508
12479679
41209756
52120452
47215502
45105464
42955197
44829328
43101258
41385283
24757170
26321286
19077833
15655441
21542279
32046867
16014010
26031836
41969429
26542471
1236096
29786
25548310
13121244
6474283
4768235
25095533
14520606
559406
1328439
11098708
6474279
3516233
17867186
1204699
1822814
801148
14384069
2547225
572966
6564483
6174795
3516372
15755613
10411073
2332195
6759903
3406943
188330
135934
514591
815104
3174726
6542896
13339527
3296924
7360591
633098
5776233
221905
124755
124756
500364
1182867
6874083
6776106
6776713
265813
2644588
265823
7352761
6776112
3516361
826928
341111
2388053
336343
6622277
18477576
905253
567793
606270
606268
1006548
175308
57676
175312
175318
18472514
48522061
17833269
16801856
15720046
1193226
859023
1677050
384251
1115313
975095
1214027
1900
1188478
6357187
7366702
14471984
44430631
6669144
3650283
25204182
619740
13732326
85702
1341447
6417090
2505778
15458735
2824669
1003424
627909
2882264
948571
2504943
50882544
44061547
48633304
56481268
54660596
53297949
49993955
27143623
27143416
26175853
50548983
47106510
19251914
27143579
26175856
26175842
25891599
25747009
23979571
23979565
23978435
23678285
15874418
21911190
21911304
21911293
21911228
21844883
21662375
21497326
21205645
19264730
19185119
19143198
18964494
14425025
27215265
10785816
13362769
44968978
23894606
4891941
3227269
3809267
9217818
40316163
19167316
40069860
18076282
6099894
19170521
18089515
17927204
17142254
18220741
18244689
16655109
10417007
13551723
6247269
5214039
3813623
6245936
2331446
770224
255111
21503638
21549877
312364
14367089
17914786
17319054
17371726
13367210
16546267
17367919
17352118
13367196
16673931
19109181
19024114
14612562
13444179
13202110
13024053
12688312
45843828
17845486
6358472
18200461
25377467
21771164
19115716
9619604
15466372
14525293
1324389
1180806
8621948
11580916
15248487
13663150
9675026
6404174
26406959
23357804
18323806
19052833
18769953
7416863
6563937
6135599
4485086
11006809
10764641
2887005
10924638
17770723
46727266
45835781
49894931
26174247
44094715
26213250
41122777
24797641
41186237
21846293
21859799
21456971
26484337
7373286
21533313
22427615
21809347
25789597
19136890
23906790
20923719
14644732
20386810
21769890
887894
15830154
6035808
14655684
1891142
7185972
13100750
8590363
16151349
14629956
49844163
52129918
42926561
42818809
42794689
43456243
42037808
43067029
43888289
45809468
45312374
45258114
6399493
43172800
1470488
41365663
41326068
46148851
44706255
44706242
44706230
18696934
26656552
25753117
50381786
14410124
6224210
25043626
6770286
692656
40011431
24801925
19395957
25482543
32011648
18738091
18373665
17590251
48197279
48197270
48197273
23974511
21836056
24879271
206045
909002
6883902
6883899
6883901
6642328
26405550
6072769
14665497
51257302
49943793
46898008
26334556
6468413
3688350
47441583
50821626
50229273
1813544
1041125
1218534
569533
1233000
21881587
21363439
19121365
19022245
238642
16303709
19254026
48574799
43476961
40728424
66390
75393
2114760
602380
19266349
19056138
17495533
13163404
250710
250709
1868553
24803707
7205605
21599271
1266827
6799527
62357
49647672
600104
19098532
8272349
34499
17438939
13486714
17052313
722575
1215780
48253660
18483999
41344636
929590
836000
41086
250708
2440721
4334943
4506003
3923428
26159354
55219851
23754707
47467435
26732702
50697801
42808388
52032628
45774034
52001413
51732005
51296354
50820985
50630269
50400634
50124092
49796118
49471487
48862082
48299771
47816426
47314282
46861413
46127773
45923503
45672963
45528910
45294677
45133708
44909003
44654565
44480410
43939349
44314363
43208893
42263441
43684082
43406054
46727690
46030383
48647728
48141573
20386269
20386268
41815266
28067635
24802259
44360419
19064133
17866516
15382960
45846728
15361593
42906683
44988975
44726458
44997233
42439891
42991656
44044899
39943161
40713679
26629659
42797145
21766185
41366104
23584227
39943157
24953499
26154721
42395633
25981456
24904368
16448864
21558722
22728595
26177807
24750231
21423409
17910832
178773
24815686
24552572
21382084
23686450
21496528
21543173
19023208
19023274
16479819
21436544
19118237
21996696
16750067
18516336
18204838
19061706
19211417
18340496
15768539
14998447
16719487
17972446
15322668
6174945
10336808
7270438
6765939
14141232
6357209
3331086
17218849
16402288
16026461
16872448
15685530
15142500
15456759
18984235
15234137
6767420
6788873
6875993
5941075
3050742
317795
958139
14723643
10342774
7174225
6609463
5142673
2306021
1592489
15027452
14650236
13402087
9694379
7188573
6875653
6314163
6140099
6914813
6474297
3787033
3147269
2145444
255481
2738433
1933716
2175276
1432343
2433937
2470618
3516216
2440967
1253572
1253571
718432
1089124
90121
90131
3186492
90124
2906381
16626366
48116389
19233926
41194964
44044224
24226
7827829
5702670
2288010
6208864
33617
2919250
2637508
1188433
2926067
2926330
43159288
24425824
41117725
44892268
42223814
41370388
50512715
50890450
1964566
26608786
24064642
6764853
27534886
46227558
46932551
42377000
44889409
13621213
40174592
25122901
28350172
19093507
2077075
4970492
10897116
18231612
17793261
16201644
18244277
19249259
15715063
18129096
16315984
17262868
21417076
24171977
23971326
19113117
24966283
17165760
19187690
11557604
19152584
25363894
25363891
13760821
53427646
41892991
40160453
50082676
39861727
49668212
42063716
26332798
22005265
8169451
43762565
6459897
1801897
174367
2411747
2207008
13147838
13545782
3617922
10186256
2336786
15124407
6698078
6570658
13656112
13578513
13004412
1787093
6358235
3876507
19285394
23643454
45047911
27680024
20269383
16341406
13779846
14637125
16500426
7113573
20393233
19187813
24493201
8854158
16997145
13235408
18415663
18129947
15750630
15705696
17587285
1596407
99165
220154
24570326
141268
2268326
851654
141265
141266
26688049
1325013
1143634
265817
1143628
571505
96799
29356
816599
14428945
18870053
16372368
17894014
16541069
16537435
16334474
14279954
7201713
12807671
17437858
40783698
43347694
15702658
98255
481303
669322
40062035
44534379
19107159
17368655
17540053
14148379
10948136
14618567
16988518
21773144
284383
284394
284398
1030919
390325
6474599
15083890
22128987
14836594
72501
794769
763453
763449
1349671
763452
72494
72491
368181
855718
48249481
50329705
53505399
49993782
44574218
21400883
26729226
41054042
15708883
18665223
40167162
15544018
52039090
15554388
45580771
45578980
17563424
27467073
13774969
19128951
19111315
23730757
18970909
18989715
302958
19070279
3652507
10211428
19207995
45106017
1128509
14895598
17165654
2925978
2926086
4044194
698115
698116
505040
505038
505049
25096188
43130169
54960132
45813779
19258458
49706115
48300521
51667250
370863
4479
5992768
14609381
3186906
701311
19034
19018761
13116828
21466973
21452890
19138943
19245071
16173548
16173552
7551347
12947136
6630598
6846215
1715221
6752978
12946647
1547880
1282537
18557835
8472822
16189428
6232304
939929
3494969
933015
10281793
3010404
590145
1360776
2537353
560920
405636
205867
2906304
209079
2278661
1360778
15486446
596849
2896806
2840524
2827335
3327491
14954706
48888704
10521955
6608857
33615
26427463
2099329
24258155
18713130
24201998
15756263
2239286
6558833
3414354
21376643
23594414
42785759
45865605
24588385
294303
52268770
25983986
21991685
13340896
2209582
1877676
16833609
6956906
1809617
18131087
7004753
15847165
909090
14475205
6581337
6906328
8156242
231754
19075808
6175207
45237862
3268256
3268253
3004380
3268254
3282469
15099150
11207798
18959276
3596547
2252814
10783923
1407092
5774782
24878978
24878988
264493
18079881
15255881
17940933
2671175
1434221
435474
7209895
10281965
7162375
2287181
4463856
3032860
1130147
2694663
3173709
16389111
14706545
15883874
1539240
6500708
1878679
3334006
1579084
3044552
1685458
1451099
1642576
14815151
171033
383181
89325
132686
340988
65949
15784
3398501
21567843
7104481
4496209
2302130
1892426
44045178
50960722
25755280
15248417
40160458
21803378
25867267
16780211
17042622
18972191
26937014
21965206
14669852
21454058
12026255
729904
8203701
19150640
18776506
18776456
685512
2317050
1673859
7377693
3332312
753612
178150
6723923
10187
6723841
6723840
9882
14523924
6473246
40708395
24884797
25254362
16949549
19156387
46924845
14954089
45404363
21858997
16308045
23858530
18983830
17901802
15750945
14741176
14147655
14529719
13718670
5489722
14563292
14261707
6654052
10281706
12935850
60542
3687997
6471762
7290732
7290248
833318
1375814
170837
170898
11426863
14184178
14184077
22297124
7248689
7170709
6787100
2117042
3460836
6785037
6422989
6564461
6554671
6478604
6723934
5571617
6169563
170857
2408951
1228802
5002281
2828675
1794583
2324656
4834466
21113
92998
2459520
6357204
2796040
3436448
3247695
3278889
638781
96134
3247694
1819754
955983
1858985
3354319
2078934
21111
2193031
70227
435639
1200294
448796
833279
602376
1231526
1034479
1108195
1034522
1034517
1108194
1034486
1034478
60764
1668831
60746
1042879
4414
435397
200205
200206
170842
170810
87868
2805
14796
162547
124307
776003
1282987
1034482
310401
198421
231934
3235955
212439
101851
304160
489538
49143346
1013892
18363953
6746012
5750647
2979791
1718764
6653010
960354
810836
727657
2407806
727648
727650
727646
727656
556373
556175
556371
15011850
17817408
42706595
25806534
2385756
26330449
2101779
1810159
2101778
2101781
3420291
1816348
1829467
18417697
6861102
5106282
52260944
43540185
567344
1111934
16213794
50549653
44520524
32824112
15548701
25785403
21869846
42752252
42172158
26542273
20503019
42748655
26539834
40316944
26574724
1599780
1785998
25474846
16081876
40856887
13158140
6464266
25073432
21512463
8684965
6233855
486329
2044393
5315740
3103729
3061632
2348316
539583
1097436
2943014
11390827
2471953
390296
135571
385070
390320
30249
97420
487256
390303
286163
14547794
2190843
10938648
15522826
17395755
2190809
7348330
16003996
21741210
24088841
3087500
1105908
29227
2564066
6514032
10393
2960733
516105
1394270
18461154
2585826
1129239
217454
267460
1179193
1045854
48519
2044383
143056
3103466
3103467
1851382
2997530
1090927
595583
595592
256672
48579
1020490
1128634
1364632
20829
92800
707918
25647
3431
2179268
3103455
48521
2411150
56431664
53578072
54980945
53479582
19114567
2635073
15133166
17651812
15932408
13603080
12796192
14939188
7514703
220738
3308534
1008418
12823575
7045904
1952938
2042814
443186
2362701
1479402
5183265
6631468
6631469
2635074
4419544
2118648
2118649
3981653
738489
3897220
6962373
3897221
216332
43002101
44877826
871005
42395459
42012342
890905
55394526
628210
52841464
45158718
43192758
40813974
14512877
16973216
42813426
28161908
890904
890903
25491512
24346448
7358997
6830899
44828548
16479627
14781784
21935571
19154607
17846327
6433486
5347604
890902
17286791
14742127
13556294
3168881
1635921
24581882
17043251
25742
24670884
40332081
16838855
277491
872459
26868564
21553935
75067
138158
694823
987279
449519
449520
1458502
94469
449522
1781880
2767391
1837961
13536680
15939516
13610262
9707139
1762532
1171077
14299
10282114
8815
546048
1128511
1994861
4218
1792667
2505200
12651916
1270234
140099
142745
25805396
1037828
970287
1037829
1807663
813988
1057
62915
3050557
51273230
24983011
14616573
2015541
32464091
379796
379785
604597
2527229
19192398
19106579
1688160
573007
155261
2336411
2442771
1134103
349891
50690053
569682
15749434
21769730
26531071
24251959
15952303
41051615
41894283
19041288
21405992
55593887
43981601
43927831
17026788
21965242
21814020
6898201
10537863
12458845
10230316
6444404
13140429
6736476
45497863
3009813
51342
14243275
15588023
14106575
18080684
16213007
1137661
1137662
561860
3638908
10540883
6776179
2804099
39937905
39937903
40058424
39937902
40058423
40058421
39937904
39937901
1771872
218511
10282187
45619690
24157000
53391510
47516831
46023314
46607531
41820616
43192190
41912700
25100660
18112300
42794706
6657415
42062827
16770427
21864678
15007840
21768468
323387
25810349
48752068
42756235
21930358
27139388
518635
1171819
15651887
15159120
2496103
11066482
6856262
1003656
832564
1872421
1629048
1023122
1003667
6561935
4992849
2964209
2963740
2964236
2963999
2963703
6538830
2963811
2961645
6417353
3323601
54693689
42703420
50513729
45140498
44619544
50411432
25272201
48603346
49842059
47684017
46063736
48287199
42807983
43480676
39835616
43530910
43132956
25643722
42168182
15747362
25048389
2200915
17029005
7219660
23156227
24673387
21832237
24800469
21538497
627701
15783423
21979930
26126137
19138992
21861176
19697424
24743138
18642912
16109291
1470475
13678210
21380305
24793353
24875145
6886872
9876647
16737758
10644232
1716143
3098693
3098694
6585568
6736027
41935536
26734625
40041351
6761428
5215160
24484894
42827254
51885102
50576783
45925863
44738535
44694577
45497192
24252421
40059013
21533417
40690264
39903751
26064511
26635303
26319308
26226640
25757835
23687910
17960844
17521030
13818747
12797168
25381926
25072928
24671209
2863666
1028716
240864
16259245
385726
27325928
15253091
26372701
26208753
21531216
10537527
14233294
18146466
16932823
6960064
18984802
15753447
6615075
21484229
37137011
18174455
14830184
14151531
25866646
8549470
16065182
19010897
16991624
15746543
15556620
1492327
43376079
14250517
19262830
16672650
19234435
14766828
23909819
6690432
14545498
17372726
21535988
24992915
18006470
5438222
15223788
17882739
26217695
23585800
21387507
17122890
25426319
24586851
21497845
18283350
24952624
17666077
18935348
19139319
27706307
15382961
15524342
17065173
21466995
42788253
42678451
23855245
18462892
18605357
2958088
18605359
2168992
26747965
26234066
26040410
21762413
42756698
43014590
15650669
18462050
13179661
2169264
19929564
824466
26328383
35289186
19055582
21371432
14521359
14717237
25692068
43117588
27680721
17985045
25096151
26323750
26145224
22292158
24243586
21934925
19232932
24243799
3118873
18004638
18188765
22035285
89558
1074142
179493
6626182
3339382
2245683
7162147
16520515
18488214
18308594
1791151
1129588
1129591
1933207
1387380
2816562
6473912
18274434
15932037
19473888
17980217
43285011
18982957
53040757
45899371
55530685
17424315
24192908
44997224
44874875
50879283
45924715
40376036
863638
50543984
50323989
42746818
41358491
1398349
45620926
45576732
54140516
53952944
43150534
46307811
51856493
50687588
52268846
21816020
1303918
49484625
53103039
45762437
51187708
50875790
1761500
45244753
26577739
21474396
26069298
25730843
17014142
41325226
24990336
21595844
18264359
25441340
44222643
16695823
25038209
26158988
27103894
19199472
15108604
14722860
42819670
19197125
6170229
25538806
6856120
21974017
926255
52146842
44748620
46010298
34490
62480
21512424
21495204
1897383
1624573
6861522
20268325
21568200
43454734
44487733
42815370
183061
183062
43011838
40101665
43550733
15117691
17851891
17851063
16534118
18239299
19133979
16647960
26959156
21563832
6228178
6139176
43058441
21955670
18597276
25262531
92896
16759662
589968
15104836
13536658
15359148
16069830
1231819
13943357
15224837
16120882
43325382
40856427
40957104
25378388
27209018
26965697
43127821
54098368
43314142
50238003
304162
51301488
23985976
45648478
44542785
41347369
26880373
43076069
647588
309613
2254040
41189848
2674196
25185626
45364482
41369152
44686258
357332
26344800
298997
1412707
1341012
23583397
14604184
8741117
14320468
471792
3764686
1246077
14393769
14393754
3344324
14393761
7332405
18462313
25965774
19252673
21704577
15779974
26608072
34378008
26625224
19202597
19202596
18055095
18155575
16665791
21754087
14313342
22582486
21359725
21903312
17811048
6808286
19256937
18567907
17939245
18309254
14617694
16121930
13282347
14128813
21399069
17013986
14753447
17454511
18176330
8231091
19009578
16448361
13406888
6768146
587955
15257293
16419776
16847473
16204500
18272097
19040563
15872613
17774741
18131442
18351483
18443883
16779388
14082710
17616575
19062881
18957870
18488574
19065935
17950269
13380314
15490466
11367302
14175508
25280002
21511017
19012223
19265921
21379402
19201165
18843471
17980877
13001362
1160689
5749918
6398616
1929525
2790654
556482
5138053
736267
556483
26526377
14532721
353004
353002
24733611
42247015
45605689
45522468
36666223
25266790
14394906
13942312
21881127
21806447
57728035
2385747
80927
9825999
1032171
2336951
1157007
2841471
21765429
1357639
2526899
381595
21749379
14156711
923907
2926100
1200145
1146498
1577162
1484033
424366
43296988
44709849
21493576
21963116
25881927
21470629
24747351
24754047
3843088
3653442
106943
106940
256065
3179609
2957
17877581
18610713
14854527
531606
1301795
8944721
776355
2438187
10877731
13273241
6799328
14298280
32215
5138180
6608711
25318455
6976092
6976093
1361856
1132874
6157354
16319429
18822880
2998756
170966
12492437
2431188
2904641
2925218
1923648
52998
3110639
48334339
48332992
21396251
21362099
2327009
2964446
2964233
6696595
6815185
49323303
40221617
19035562
42673095
49478918
574316
16213001
2085513
1278719
6696599
6790994
57734819
6815180
50555654
6813212
47306975
16067061
170189
24624032
18197736
25731900
15574021
25369841
14530925
19117158
19017667
21847956
17286161
22013226
2610066
25003921
21755802
25076306
25002936
25136363
17343159
19134514
15455989
16274434
17186194
21383690
3175715
15974386
14318452
49695260
47330660
23581745
21951290
1995110
15377544
13605106
271567
6793608
1112981
1879130
2510311
2419154
819143
34486
34467
942841
754989
611957
416279
6420503
2546196
3239005
26123586
21365274
13103986
112171
22003005
10635930
14609494
16022268
7069237
45251033
41132857
47791577
45584323
49591038
50648019
46914682
46876609
45730233
1252265
7296562
26656372
45740250
41371684
45911680
46098721
24256919
24256889
24256902
17379465
41132851
18246737
6364444
45615775
44751819
24673074
18932696
21533279
5199793
19239708
41405
16205280
21477013
19231525
22307538
19178064
23983135
6532363
877225
16037104
5757467
21438445
15026514
2478886
2111580
16309727
14363180
18269887
15087473
19071699
21495444
13078947
16748369
15111285
7173173
6954402
654752
14836576
14836564
22208131
25134209
23904466
21932461
26859243
25386972
13694375
5594593
7232508
6565079
7393056
19190253
6163064
21532906
42082469
993584
13557923
458264
518628
117577
164437
14763791
1107946
2999177
1129062
2265576
2334644
501227
1907827
1883139
1505517
2000039
614148
450845
450877
1171727
794353
2157654
2471237
1171816
1979484
1171732
2561230
6989102
16105
372630
25969924
24497898
44515337
45306892
43721083
18968712
18365174
18105343
17581664
15399884
15858906
6374135
16715179
135049
21800531
17350241
23683035
29660518
10648650
17368574
1802581
60209
1762531
6664303
2582661
3019032
2168981
6275645
10617225
2393357
2711215
1550165
1128546
402026
42382646
451565
1945430
60229
1003777
60205
939307
2393370
1003743
2341123
2393369
1107945
809179
1756415
1779679
1760364
1592086
6191271
1104950
339591
1173956
2341135
3419
1874236
2201617
7178092
6791409
6195299
2988030
19335806
19144230
10786314
14380650
13020754
6605318
3331082
2629708
1055883
2988026
17460948
7352756
17297
276935
225335
16220657
17130563
2265054
283359
2913502
6374042
6990298
1137599
46729
3207183
18891
873107
92798
14400416
18364641
13094132
10894567
6357275
6718652
854454
1704406
507563
4420781
3714679
5723615
10437291
2003443
50050
7860898
23901806
25735115
1043745
45046034
50601246
41951491
44737355
50650404
605325
15093395
1624063
45761421
19108672
48575044
2731769
2153306
45756972
43910210
43265330
42752002
40061982
3360323
45625376
4289157
41450526
42819799
43962998
42819718
39947224
42182461
28141648
25404490
25784278
25778908
24976631
21452876
14363104
26678782
26150244
3014104
6590890
21520850
52352021
9213401
2308943
8986392
21800322
15750890
18339182
21515054
14293390
16177154
16712148
6720801
7050408
2263735
15381265
1325197
15072320
15535101
14142719
15297665
13286326
7374960
13455193
13003542
6831308
6571825
7347558
7086752
10247228
7217579
374240
6823690
6854290
3432772
7129947
6982231
24999275
6628690
6593216
6303264
3160490
6444390
6760458
2464448
6460728
108913
5728783
1426958
6189444
1605351
2823184
5333596
2903818
3215584
6478271
1137049
4333653
2225392
618882
3646123
3646120
49878
1493093
2704060
690160
1188418
2579351
1237170
2002462
10984739
15057519
6715803
2001207
6270026
1825519
565870
1286505
7721916
1219614
417388
1297455
3311950
3141292
52006546
45974526
47442855
42083909
24338263
27141920
21484411
19694680
18352947
19255364
18255995
8455012
6317845
45587878
41419441
24258340
21359485
2898547
21890688
50867364
15327078
13880950
44712861
28973
28978
45362594
24509410
45711106
48657999
46003793
44044892
40321000
24220610
21892830
46076358
45900369
10276330
25429566
21437797
24086515
12873608
12873605
31322207
24154189
10891574
6163646
2174437
10743177
15736628
17490853
17985526
15651065
12873598
17505758
15938190
109890
3056691
16219041
6544597
490630
3601953
19234388
2419286
25220048
13694331
13694319
10862046
7229636
5230777
2740168
2180805
1069267
685507
627827
1994891
999334
8771329
7360371
48165365
43348977
39920782
27207387
19167278
53741308
53938820
45758288
51963106
45695391
48167235
44862272
45623078
42170945
26655511
24757238
21382089
40861674
53998343
18642925
48208058
24952597
22026688
15287078
42661824
41070486
32009979
42817599
52813743
51951939
52016894
17378981
42080870
45720777
51171474
48427681
45216889
45268508
43195892
39951923
53025912
44282794
42460655
19049118
21440968
21440964
29660349
24588528
27354878
41320654
15938163
18110002
19069405
21535985
183056
25089153
24661660
18473545
21440957
26732271
17620239
12907462
13293175
42720484
40091912
40091878
40091870
40091850
40091864
40082189
36208774
34723549
41875667
41875657
41875651
41875647
41875637
41875633
25594588
24659196
21861640
21527390
21527375
21523842
18364020
17303642
18364022
17574334
16272760
15962129
15871999
15871998
14288082
2373780
14889014
14204795
13046731
8940470
7002884
7008152
6594998
5138097
3471666
2355050
2355049
2355048
556486
556485
556484
6835019
72013
41428437
43076870
6578831
21376811
14940258
511574
41612065
24900064
25095558
18347031
13557123
6818791
24155738
1399376
2007633
4766987
1939817
1757278
255113
209476
212101
522816
558554
1038786
2509650
19285982
59169
59170
418875
24171705
26586196
41286924
19136666
14889264
16755740
24746970
6739623
6999990
2481401
2481402
336567
336568
336566
19025510
18262688
21902173
21902165
17368699
18342864
17137980
13678203
14523740
6796709
5687356
1705297
2431168
431588
386403
10932584
3471066
2922514
16392986
14505811
10971750
545850
18154114
19107455
13576531
12815136
2536938
183520
6692457
15591249
17991105
16109281
18890
716075
51586838
49584011
1811676
24587060
15571737
45629367
19167528
1338546
996232
53788486
736287
2465754
991279
367498
654642
551321
894692
46365
1098703
241348
163871
44309301
45610082
51197383
53087159
50105397
48127456
50080701
42062186
26792276
14805325
41626142
21177200
25085577
14400815
16636790
19113492
15334636
19168072
17761328
21447136
21593737
18431632
14731136
3477404
14533105
18633844
6564949
6564952
7023451
15718942
1928290
23840635
24334323
6564942
19235779
16021185
25528179
25223025
7165256
6880472
13733853
13343962
15634612
21579967
19133777
14415927
39856699
39877493
17368936
41361575
26128348
42456363
42029510
26587871
40068155
44304494
45179238
42442372
26226827
42457394
26333000
154837
2471974
21911534
21955497
291482
6787167
1978600
299406
2190326
4993624
60128
602354
1067000
5019000
2238815
28975
44604986
26655675
18550489
18550444
13363389
15081393
21935556
6740069
6740049
6740081
6740039
6740064
14998089
14998084
10552649
14998082
6688027
10552650
6688028
6688024
6688026
6688025
6688022
6549706
6549715
3471758
3471737
2395017
2395018
9073951
47842747
997017
23716
32387
1305282
1291931
38013
1291930
2176423
444019
23805
23798
321326
321323
23815
321327
444020
2176422
321320
46981877
2395639
1030891
2251660
1873585
1604180
49525013
45385590
22480504
45125370
21526203
17295113
6745783
41995532
1390611
46938495
48858923
43099639
25441832
4992600
25441794
25441837
25441835
21389038
42168667
42002482
40771149
26890481
24341792
20267504
18523716
15969059
41358770
16826314
13414639
6842524
21357075
16427439
23457075
26728941
23401806
21898355
17156848
18040207
14610433
13485162
10422359
6772339
6273321
5093679
6627901
43385538
24895595
255341
1178918
1318449
93483
18713241
42377985
27334802
43216974
2353359
93482
1387511
1041972
1194897
1318439
25632609
42162445
3227218
26341081
6113619
1513
16594
16590
25337668
1512
990467
990480
990435
2054427
19039841
16706363
41907782
29262962
25735009
24966014
23576511
19260288
16915580
21494430
21591812
1550917
19169551
14650660
44997223
43076479
6675493
4232625
9636121
1398418
15558776
6679421
7166226
4067087
19121535
17625718
21955621
25808004
16978955
25095519
41122358
15100638
28099420
41115731
21466227
31454628
43068458
21846173
51766424
1196056
240662
240664
2454739
7164517
654751
3435306
12629435
16497151
1132353
6366640
15371735
2452022
538777
42746679
24499267
18362674
25779686
25464643
23651645
24155168
23861541
24588165
24151844
18940446
19070250
15318427
22248834
23222442
19150028
21901467
15093813
15684676
16791617
18965236
13713453
18983844
21426779
18608383
16592176
16177157
19075494
19034175
17530822
18059967
2024149
11115348
40295047
25790701
26227322
22620510
16449781
25379170
8697884
26532865
26408615
22376983
7900881
6894913
13837295
13477446
1727109
13597737
6676019
10396262
24494435
21752094
21364894
6473748
18201282
14538091
1959935
589967
2936734
259994
259991
6492908
1130182
1130181
269520
1178936
10885699
7348794
2475793
448795
1533438
26759
6871871
5199809
2083286
246880
13005707
3144669
481560
790107
45605
1050797
6643703
4546803
425535
288994
101796
24221
2894301
2349533
415598
662904
662903
415600
17361872
6779930
6232535
580678
580677
6506745
2780145
965627
3738784
531672
531669
598879
9258854
2266628
33599
14298250
6525564
14544797
11047455
2350924
15854169
15299432
14291529
17152038
6228303
2376324
15279280
16414904
60231
40302372
24806485
6911285
57735734
56651478
57707063
57319010
56907930
48117582
50655266
56425640
56237392
55164642
55819037
54861883
55013445
55332922
55243162
10922477
54737200
48300131
54537062
52958872
53099512
54005870
10662570
53568951
53061244
53397559
53184746
52984602
52612396
52819967
52057644
52057578
52018647
52021713
50674085
51739596
49910597
51678639
49250379
47840067
46569915
46155669
45655814
51426460
21523092
50721926
49404329
50828777
50818320
50674059
50674068
50202825
50616666
50360870
50107908
49576794
45208979
49833674
44415089
49018009
49733050
49591292
49620512
48618161
48077660
49313442
48616140
48874668
45595985
46093389
45555779
48577876
47064524
48089490
47997057
43936843
47450637
45279471
46891491
45149562
45833793
45757760
45336411
46661462
46211186
46107497
46004169
45922617
18226088
45998390
43248841
45479786
45555912
19107064
16968113
45423051
42938331
45142192
44393573
24095982
44977024
25433352
37509418
44756452
43908961
43122784
41353425
44685503
25064599
43915154
6654617
40860404
43151063
39661156
10685080
41191209
42967268
20389138
2747547
15736027
39939856
39939841
998755
41622026
41378046
41378030
41378025
18114723
12745067
14521370
19150976
18739512
24897867
18156758
21998969
5296092
3973772
41191222
26154974
22021614
18081153
41050501
26135142
14532824
9461704
6488963
3756710
2369859
2230245
40297891
18060801
15700529
13445577
19241284
13419214
25387945
16332208
13095066
8694794
9878177
21541354
21376750
18987023
21376883
27319693
24037829
26578090
26171296
15949855
13298583
9312428
6761829
276706
118820
14946251
25380526
25703796
21939182
25380498
25380481
22933668
24665479
21870298
6134653
25187731
23555789
26406116
48806820
42743397
21446880
6258843
2514655
1308220
2930736
939293
55903
3167212
271175
89561
1261654
1887208
8809
18091885
2156773
3312939
1398420
353268
283010
2179204
1865411
179263
60249
1383207
1907379
16179287
1105577
18251662
24493884
15052323
11078017
6587991
3144106
218510
19066436
14816653
13822712
7144176
19054760
21855986
978413
3084097
2385813
324416
15385152
398895
1164234
29606
41850099
19206967
122925
938076
1118061
3132988
1118139
1046727
1032984
618922
17363
516753
970804
1118062
1466334
1228085
379783
1087260
223744
2261682
18969287
1309341
13674104
966756
966753
52610063
47454315
18341788
43082760
40791450
17052700
6912417
13630390
6749788
17581417
15259729
15736146
25993322
23628062
17326110
16069455
24235968
18327258
5820346
21452066
6853229
15736142
15736140
24172279
18157137
13343509
14592302
18087248
17383136
16310079
16271326
14431286
14347696
14587070
10644198
13461924
6351295
11007714
13396325
9623530
6551896
16729968
17972564
45312378
18748939
13029425
5721945
52170819
45262610
21821231
16224887
48015693
49918002
41440019
20585429
46227547
18610205
42854424
42009417
48127432
46276694
45247755
45949900
42427472
13977069
16959890
45954477
45872046
21861208
44702518
45471732
44890623
42038126
41367297
42470763
40175982
44323406
44070829
26643523
41880833
16655580
27110214
26687504
26037974
25538410
21508524
21508504
23895397
31181076
40182698
25523273
25440442
19107069
24897979
26917111
18315426
19027961
7038662
25050481
20464900
21856137
21533352
21538659
21693853
19102174
19075528
22515162
21876211
19120438
21435036
19101838
19120452
641624
10546362
5288839
17973158
16479855
2757028
17029601
13405809
14443485
13719836
13609540
17130305
14106483
14521624
15030184
18083151
15289264
6695088
13419769
5483956
10411090
6795120
9848735
7865197
7204119
2119396
1088050
299409
106068
6440615
7193777
6493164
6440611
2438311
6892513
1703978
7157920
352300
5272861
6694702
7212076
3688060
3034114
3034113
2494911
2494910
6216551
2284410
562503
3331085
82741
1923539
599769
255110
1138469
461984
304157
39327
39326
39328
40223686
44897384
16146984
21869323
24568906
2427568
1936493
1936500
464969
43014935
55801193
48249423
46035178
43530433
17048855
17048878
44776572
43013012
43680050
43227716
45057212
44282885
43476792
42550181
25755203
25781890
13609559
41050511
24160577
25130926
18974521
19239106
22010052
21589818
17393338
24160715
21867243
13085892
13051846
22085584
18714302
21441644
14894785
14300283
1798613
17433957
14119879
10230258
7085204
18000729
40698123
56191100
54759814
53637963
52459368
49572602
48857426
1333312
26469891
26110281
23859008
44827959
42281619
25740609
42761753
25740612
45238188
1877722
1877759
1877750
13201479
16410159
791377
61024
2600969
1466345
1232599
2028884
440780
629122
159010
1369471
1502479
10621885
5193967
6278003
450922
1828894
1012796
1787523
858352
859375
38776
18362271
41470919
7564284
15239041
17375394
21865680
18072128
18222825
14789724
6567139
6540142
6586649
15009400
6540148
6461479
13511474
14199530
6461295
14597593
14609626
14572829
17915201
7806230
6855305
17913233
17915325
5251291
6754435
17470367
16688267
17841189
6683639
16496956
16411033
15362663
6178504
14860406
13156215
15616762
17915337
17915428
19285608
19207546
10326881
6749994
17336269
16843173
19136805
16411063
18545428
18290308
16411095
18635813
16148701
16148717
17916200
18303277
16411135
16411051
16411047
18290393
17336219
16148656
17913807
16148673
16148647
17340120
16148642
16843148
17235988
16350934
16032472
16148616
16032459
16032376
15681601
16032445
15681578
16032365
15681638
15681632
16032423
15681635
15681574
15681489
15681552
15599744
15678299
15681564
15472258
15572489
19046712
49968990
6328149
1813704
10565249
14526241
43372015
45556436
19981022
14949281
18264375
17579117
18183974
16753760
23979663
1802582
649937
23901613
759671
2542024
1059374
1315572
1121935
1220147
18182117
18015113
258470
2424247
6217232
17149812
8701461
5124661
48292921
14465787
10740556
9264296
6423921
465974
19100010
1369362
867
18311967
41130558
7162224
15535689
19067303
3018977
1717464
2336947
7347684
26688035
26688022
2773922
383788
21363598
21417079
6611823
1726249
1729233
946083
13473833
25128526
24743818
3815618
2241072
10972597
6949800
14423778
15115529
21902963
21526692
8802711
255086
6474145
3259105
15552391
15711101
18111717
21902136
2770637
16669337
39894971
893435
13732807
25987812
21533270
19107333
3078954
19257831
2206446
1003964
53186285
49456225
31831835
48012732
1934157
21549576
19220660
18172972
855
1848671
1848672
2975460
1087453
11632
6501785
81603
175757
3037741
13017616
2926090
2925858
3396128
15537858
8836940
6485985
2950170
2894220
604607
1677250
1789199
541978
1673147
17235476
11850739
7355328
5895274
2144072
289022
2372529
41178436
16731103
461938
21383469
2718470
1023926
144659
62503
316018
1862679
404697
1862678
42139222
224633
19245526
22246673
364231
302969
42819818
1325142
21761413
27570868
42018250
19114523
27110239
13476114
7375106
41856
18235020
13119603
48693139
44193661
42955396
66456
26542493
21554978
16316102
542397
170306
1242364
1718003
19101515
3192354
18464378
6657515
4833958
18132839
5298839
14572536
14547461
8193079
2278326
14635550
19365
930587
6539241
6829290
2797785
6405877
13453261
1782540
170881
16094
16087
2295582
2602
2613
2617
45740056
9213169
27437867
38974194
26406059
16438752
1109105
14431213
21858256
1705038
21591489
19385292
16997772
53362942
48577030
44359465
43003538
24665467
54795861
55468019
53643079
47750746
41497420
41497379
46881933
1342367
857451
20387808
24337573
21932170
19031719
16408369
42577198
21571431
16915080
4230816
3704594
6512554
14612068
3704556
26567950
40311627
29719831
25584654
26327453
28143320
27018773
26466398
23585363
21883760
24088376
17301824
17301776
15151732
15716262
23392722
18564653
3704482
18576371
23756518
23692943
23681683
41240560
26620811
19192317
21963328
24661816
24034767
40175158
41824344
25384237
25149772
15103740
45658600
23963283
27833532
4075456
24575140
3679389
1654823
3327028
42424366
1777516
1479741
25077398
25082383
48658908
48658825
14199506
7921323
39949551
57406890
2960816
17411497
50211982
21886036
21892386
25788654
1805783
2073140
166852
21847559
7646901
1754703
347933
6259131
266064
3331080
990220
2437919
87042
1754702
601179
1958792
29325094
28096028
18178974
25040110
23898944
19071559
13151572
2290819
4030880
4030682
14351060
6627830
2906784
1352687
736746
1892696
3086587
3086859
3086520
3087077
3086755
3087018
3086908
3086456
512667
72522
72520
72513
1561868
72507
72509
24327917
3086429
3086400
3085762
3085730
3085677
3073795
6804618
3073754
3073640
3073500
3073419
3073377
3073317
3073268
3073179
3073112
6722026
3073010
3072720
3072563
3072525
3071319
3071259
3073238
3071196
3071071
3073122
3072973
3070987
3070871
49968421
50854343
49944977
52666399
50833657
56274855
44924386
44924385
44924384
49954357
54097500
48784844
18096750
14918432
10284706
25629913
45517455
44583447
46474716
47590034
45964090
328731
40081801
45214705
27448414
21622235
26102144
24155805
21928860
18444063
10548901
3526970
21374272
18507733
21446901
23958223
6117193
2477608
2477587
2043781
42955447
41118531
40276609
24384886
16697423
7514705
6868151
19041172
15542924
41706739
23643010
14431009
26569741
25384201
21431976
23588093
21431853
14296422
4995732
19040238
16368889
15114900
6420202
34875
11225900
2096032
17418
973445
34886
6383366
2919485
8691308
529275
529276
529274
17492845
50212028
43591184
41813786
26643213
26174348
21512505
16786541
1115507
1095855
47982
2877033
505251
69157
2510310
2777615
25628623
21644822
16386834
7051030
13602310
13602353
1876494
6523650
5150570
5150572
6459625
241210
3629264
2928877
2582956
2582936
2005547
1900551
1493282
241161
241160
241143
241154
241151
241144
241141
241142
15714632
44297080
43112863
42864585
42413359
41461808
40350098
27258866
25491131
25312657
24267831
22003862
21880858
21400470
15124985
3909061
12068742
36066
45335275
1527392
390308
390322
390311
18161591
109313
390332
54403019
44689409
27108239
27108240
23821491
21582712
25790367
18305227
21437922
17300620
19191362
7285497
5236017
3395115
2982587
2954521
26895
3017563
26900
51819
708430
957676
785030
1096509
957678
785032
438379
785033
771945
51818
448174
285420
12925396
49158043
46837358
46293083
42904182
451479
40780925
43131911
3182587
19106659
1088933
31398936
293240
26590475
20573
42755438
3255032
18706875
254023
25100815
170858
14707031
19176634
15635368
16095
11220561
2754534
6639869
14977814
824926
16098
1467575
362927
626395
626347
626388
2445722
626369
2253010
566437
2526464
576959
1270281
1637860
576960
2811986
2811975
1952516
16088
16101
44057342
604584
202762
71204
271735
273481
2081848
16910905
2758234
10473
2964258
51603373
49955594
46061436
43326013
1191017
40912257
45165661
399616
15710439
42024099
15106429
15307427
14419301
15854891
15854918
17308491
21423988
21527396
13925459
13925458
12943750
8940421
24511006
21544409
21527378
21527356
19184996
15486073
13663237
18363987
5390862
18265531
21523877
21472570
18363985
17329123
17329122
17403718
15252550
6878060
6528131
19243127
15293826
6454385
1006894
23723
13018159
10230290
47198285
50359200
45998865
13389889
46061143
46903616
10735784
45642232
26479680
18164123
21846195
43193104
3721793
531527
531531
531530
531528
1105907
40389884
2443812
2308565
2128357
41107512
25387041
21538163
2002301
26683967
21566984
21982690
11128284
1807532
52221
3431138
353975
7269604
6910227
426649
24750218
28069043
21533125
14625541
833551
213938
333013
24065134
6810560
21480549
22818520
36041
21733838
24757176
352957
3193368
1592028
215796
2594
648709
29228
525540
1229397
352724
809083
2817882
1856646
50193
856939
1240740
276709
1047149
2389344
14824887
15088243
16373093
1577031
559543
597974
2513402
559544
86431
6664581
17048396
501475
14346450
531525
18537276
19012593
18670864
19107495
14578543
16451711
14958970
16404567
13965764
14557348
14222930
18329689
16518687
1371793
1383224
6616758
3958015
408506
19362
49005106
14568215
42095176
8985441
15490413
15979322
13977486
15459728
13125790
5774516
18613196
4816750
6549920
7257896
7202166
18901311
6549914
14261022
13466920
6632703
6538618
7275292
6067894
3399386
16097
2660470
43283
18472696
6300301
1279051
1932589
114154
1776045
1726064
2325901
2895252
3060428
106003
1270252
7106763
217458
643390
6676256
1651452
1898384
522367
1298297
13284686
42915871
1387412
1387411
557424
454335
467721
1928171
571236
3125260
571256
409411
1171829
209995
1877041
456375
55625
1970565
55569
2044365
2092983
4816699
74266
1046266
965411
1387397
1933249
1774046
1665500
3056443
3056448
1129587
1129602
89485
2004032
89478
23367
2661
2516959
1786829
6309704
2762950
1255160
833474
21822165
1149732
1387534
18288298
44540668
26039264
50304438
49861341
43194195
44997268
53497880
17870744
19068214
50590891
49293564
43409684
16956001
46137285
45928856
43906264
41247940
44947144
21422996
45663360
49032844
27549719
49759848
44882112
23985544
47457622
25435135
17785938
43875156
18020400
42919425
41471014
42907267
569274
21453584
20411741
14711879
39893515
26585213
18983824
18626233
26571513
45224593
22011089
23896278
19253701
14990237
16769769
16929021
25733772
41852847
22016866
23928814
14425665
18577424
2958163
10372098
16587312
18571198
14253273
50650411
45129853
15163477
14377167
30326391
6246293
11149393
13246456
6770290
24884171
4416767
9510453
26173502
4056259
14198276
4507799
10282048
3092358
15468872
13434438
6514935
2810
111876
24171936
890044
2981392
24892653
926162
551434
49454915
121121
3010470
6179649
2251965
13588638
1503898
295293
179979
3288142
751502
909792
201589
1451758
571237
571218
2168606
255118
604598
1876482
360866
1811767
2916594
18220
43234882
19427020
40775594
6917512
44352693
15735994
43000939
936672
18346338
45459655
13353568
24575055
19290570
265132
966670
915295
1407164
2824921
803171
43215991
43215980
43215987
19121249
3014258
140287
42083474
879718
7173260
47826217
45208022
42792043
19180940
3185401
3250394
942616
1913322
43126095
48457937
42030616
43193238
42030607
21582536
10733224
24152385
42386247
26041
861353
21752889
3462747
23858947
323287
15376611
19176624
14669870
14669884
13512158
17985653
93587
1937310
5992770
15364019
1122517
11184633
1433965
92976
6733326
43446228
602374
1386854
409550
638017
440765
1362217
6834525
2899519
28129200
6974751
43230493
21579977
40772888
44361797
15162518
17441441
13535051
15327056
15302064
17363482
12908333
3128900
14576976
289600
147740
25048935
1006895
6594996
12782453
12782462
12782457
12782449
3856621
8940597
3856620
3856616
3856619
3856611
3856618
3856604
3856609
3856614
3856599
2251648
2251649
6357264
2251651
3217926
3043933
3043934
1938569
1873613
1979141
2297825
23793
1291937
6584311
55038896
25514741
44007035
43528613
16275671
34215889
2231439
47332722
1819929
13308833
2310445
330495
25977440
15011803
41901727
15719446
23850617
15701208
514458
6264654
16536320
25428259
26232955
25877747
24679204
21911270
21534300
18420539
25337512
21406842
25337566
2745
354703
13397788
6982871
6803815
5389622
6803671
6874450
52957837
57997938
46913191
26737306
46914530
2248029
44854748
44534252
27669927
44961299
24502382
25142321
18464395
16537151
549918
3918521
10546366
3363883
1217389
3964530
608031
34865
218053
602382
594072
15027708
53939120
21846907
52469565
2919091
6599678
1356128
2919094
25978054
28356003
42243303
43820652
24878030
18364032
18364030
637019
3981652
10270501
6269945
3133524
10728111
8014956
51834733
2897047
93480
506769
266091
224737
2068054
54029
374095
374116
2153316
1486839
2193245
4979588
3281763
6837299
51449012
54946140
48682039
41850344
41096665
41395963
41912946
50513059
23633874
25055679
17235499
3028943
3004356
3117282
21428817
1125437
2995200
1561956
809362
21428828
21428821
21428832
3102828
1253794
1174075
6440618
4546860
2667181
1224930
7401386
551450
5245622
53286704
749624
23640100
44881910
42859855
41189292
21972099
40851109
15206785
25470699
25959757
25959756
25959758
25794770
25339412
25339413
2312276
1423895
17829945
18442007
17390064
16267507
13532001
13656455
12582432
26522317
426645
426650
426651
2558993
2324717
1198836
6812309
7315201
2610357
19258321
14889011
12905140
3897218
1701868
9504963
6444304
1237180
19079807
19228647
15471924
202761
17815256
6805059
1856647
4086467
347932
3162235
570534
328764
2527788
224707
51777682
49898123
40878341
13134276
43328882
1529707
134945
16451704
905827
3518
17976650
4183036
56016392
47008505
15895073
15333129
3459343
16763145
78262
10273507
13445087
2084962
6432656
26977366
43193759
24485336
24978776
21856072
26977367
15255958
2423477
21548171
14556391
23857279
16827221
18920444
16187295
49752792
356058
52609689
49794918
22382845
53437770
43167599
1391552
20862060
17575193
7323002
828
44899230
29173
29182
21440583
29179
25336186
14313566
42820078
393573
351232
1058887
1206422
81625
2741917
2700833
2985548
2700801
2391381
43458105
26036155
1344718
859276
378412
43082634
14613500
17132305
16486586
14119894
15686441
6981630
4008034
5137982
41109298
27545451
25146932
22011346
21603565
28303846
25001220
22006042
21499768
18141265
58557
21603551
21603543
13451227
1497658
24903955
21979351
18183267
21522372
15938174
16023528
353259
18984910
16974328
7105552
2437753
2437752
14300281
10867267
15961061
1274482
13535804
8730243
13421496
349445
16646417
5123020
11297893
13018221
2724
1153790
2726
1153789
41034658
24568443
21811182
15381238
9604
6711659
760383
6754366
16117259
6231740
14580007
11244947
16588755
16656266
13629767
13306538
13459547
15740141
3735339
3724771
4023980
13458689
10094764
2098361
27562919
3112483
2220816
53428144
43457954
2669540
98023
26576862
16423029
13301213
871078
44161355
18173952
20410993
41320525
17935609
19063923
443963
13417090
15690629
45775771
43492207
42292811
23859207
24506270
26755835
350316
229838
19287745
19288140
19286694
19288679
19287158
15186602
13342563
2220786
2220788
12926020
54123496
54099459
50368953
51171097
51145253
44866132
45517731
47804011
41873830
41874782
26487691
43894242
25537538
19037114
17844611
2246277
19267787
25873032
23898092
41477631
18835738
24066387
25479259
25121344
7292204
1301017
24757230
21515080
15932248
15779624
11229598
6375678
3140829
2527823
1656456
1475463
957085
17248289
6964211
14737993
45897241
41823454
46106483
16929374
45740370
44622250
15918699
45464183
42713952
36424192
26150827
9218223
9218184
18536664
2742092
758746
212405
2131592
988228
925829
924623
645172
16737506
215205
97029
15691950
3228613
624788
13714573
295326
949438
21108
5992786
18041673
44682447
48661709
48661721
24512841
41316628
47112406
46868243
45915605
42788632
43910528
43702584
43243534
42756707
42461565
14846392
39847620
27110205
26961079
41068105
26372429
26746379
25697011
24037826
21538833
24593703
22001106
23841117
18104456
17832873
21995750
21739850
17516888
18878769
18526038
17885080
18714132
10840275
10840274
16755082
10840268
17901095
17348462
14208188
16351624
603916
3209053
9685712
4632897
14627773
2860201
2730259
14280561
1505311
2756959
7221237
8389069
3151878
328354
601307
321578
1337735
30059
180721
30060
1094487
1094489
3286030
310028
441813
968928
1786235
2789348
968918
495086
2347878
1800204
7258689
191998
21856303
6823081
64640
13373392
2064181
41097377
42907762
6776435
17944957
154201
705991
50648581
25790139
21574769
946090
284730
6541230
2308905
1856903
2085468
1693774
6247472
2320002
1179403
2186139
545828
1778865
219059
2135974
78273
109986
154835
478447
45727466
2712472
2073233
814021
16450402
26122112
19077197
18983943
25402680
24246098
18920368
23690803
16292296
14183681
14763751
2982422
259993
41339836
45724291
675181
13134625
18971756
18437852
3340389
3232549
18172320
370008
17116113
4992623
6122437
43202
17022293
19126185
21552456
18941410
19100290
17433114
2694635
12925751
14529711
11009202
478428
478364
18004186
14752133
1090887
2589565
6246372
1090891
3440598
37522
15131
430521
619922
381225
42270645
26232953
14159281
15459675
19104007
44762775
51852445
26174368
50079918
1268308
42376295
19154377
47803206
539598
43560263
3253859
539601
644707
40878900
1892118
2446565
25257725
24661595
3103475
1432887
1422138
831933
13376221
3103477
7307645
3845844
495713
495714
495712
1542460
2444575
14235034
14832539
1606433
835338
13318865
927014
787207
6661591
580513
74046
40580
1408393
58579
613556
263303
58580
2904888
586570
2926573
743397
1825827
1446207
2222173
1807529
1103346
496028
1254021
1479739
1743970
1892637
388821
1825866
970397
2634354
178614
2252979
40219933
24662047
255108
16170687
15016235
14815971
19073634
15254826
10682236
16333518
21509430
18264664
141271
15724391
15660724
15441969
15351642
15252416
15316550
113302
1205854
2994137
964542
1077671
1852188
883851
2881144
2282661
17623317
19099751
21938041
23849119
40158081
13097421
21946208
15588976
18468534
19095327
15248979
23681623
1639098
13344802
56563
17440512
18037562
15121049
12908561
8329667
4958838
909084
19019363
2801152
49446707
15967649
6735405
6680902
15044703
4103652
2419739
18525442
2498876
23908952
5216497
211737
42787069
52057413
21587708
44414244
42870137
28349202
223686
6398950
40357908
43203048
26174426
19178702
19190783
735965
3296295
1065641
534712
2360366
1912591
1139516
2323457
703918
460442
45914219
55506810
42713969
41114872
53060290
50807898
47460126
43507223
46118379
45775982
50329696
60182
23987743
39917267
49585955
45252453
44534169
48254703
45363361
45068676
43527076
43193391
2274802
44307749
28099421
43013247
25384382
929493
422657
353753
416086
26174306
915099
18128401
21497650
18483991
1329550
3271555
1269884
6856408
55592
14351882
13045676
19158242
6234174
1796997
879721
3642573
1023898
416090
1661034
13089070
221764
29047
29052
338931
1018473
2075589
1270160
6602402
1004657
40910
1270171
128563
1381450
1380633
407944
123899
98622
6058414
6915345
743153
122058
316060
3064057
390310
604574
6035603
406888
2854236
1336666
2903660
45633097
43974133
43221852
7404407
6503545
46516829
48006456
6208654
12958102
26331984
1192663
19192934
1028710
25492234
26859068
1129547
25046657
25095518
24962500
17355393
24490104
14285490
24162407
2975438
19075638
18970835
25435937
24881734
19020414
14346008
2947682
23756338
7221201
21410367
18295074
16119392
6640382
306544
16267648
17644383
16320155
15712223
1814449
12051561
13498667
10868166
4030686
3005175
11142617
6488472
335549
1247755
6068214
482759
818615
3220896
2980845
22000642
21975814
55410918
66346
44460269
66349
43082730
1387917
42439373
2369020
1662342
3950216
2964303
19218973
955522
21870230
307688
18202648
17131992
3167615
484158
18557150
82862
6473924
14310980
5104266
135569
13428140
2548393
8135269
1115217
1409205
7268992
6772613
6649961
11229518
13283821
3080212
6861266
6838620
50669011
439336
81982
47373
818834
45873028
21407299
2498824
20408110
6811741
9867709
20391559
6253366
45110085
16498551
15378428
42476476
23858942
43323922
14832636
14692951
42864145
18878425
32729438
44427737
19068295
18608777
24068971
15068916
54145455
52708667
45810072
15859687
49446882
47306624
55490454
44393131
19058698
47813208
379136
2341067
14532264
13348362
14095447
6913777
6818593
3630402
13436098
21541326
19106969
17361876
6755766
2134976
181990
609809
653201
81260
597240
7145291
19262579
42855661
14646524
43123828
1964586
208735
1233002
503078
390835
281793
14212906
24172275
804919
2611807
531529
19133026
2397783
2526467
2397785
1425840
513894
1265698
406790
1907094
2989750
513893
1251298
1840118
555169
2960849
555170
1850586
1376683
1805412
856177
1016655
20574
1270028
2337952
1251299
1433635
1166181
1877476
350388
94424
1153787
3884828
5333173
2622071
215802
2231983
187397
215797
16820
1368875
224839
2183157
2300162
717999
749595
6763122
944150
3901380
3686391
2957586
3394353
23845627
53293963
3274768
15371415
2158029
4657854
10526128
19082095
17890804
164046
13629690
6963058
16686500
2143025
15386726
1073972
240197
9264
6434123
7282559
2840221
6419776
4590998
4590997
52699659
54152520
50095984
45811220
19128547
45361667
215291
21491967
25467174
44930491
19931066
24950614
10546047
6937324
15570344
6848739
21706250
24746543
11143247
17178163
13837308
523951
42803230
49296911
44508961
46003777
45781381
19268638
16789468
1530649
3024829
1127505
426653
26344127
7289026
170348
16263651
17916213
21739789
21368011
21983767
24074883
16645272
6886047
13346038
13378982
2221897
2196462
25272005
5192748
10281620
16270334
6423549
13291361
15093599
9621635
6227364
13581215
14011210
14067744
13492118
10537554
9694849
10826723
13291317
15633232
2513618
15459627
1731948
698993
536323
890342
3619513
18258112
55290589
6668742
17374270
54266833
40168802
41798229
21733962
51577766
18044485
16507131
18448707
24882294
21570399
19130723
16379114
15917853
48721885
18672681
47779339
26744110
13281507
5994694
45800532
43236290
6574111
45337340
18305354
4876414
13203305
44622945
40847015
14420564
7167533
25217344
44551141
25320532
19042410
14605100
25027637
26163251
12545977
15346731
25880489
2951473
26878360
42445593
41774234
27531988
25760630
25259163
18779843
15202098
15762064
444742
13696837
14577000
24257389
25419477
40861839
3253571
1702040
1143673
501232
18818259
14805303
13863634
25643752
6178469
15269668
16727965
3480789
5327744
2397353
5327742
19159420
26427883
19205965
21771954
18148048
16176907
14537115
24965721
13252424
13024937
17053509
17915292
17883026
13142908
17302276
18632807
7904668
6811618
17038023
6885960
13764821
7335942
21461431
3581093
18325291
6909500
17012631
683139
21944527
16304080
17485620
18228029
18577161
18969540
19152477
19814336
19013763
19231502
5301122
1940866
667299
946644
18468657
16388438
17635717
52214
1310963
56218
56202
52213
1310959
16028
16024
13397503
1372549
208267
353972
14251777
20233
38145
353979
355551
1466323
1466333
54118770
56431430
45807915
45751577
45696894
50833042
48683310
54285239
52197497
41642845
23634830
19167282
19253029
21856116
18061985
49039156
24949966
48122379
6282163
48686368
48575332
48192347
47270818
48013459
47752029
47324581
44416488
26038901
7210784
25701769
45633766
45578665
23692947
25130931
44515394
44160054
43719535
42574519
42472489
42418139
42342351
42109443
44082822
43229956
43010945
42910641
42794154
7325362
41328667
15555419
13719818
6449039
1125440
937379
955499
39963947
589090
937394
937457
2438936
16152817
146900
1559991
124319
18147288
827083
58518
26110702
388790
98626
927025
2083711
461235
18234367
78266
2367365
44482649
13623931
970447
44842214
743309
970495
58524
970484
1432895
26022162
760864
353787
2355685
33553
16807494
26682955
2598040
6152223
6747969
66709
1907169
926166
15005007
1324548
54848315
57423
792877
17950060
3588772
66700
140077
655500
1203150
757262
194259
16121898
32625
897056
15816257
16178063
16833928
11064487
1145485
1769227
288561
57817
3223330
551435
19023220
2278535
49694414
45092941
19226003
44804672
43969702
42578928
25333030
18639202
11045062
14352253
6803661
2543255
4793186
2446530
3222877
6608659
25427953
23959911
17393358
19930022
18735224
1073971
18246067
14211774
18347483
15952740
15952739
15952738
239475
7584
705201
1035065
7416050
7416049
15285247
304161
6643457
26746411
19167859
2162887
1645426
1645429
26537429
26321818
25033264
23749369
25395354
23749359
24070452
23749373
20386955
19167866
19167865
15740138
19054212
19054217
17278792
15740137
11244941
11244939
13629871
13629917
13629689
6677957
13629963
17341564
19138941
18614261
18135762
7977031
13356325
16117675
14061829
6481604
10256710
6158999
6739638
7187653
7369700
10441526
2934586
21995735
19152808
18459123
21365380
22983270
19143826
311130
1257094
1112961
2834150
106674
14582446
6739622
21939172
21857208
21433151
19334696
19264227
24566985
21521729
17867921
18468823
434333
50878604
16412635
13354431
46885976
46232148
46169028
26742848
18262331
50394162
50197354
42803231
48948282
44875804
44995526
44862249
26471097
1689272
23639239
15970676
6465963
1204374
185845
1492357
10899223
9848630
1938583
5886490
811576
271127
1223387
296417
745703
124266
15176583
3925
2702215
6537116
3304185
1214255
7331706
6898944
16057365
19092079
20455767
98656
2038903
17896332
13168092
158242
6830554
20409658
21829991
21830009
21523830
3746506
21567155
21411789
21430740
45138470
159041
14414141
41124790
45163785
231051
308411
341259
47469909
48784957
1365507
6246467
6814628
18523595
6999549
17489716
14396500
6610200
5070052
26249645
51034519
658855
3102999
50718320
47255237
19334710
47848973
42858949
24499900
19929117
14561774
24130185
18839697
6577192
14095454
19200406
14634663
18294870
21379496
11295572
297410
21110
1132624
3528770
1938561
2950891
19931652
22515182
45425161
23821645
2547030
2547016
457527
1560282
352902
644328
89577
45572466
21599853
14551548
1231818
1124465
378722
378717
1216063
1784542
93620
43037
48525
1188428
48515
1371177
48520
34476
450925
40079410
41463275
51832868
49489315
22298827
21858272
54329489
6499521
16210217
6681958
43458113
41612733
928740
526906
40807844
21414588
17389047
212316
3592
1721769
1893941
15232269
895830
11097770
1294759
1135944
2626
2501184
1711324
2294
1948006
986017
1095838
776965
1576338
1466252
3150114
1122298
2487859
788772
529520
1929989
170284
170310
250613
3179518
1881692
788861
698396
1099979
228346
421842
576937
1261689
877355
894589
795737
135104
295248
2268002
1010747
288949
6341
209652
53529598
1689997
205553
1637902
1027003
134958
587040
1913026
1140184
466711
2042213
2527250
924634
235197
78263
78260
1806944
2904642
652653
1695662
2362834
232414
60240
1105576
23880
648356
6625389
1791898
78261
209645
55568
8173429
81228
45201882
14399968
2741007
1104663
41559232
60241
23685629
1469484
40579
17292402
2839678
43201566
19695380
22020897
33431322
21775041
6600795
21770911
18533962
6699966
27321726
20388274
18464360
17499359
17148631
9408525
21356307
52063541
25604920
15715510
25702381
39969200
47925665
21512558
25646425
19103466
19102194
43111511
1934481
25324556
42204413
20009022
16402333
13492122
24652716
23858541
45116668
42070520
22629400
45017960
16578485
42279407
6623610
21972889
21823475
25337510
41889500
42482877
42916783
40257194
43312977
24963701
21802945
43135566
43016531
26915698
26068943
42863233
17978208
16398572
42698680
19017393
24086803
24941733
18969177
21360909
19262259
11069963
6922921
20140739
26366567
40100345
21355191
21856416
19228900
24679171
25974596
25311684
19034284
20468956
7285654
21474611
21492489
7420946
16712654
21614471
17005544
21581291
23850703
18978988
20408380
21832796
16053422
15224024
18736435
16352852
21795406
15436973
10754650
17792119
17489104
19023727
19173140
21888960
20550402
17383060
19228630
15699125
6859918
17057085
14590363
10890808
7384630
7384628
6696652
5774191
6488468
14835429
13402183
13115136
9193850
3404943
13893157
10662688
6373060
312363
6871846
41113144
2983043
21856196
14183459
13756073
17379644
16796705
26493363
26493262
23637449
28133313
26537434
26537433
26537432
11556310
6567837
6291721
2101780
4660182
26586916
24253191
26575985
1877818
41881364
25570531
21940722
10531533
21551646
19046386
7193791
7357203
8447796
6669718
12406823
14775928
17473958
15500420
50558588
50117169
47320148
42394221
25489461
40357891
2649118
1290041
10545800
18154127
17277658
18281050
14414461
31309
271163
271147
275392
275391
96832
271184
16179281
1321670
616842
3095906
969391
969404
2932284
416403
52342
56403725
42096629
45801648
45138990
17648349
15321870
15321909
22088026
15321960
15321711
13457056
15321938
15321835
15321743
15321784
13456958
41092799
26527176
25609387
25084227
22035366
22024848
40229348
21428193
5685520
4547105
518819
1575986
13569941
41385700
26620659
24095620
42442576
16228596
3915852
16462341
14944790
20434248
23858966
42777977
26577537
15135900
5729918
2970690
19101219
81536
8136581
9669058
14654980
9897272
9855010
54466557
53172962
40364643
19239194
21903969
13299949
44440240
42813093
27209029
26343394
43327764
42808260
24986793
27540057
25578291
25538530
21553111
19243068
229671
16214256
14425995
13218531
13716251
17115669
16242870
41365224
40319995
23698098
6224783
25897617
14776173
17357103
16051939
15724550
23636711
16121747
6458771
16406586
433092
1106509
10828360
56897
56899
56906
42384495
40929705
3517139
44081553
44429632
11133618
11249639
15340713
14749022
15493449
10732977
7086537
14520513
3921267
439012
343994
1375128
46023311
40855274
25778591
21985136
24362185
16225694
65939
1090049
2723
14341907
86460
1963246
822875
759689
14066833
23766740
17604399
17926179
25491449
25800461
16659499
39945061
24035913
26542472
23692680
21538130
19141392
78241
1007071
8686340
6162375
183057
13292986
183058
14513
6221563
2264166
6843142
3715091
1822923
6574919
64301
3903185
3010840
679275
645930
3161125
2478547
978718
1178112
3234247
2501163
595582
3138626
3103213
3095905
154679
779092
1515580
93477
170338
283947
749665
749667
19154565
16278581
15732087
17032286
3825992
276708
1933258
15723331
10796807
7359553
6514975
6343044
18194715
15727069
14168376
481963
528871
6329
6551905
41901934
323951
7164465
7164466
8126037
5359158
2332744
171403
273836
1936667
1398398
604600
604599
1259560
1862951
64637
866490
648770
3384544
263075
1008909
1334028
1590425
209562
7927699
147902
221143
203456
959033
203458
179099
147900
21856418
52171270
49031507
26737277
18958567
21841897
21802940
21464936
19268559
15229208
18233012
16736818
14459349
13345063
16520761
16234829
18929717
15236893
14014643
3225146
17579127
16217922
611453
26631276
49030993
25035100
56926133
47801916
187818
50379613
21466598
21466597
47816853
26490336
25959786
24064799
25310133
1724062
14645055
45497305
27679755
48564153
44254534
19156103
46621279
45966770
44634461
44634493
42479309
28215719
26746727
44274147
18408178
16209170
21768409
19929057
21483299
21355902
21410946
24740155
23680700
21776063
17423703
19030488
21774534
19203345
18684553
16627297
15778209
14686480
45947099
19098062
49993157
47465208
49993158
231913
43010734
2656
21920244
51414578
6890047
18467502
929525
2637244
21940472
19086861
19093477
19101053
17323657
15898155
4812858
627834
14513658
9120695
45088866
4019291
10695338
6775967
242535
14351889
3989981
6203195
6656169
2075452
22017239
592520
522014
55501103
48894353
50882371
726061
52061084
43866429
51277695
758851
42299018
16575290
37333063
212423
12435
14946135
2139309
11159208
13115207
378716
3506894
6799644
6771477
1916021
271105
44498481
26038182
16480901
19202069
16200386
2640269
1725977
8572
15313650
10076693
10154469
19427835
21456663
15269655
14252978
3271454
3370324
26112340
25075793
19062858
27542593
44758042
23695986
47453880
41113243
24884914
25366727
41875040
17557638
22112967
23976696
19108713
21871130
18445405
18157854
21371943
19058878
19022455
18625626
18135371
18135364
17387916
17468925
16920508
16189945
15443348
15228245
14568113
14483443
14037543
13379707
10842580
8943975
10539881
18310704
17868071
16332329
16073902
14401124
24492040
16688227
17383375
24381695
18013582
17396978
16378177
14116433
14998674
16075339
6472328
1630464
16841517
17055715
3271433
10663351
10407930
13401343
7505096
7376855
13332466
12828835
1032808
3911604
13475081
6630288
13531227
14465402
14846965
599724
6586714
15573904
14483472
13057248
867136
7394856
3271448
6704943
3426258
13110378
517285
25073477
13626118
44378515
25269022
25269016
17078403
2881386
555630
1507439
16691192
481667
7347533
19061518
48011064
25473104
629126
707224
6145724
6803736
45212444
45104338
23679402
54511603
19108616
44979086
52958764
51946279
51389060
49465738
50373549
49713605
17551711
50777999
50699171
48675016
49156460
48111781
47698166
17287877
45792109
41895412
41902955
23583456
21552643
41895411
21754803
25258454
19115695
24901878
23576348
19107416
16326939
467934
1351902
10468
26034704
42915370
43174905
45278795
14460319
41118714
21770603
41901002
19116918
6914823
13521075
75218
251085
975268
20569
2963739
2964050
2964497
55675574
57327182
57346912
55290664
54976330
26541546
50601876
49015869
46928330
21814421
45439339
19018268
44706289
13276481
811578
6154085
11243931
734203
15965
7416225
7377029
7145262
25337774
25337773
18465455
21361222
21361212
8977776
501231
50329955
43458476
26064522
2105545
512109
2347050
373347
220315
1645943
2277164
551764
282991
21053
48309
48306
283054
282832
353250
282955
282878
966676
282852
60676
282880
517293
1047316
1247830
788678
228340
341682
341683
341687
21921318
2172982
244767
5345394
21803401
6612418
430910
319852
13529809
232403
16830678
18495143
43369579
3458605
194807
13575705
1497424
3156327
46723755
24875204
21363398
26449638
15808990
14381042
166859
166857
484302
15501470
7355301
13276032
21999029
21436652
6510010
6264809
3437735
16783737
23862393
23862387
24286314
43450958
17700426
26030991
41694947
40145528
26958965
21744432
45859453
42454930
25264357
42710250
15275860
41039716
39006145
40180350
21937049
9376692
7210652
5327743
5327741
7210657
16668842
26111580
25655232
26624966
25655222
21751549
13010131
41363920
27191257
42035995
42088622
27190863
23912802
21533426
48185514
42576398
5992785
16481742
50550392
46230347
50248671
21467944
24580211
18286779
16639101
45216882
42395655
25200595
42809379
24593443
18135114
45739437
43076149
43825769
42443853
45104915
40104933
45152899
41529556
41227956
597815
11410206
10409874
10409875
43240186
54317755
41153055
26658852
26217581
42750016
181981
19072944
17233414
951947
25106456
23691197
14615714
13276490
22376371
7101109
24345200
2003668
3688424
6864752
16173
17242635
6847259
6443718
20132139
1489061
3429059
2178751
3203953
894407
15748525
15748546
15748526
15748547
15748550
15748533
273847
16402583
6534848
547188
19134525
21865692
219047
10230
2254439
10227
10224
10229
3005742
463686
4691952
48080708
2408814
2419008
730471
2930188
2252348
47590062
19068724
6238229
795581
9287351
1982775
14396152
19166606
14540491
13120723
15472133
54116423
46071922
21846164
46175642
45399552
44125154
41803946
19122632
18064876
16367896
12973988
50430647
41255516
42990070
25598652
42299425
19216753
26748381
25686581
15457931
10277217
1191601
21837135
18025331
14565276
5749835
42791806
21854428
948247
906582
23680554
921982
26016931
46054498
26732088
555278
2174626
10870680
14745104
25440424
21876628
21581925
465314
4927668
20550596
14347584
54132225
50441124
17027114
48183384
50007274
42657801
52510900
50371160
45382125
43580878
44825213
42972295
41195134
32580246
43014882
42453330
25489699
27677153
42458446
24343644
21939195
7174088
21983036
15321768
49782564
42955302
48715748
24493205
42827868
19183324
25206600
21936859
21936858
21936852
21936854
21936849
1118334
1418
25981463
1124535
6997693
565137
17227638
831027
7513441
921713
1250736
18971446
3095696
418133
21541833
58173
10011643
12509833
21497448
14402875
9861722
945665
21939164
3007845
7318612
16414374
13950239
45297473
43235884
43206701
40776948
25962129
6688260
14683981
1423868
1272316
2418305
492748
48759276
41817150
26163408
21846206
21739809
1415526
14359203
2276583
1604647
162738
402034
21536790
13684317
1177187
2310602
1818601
736271
1428568
736269
736272
736268
714249
57688
29562981
44903162
21860286
17552009
495896
6760241
788141
14801768
18080850
1179777
47291537
14046027
46597
2848956
45470220
44541820
42448191
15501165
2944476
23877325
2845551
259249
329104
10463571
47200537
43111526
24166623
25191083
19322716
21690967
6853336
21983379
18067384
19201122
1371658
18172240
19227594
18983802
25486423
52421219
47809273
45668996
52460417
23893044
50312907
49471527
13414693
46249635
45764196
24656259
43142059
10934820
4099998
15265494
45321915
44619637
44619588
45143101
45077623
44236143
42427706
41754869
42861233
42170969
26732395
26542305
24998644
41496947
41251927
42453026
41958859
40728699
27068116
40864268
21922761
21922758
21805716
21805715
21957036
15385507
40236344
19101845
19068977
40167046
25755197
27312801
21576471
26177248
24941099
16389116
13349062
7683478
18080647
13137349
6835017
4546957
25587773
25563525
6835025
23857287
26407516
25004748
14520608
16498074
21984628
23644866
19261041
21536068
17878149
18649061
17942013
22017995
21739840
21533472
21370593
21422056
18531900
14295717
3990355
3118991
4864226
2352313
1601040
462186
571641
21533041
22017916
9403320
21533494
19042463
18942700
21803826
19938127
19076390
17130318
16444474
21413821
22015814
21489323
18737653
16490585
19068011
18673933
18464698
17490948
17490858
15482564
13294840
14573448
6787098
16489615
15719559
18556514
17250167
19106991
17941176
17891357
2991389
952531
1003423
6134097
12899698
1003433
12452527
11018102
13538186
2350928
14555638
16350047
16235966
14285178
10658007
16103243
3634592
18198553
13523893
1134196
6548259
1134200
1134198
1134204
45046110
3479456
17963851
4025904
284852
3050466
1160139
56022098
17557645
59478
59477
479290
21865832
44858638
42266464
18316618
6453333
2047385
83714
362599
602477
21897909
17904176
53355980
47272939
17273351
26033060
21854528
21938798
21381108
21942835
19200608
1336226
171898
28293
42673500
19039639
27543112
18534207
55709288
45314378
43067357
40155663
19209556
17098632
25424242
24806721
23634827
25134437
25033380
1067002
21483365
19186290
19235381
1053303
778136
7232832
14735150
3054093
5001208
5001249
6171092
18096116
41193927
24760336
26161945
43981626
21404508
22011454
10997706
1182296
48435778
45351812
45351806
45129161
1484559
41620183
41127942
40017037
1671386
813841
19196781
18403064
53290123
6474630
19930274
15342676
47971467
47833415
2338719
14347557
18079874
51435088
43892251
53496082
49915770
1989915
833296
2589
29226
170813
794275
170877
1101353
2618
26544065
25984271
22153491
21943517
21452187
19205213
25268516
25004377
25004288
14155442
6712537
41204641
6575308
5941065
14087401
1353925
18009298
2188707
1271717
18045377
6163709
802115
298324
15925605
30588
41887672
57224561
21386445
18776712
50818566
20410464
45395580
39910164
45976042
46867801
40129646
43489577
47482234
25540534
44740446
802113
2217286
21589464
41549233
51432666
17701894
21582713
865356
41986925
41814655
40302419
6836110
26365802
127514
18710538
24034547
18360678
294268
6529718
263093
284827
2410245
284698
2931180
5494755
9047676
99639
25128606
1464457
11583148
1006229
6231690
294249
1098056
50875377
13713022
24044858
16741631
49825348
48195776
43694923
42869441
46921412
33731057
25426284
27058691
46518443
16989164
39284337
25516400
19026102
18483747
44809913
45681913
42708375
45630485
22084929
24992479
25983653
42577201
42577197
16138596
42747382
42411988
42750022
25635057
40703905
24568775
24480310
19235859
41376809
16739838
41696680
15914928
10775063
40878890
19199242
13012879
15469503
27431853
11350879
24738305
24754108
31804197
26757939
25885755
15335465
15867444
21809098
18538920
18473164
17923127
15176310
16223561
16338294
21485443
14390682
15639943
13961974
5379592
17373228
17073784
15160276
14863157
14740829
18455068
13351391
18223995
16072671
42990999
357330
3259620
52830603
52487499
25319581
43938872
26216745
6035784
10276331
21774658
2510225
25095577
21455003
18461563
18293875
15966126
3310086
14723831
4593554
52786914
50371284
48169001
44290114
40114098
41951641
25168276
46125489
23629489
42713921
10291911
24745487
18152492
26619637
18488910
42431604
15963952
26407478
22675805
18959402
15029238
20388263
19493807
21437903
18194385
18186
18208
1220177
966759
678256
935131
2590816
26864296
25896290
25784482
24934389
21473575
21473570
21856498
6545381
16584785
384380
6713228
6100455
3154505
10898614
4752072
499206
1546276
1524141
576938
4527480
323386
2595608
5389170
21401972
18357300
14893820
975083
19106680
14629669
10885694
221690
16023603
13454712
550448
6177272
7271
2416737
1475508
2622092
1140072
591569
626098
400463
349617
1203167
1685821
45254499
42676357
6505586
21861446
207349
16048
25033118
42397153
41113156
26519140
19017366
26519134
21536309
15768614
13626132
799081
25480758
1191591
42473605
25063061
16802325
9695027
44790612
19062218
42247059
21430439
24505723
22430128
26024156
18965592
25642066
15989055
17994799
21523846
25384477
26564636
13847166
13715974
21744170
8752
45130405
1771225
2381581
52268857
4667151
2056484
1431883
143857
567995
15782087
12335133
1042880
615404
615410
6300270
486655
456488
153213
19116465
3197616
1219230
279305
937185
2241328
743592
5489820
14243265
861976
118212
263302
1769349
977797
486259
968926
968925
1876966
49328961
44862797
45966225
45426319
45513237
25580276
26851926
25695172
250695
13487616
19063507
47432976
13032658
6540916
1259875
1309318
997317
3431541
41325151
23895290
16084285
15705432
18319777
21559656
19244066
18714504
19227342
17849522
21863752
19057426
19147133
17951676
48765760
46307753
18266351
19023867
18738601
22798602
25993265
25050908
387219
13454870
17151768
19206590
18560323
16136112
6708342
15179004
16473256
1317207
1435591
784483
50302361
44640238
26580567
240660
2924350
3017026
2355307
40321022
40728375
6953929
21512103
13361680
13740812
10123681
6561949
6499238
6748524
6801734
6695979
6329503
6519338
3740866
1124462
3903181
1811655
2148033
578900
1657408
659049
2267434
16103
807
1651890
7390830
724950
10682219
6559316
15363
603665
1387530
1387531
1387532
411022
197669
1203987
833224
2881352
2792098
813976
808858
924601
1309320
35104
165610
2000987
426497
15845040
52136585
50204080
16241631
49980892
45977454
46859208
2670085
3017848
9398
53292100
48253219
55383979
3132779
356811
2239329
353425
44754919
44866776
47056534
46842163
26104264
25534663
23857534
40317763
42026015
21874680
26418613
13197781
34402
6727229
6727227
4989075
1932907
2355095
1821951
763451
763450
763454
763447
763448
2192271
6740330
60534
60531
60538
60537
1101694
221931
1158785
1791021
11893114
6982834
16389163
17131998
15019849
19101841
2585102
2585199
2585360
23861244
44861923
18286621
12873863
2585247
14534409
2954225
25665
1376639
86407
1130214
44277941
51153046
23732177
52512676
50798952
21376876
41105837
49559427
49464362
50403121
48661728
49178594
48695817
48907207
48600208
23681797
18234345
49403590
39971937
45263861
21579802
18126419
21376825
17649907
45574512
24220426
7860089
41702348
43090950
40449860
39908344
40364125
26158102
25324395
21553161
6580922
25138538
13374286
11240577
15285015
14558640
15498837
353011
10893590
7374531
18371715
13084708
6473251
21747961
21413930
14574483
17409851
21518571
10336701
10174831
19927914
15767732
14541411
6474290
12961591
14577127
271125
16998004
10641580
10441668
6805044
7352722
14544788
15624979
6268462
11021557
16243144
12878141
7374866
16798499
15961442
21955968
8888969
21498054
47261369
25263985
25073329
14739508
23635177
25328429
26491329
21430601
6258695
3145565
424168
263072
302621
2817985
49344646
46202021
54984957
52379005
41375238
51949991
23629663
26743070
25468731
11546082
23912936
14437091
63679
138161
138160
1410206
3319493
1946911
2915352
1137080
2095038
225334
10225
35734
18133312
7386615
3618422
7204847
5138751
7386622
2788198
11013337
6858138
2089271
2199788
7989214
1338124
2263898
317552
6432575
2276646
49039531
2555018
52125917
50821555
6309031
18447704
26518434
12614521
4567042
857454
7343004
13586954
6778742
857452
732204
271128
5001225
18342012
55549257
52587454
7279807
16379125
54936206
51425133
44044863
42427681
15972608
13658665
26021761
25478459
25478482
25478473
42662812
43586704
27323899
3723770
25478444
6067857
17402203
5369896
16391157
21479478
16502779
11125324
13028769
26928
26927
1819437
1034784
1379150
1790878
1192687
727782
1379152
1790955
727791
727680
1034846
1790943
1034759
17458867
45835137
44760134
47432407
23750598
40220291
26584661
2745461
17341
32197
32198
1786115
276200
1568495
1791286
2158214
1176350
284706
284743
284652
2750772
2627
980687
3047044
1546321
10222
3338450
578391
550444
1962977
7347655
31724
31727
996662
1185325
31725
356985
31729
3872414
2118
93472
2353360
17339
255340
1041974
223720
17295
529911
1245542
479385
42706369
40211767
23576388
7162524
1891341
251611
251612
19072429
1376883
445774
1376860
7201600
1300571
32204
1300576
1300578
84854
1300572
1300579
27677
646992
1300577
32203
2158228
1328552
32205
32206
32200
112094
32201
7201599
2811
626433
1796136
355160
12958103
15341108
18607570
14613073
47375
20390625
15459710
26213746
51159534
43160134
42420868
41390531
44763053
21877890
6601777
10615644
2479762
52707628
6972435
7535079
6776116
19698273
18236017
44056895
44056865
45105502
817274
12660131
42581457
25701716
18154124
6957883
26158091
26098034
24505949
25204345
78242
25386998
6720981
25121239
26165914
24678703
19176641
24540982
21398185
43129090
18828065
20412041
21566831
23587920
17921391
18596335
686168
10513867
10863349
18214350
292054
17469069
17117023
6460482
16688146
15728353
4556231
468954
13794998
60504
284794
302149
522000
10799833
9452071
521960
284696
18163015
252074
663868
1924019
21404513
19120445
20385566
13453162
6643538
10658031
6357205
7061428
17409780
7156934
464733
464778
4011605
51304450
45056217
23637038
30801463
23689624
25966615
25527259
41345470
26487205
19137839
19137841
21960093
21521731
1129072
616721
826957
15296069
47442384
49878358
26407361
45459639
46811602
2470237
9366730
910696
1442390
62356
17439
53562381
42754478
26678792
14911331
11136154
6571858
5992779
120779
26064
657749
1004368
1482374
19071991
136721
43125228
28349112
1178714
16339896
16474283
11089661
13326708
13304921
7351498
6700838
3132715
1777388
2937339
81980
418485
24227
16385241
15063746
13558321
21925667
14495008
630826
3176700
143069
56207
2107433
1310941
325207
1894792
40206785
45702079
14435731
5537834
1158123
93481
18777855
2122209
1211060
3343987
1394267
1815837
701540
48538
42581939
7215944
2214036
29078
45322952
46196101
27678448
24077392
3466931
5687423
47303776
52306811
46902004
45595542
18333602
3343444
26517868
2056440
2393579
1525711
2227757
2880943
1176022
17998516
9034237
13664640
15980715
15980664
15980620
42612434
42609656
44502619
43310344
42912402
45336147
41128647
13121239
2960718
3144563
851926
674569
25011794
41929531
6608105
42187585
41768742
26948044
21573650
28970131
3470963
19128580
2011
4855970
7275713
6528982
21830716
26177224
21732927
10628483
18625428
16782480
11196793
21400057
11340900
15480574
7351294
9908051
15701379
13195067
5205383
14375920
6467488
7336970
4326452
6675948
10898695
44929093
41938704
23679049
10924493
49552
446769
446767
240082
18480897
23901042
14585381
14889596
2398383
18194593
64658
43532115
53047385
1036234
276673
501229
44809112
46718
25369840
895725
9690
696862
2941905
63680
352831
405290
718163
238032
245694
17127942
6571574
308182
44798125
78229
376411
3197160
1965192
3356126
2338731
2338728
99120
13283626
14609479
28324
2506784
18650125
1332828
26657939
42021814
19238199
18485588
20391248
46233109
41322761
45385257
26271433
27102186
21552725
19037442
22412390
21980571
21830266
18272446
18647459
17433959
21531726
15414093
19065570
14188997
9152941
7019013
42021852
718000
492176
1220499
457805
1030928
32217
37866
3096203
10094704
1030910
1591488
1376035
2538112
1256523
6301771
47215499
40175663
21587260
341265
11023310
1097958
18192272
6673728
398273
2535027
50804830
45199192
6987362
1614933
17395788
2450977
533035
45139623
42991649
40845476
17531070
19070375
43239497
40718514
40213373
19135245
19019430
17604898
17458470
21359510
18707899
21932091
19032963
18568988
17486415
18338190
18869383
1682630
17292389
17937139
16706219
16490086
7145252
49777375
17360626
46122
2602242
2054832
104911
256407
13042177
354538
18278
3005137
762320
588007
146944
266689
1411979
18275
10090257
3259616
57415059
46113270
55425075
53462520
42713956
21865829
3032796
600390
14616990
13296466
43193176
24574870
3295241
2968915
3130402
50573611
46240984
45490202
41902535
25594226
43902173
40321055
25705
474953
1427592
1073264
1662371
1471006
298190
828681
1494484
22383267
19170022
1715920
197054
13332359
4682406
43456417
40748368
25011430
18005586
12942786
6578527
52603350
42788865
11689593
2437808
4982543
16969619
2510487
21526311
212827
6397987
6058383
213756
1193671
6891614
12850113
17463009
41283191
21994882
21880848
6958013
7209218
24671
1351068
936679
7407749
2555646
21450568
211759
708324
48305
345264
861486
943062
383607
14048614
418166
280615
98792
579170
327554
14299576
1947958
1839828
213942
1105534
3037396
2909773
25970135
57405732
55394301
56493808
43508226
47064515
42209838
43962671
24779974
23684764
6427121
26680311
25078580
368450
11089238
6679309
52490278
26736567
19257274
19093179
8611498
45582642
44611577
5523459
451480
7367658
3410967
5873848
220201
999513
2477877
507614
36514
273991
353007
802117
353041
106753
1700164
1291558
1793933
3028941
41862259
16086759
40734815
26839908
25808153
25365429
24876038
24447025
19185376
19037780
51952745
49300904
48893154
40015096
25273317
40075812
31468472
42788028
45339053
46137102
18040996
41484725
43010013
40320983
40025587
24534644
27129117
538695
40121522
15772320
10932269
14765143
21402076
17301799
25142358
602378
14281017
15810627
15321756
15321958
15321652
6498505
25209558
18637512
21480716
24035854
15749484
16552847
22000479
21362991
2054820
1856030
16881867
15464468
12828046
6498895
15049699
21549533
715233
15604208
17579182
16590847
1073262
13902885
13902928
21056
23362027
1606574
399097
146931
2816243
1204553
432541
2407113
473283
17353924
25148108
43194190
40860053
26330269
40073400
1688263
330491
1047985
14375778
220737
282058
21922409
15083889
19121261
42577487
52726401
21989751
39076704
23730978
40064655
26481236
22386798
21774563
53387221
25453400
45764791
21918734
41705964
24362188
15467617
44701510
44799175
47359968
49155413
48656575
18111517
183060
25198403
18341927
16006369
40077486
44242783
3477407
13516569
22259788
21567542
3513819
18221842
13049720
650759
578549
578550
518818
1468153
19107288
15661188
48199655
17934666
10789433
23642533
21520287
23587899
288339
1946448
200917
21566283
16411224
9824804
2889327
1232279
80617
41069115
42903022
45330855
46436780
18969357
22375420
6577608
17304273
6936911
25095549
49877
49876
1149057
16673341
1451847
21513063
170361
3326533
15546528
1239054
212443
15464478
30563
24644247
21490836
53244644
2077759
2769365
2464345
48556856
54788230
7025789
10948479
121762
25337582
40771532
16164291
3284569
1547976
18989920
24336296
15295640
5575000
16314498
12959038
10408063
10408042
10408003
11244102
6686148
7165294
24796457
13341994
13547816
17462944
16264383
477677
2112530
66356
21750809
17366812
13367975
16943784
6671683
13100899
608007
19241615
24502277
39931001
41215969
41680979
46067067
373707
17989306
22008926
45550460
21601548
13496968
17482502
24800418
21802402
19073078
17388983
15346892
14156976
2730028
531673
85911
3328773
824928
16797569
17442435
6684844
290199
1835563
42955741
45842365
3890793
45780725
44669178
44534409
24575049
19216898
42672818
1775203
16256450
1104665
121373
5107186
374215
1382166
147898
169642
10868836
41927003
26098174
20434588
18629466
18284368
7162491
20435
52837258
25741
49659767
49761547
21495576
43546815
40160100
89666
42656825
41819376
24255175
21563669
19173812
17272088
13723864
212254
1364652
1364653
486625
19092205
1761301
47307321
15575165
46913453
1370414
45817432
46570658
53095947
52697499
52358167
52133039
52025471
51386559
56128551
56070658
56013285
42400465
45022184
6144655
26683790
50228901
44987532
48309526
45693901
42058937
45528608
43266286
1956795
45937244
43402199
43435220
5941068
6625611
9865388
40792385
46822667
23697563
13733848
42756234
15517419
10453638
19120447
17478659
6530625
15269676
41397716
21807679
10924967
273405
15897001
700054
19263759
16826733
6808337
18326545
11061385
1188767
13156361
3244268
6103079
943744
233516
1027642
1097824
1369513
460724
24339014
2995157
1283325
1369492
760598
3273617
760601
244466
2526492
2781420
2001550
21620324
14551127
7311537
755574
4993531
19051723
26127979
3061364
1171240
195433
652311
3162240
97990
97905
958538
602873
486650
796821
1201013
1201011
1201010
17294169
7205491
6785979
41371883
6996013
6699620
6674350
458044
1171083
241036
1405268
1785404
22227210
228019
27110219
1489804
484297
6916296
2278530
3421628
3128812
2616430
2628327
484303
90126
298323
484292
52577154
45279959
25473109
6556565
284702
1466961
1165120
47486
284701
683324
18298985
16739659
6876438
1284213
3004379
21811298
44431952
44915222
27237014
21809007
24601252
21580103
521666
398375
19150722
21398563
16797099
21560354
45102362
54121069
49795841
50494181
50626545
25095567
43367988
44883362
26588821
48867496
26739960
6570035
48632722
437975
47079607
24490252
41818360
26215762
40150517
26215750
24167955
21594359
26650617
25593927
25260960
22028491
41635
1787075
1407177
55627
356124
1670575
45781067
3005128
2562781
882910
16212107
6774043
34395
104291
265459
890802
143140
99187
1716177
1179447
50499449
25781603
15830832
24504857
23635434
24504907
254998
1624062
255022
41439190
43145793
47285017
36424579
179002
43200414
44748865
306943
11451708
559545
24498604
40819045
14316276
25652178
19142009
16312528
21974272
23682447
17007092
977217
977218
977219
1309450
14358819
23577807
21479270
20385605
17945726
25031758
25638474
19190200
1769242
891293
5021272
29779
6843159
14655591
118969
24651783
25795685
52970826
52360051
49300935
41947388
2388047
42462087
41080354
44706270
45933669
44993364
24653414
18492951
44213678
9807073
22009652
29894565
21573723
24079877
37571302
439567
30714573
27482218
26491748
6147170
1232998
17367680
21904901
16229438
6520202
7218077
19043940
17006152
15736939
6504496
13440542
254962
719995
339007
6494266
13849263
18451305
17051010
16410551
16332064
21533073
23590418
3990345
24511270
51846019
18321844
13220085
40270262
23997558
6395772
2501162
35169
25658712
159035
159037
42472961
42360379
26373614
18516414
11258864
41292278
501228
3173963
45537348
49239478
50648006
40233105
42439408
1249612
661322
24817714
24860924
15938763
921757
284904
2595729
20060757
43239900
25101514
17447235
8944708
21543847
41999188
968920
26611013
426994
6916531
15421133
3232084
182903
42912437
42912435
26580626
45222855
21861167
39874250
21383625
25031301
24075477
18544071
16354757
16016609
22242620
21869955
19106049
28769562
6445081
21406462
18081468
51298123
44123648
45805924
13004831
14496117
16642723
52148475
17371004
21693835
648728
869853
7364695
16279984
13252500
9627839
2086141
43556548
42460815
6854658
16819333
15711323
21545248
6148951
16128312
26124548
28142427
24069369
15655188
4057295
3234374
14344137
924563
836792
10979
1177166
801200
44180150
42378716
2472515
222463
1125921
1025554
2638
6750554
21873472
13546152
12274018
55539
1791857
2641319
1860207
3333408
13598146
2278131
1486870
3732607
1103863
1026842
2641318
10939622
10939611
13395719
9929312
26018200
21866758
24938762
24255053
6488960
398423
2210999
2976343
290325
1282544
48079251
44915149
946088
1983940
249239
2172980
1455095
3155001
1250516
18035480
17243506
45892809
25987195
41758023
19075122
15668373
43129110
16492099
16435623
8685008
25738310
26015502
21808018
19228381
18407982
44080122
41320887
24586502
2477467
808925
1148273
178775
40903
40908
4923407
15470375
15123805
14971796
19134991
15723205
21942721
19197938
17975670
15472040
16416399
17915434
18869278
17431185
17431236
18256423
16416498
22596605
13490425
6576318
42860710
42816415
16686861
870957
33131
40726965
26522334
23595995
17323760
302418
1689776
45346993
170438
184641
622728
1407213
1381448
2501182
55652
372876
1415919
3471663
863365
16924698
19157661
21577890
16827542
1623593
1027401
2600917
7351219
1662344
1662343
21987568
18364451
12547904
7408419
26738183
18303355
19181675
1171189
45517022
25325866
43208335
17132464
2373711
473380
542641
542638
1338701
1338692
1338748
488767
32219
599425
1371881
116082
1433632
51720170
49340660
47877428
3545602
19111636
50278232
430909
18129992
26006610
49767882
53525330
44516456
47869225
47250913
42899915
43827427
25529581
24494786
24744364
19147992
14524213
16491973
8203273
659960
783121
7096339
6754275
3838107
639351
16691209
1486566
2963754
43009513
18359092
18010788
18010758
17669984
17297018
18714134
653539
18461763
21407232
25029174
25747906
16703555
40025
211738
25095496
1852558
2095444
583643
25630348
10731645
10486105
10457212
13796423
1171808
135896
15388454
17606366
19171903
14706383
18980216
16104033
18980209
26208760
16348715
6708456
16960388
19072567
15553487
3920
14341922
6317390
15876025
6444451
17215748
16324028
6580107
6418941
16937165
16792185
7357188
15570935
7252521
7157720
7143482
15220588
223913
14298124
17352434
7114684
18172043
192096
14539948
15093500
16149992
16681356
15414695
16736103
17618948
16511000
15710512
19194387
18903151
1831435
9924560
10129142
353066
40229210
6591041
6591038
6241642
6241657
45818699
25606251
21810611
17231272
18738102
518740
2132726
1432966
2162034
179437
179435
2987303
1787521
2986816
858417
55705
15972266
6504425
3182436
42431542
42459917
26473032
18082394
13225040
319409
24650815
27567651
19138483
18641497
18484823
7354609
24654803
21609095
21969163
3095600
22236604
18748196
848964
293243
2204975
6418012
1649346
6695275
17423
29965
813932
46044413
320700
1204562
1301206
50579281
2320591
48561140
48131672
47851368
40026899
2096673
42461498
40321063
54380591
45686774
24176752
3673950
44110434
49965355
52911130
49030897
51106215
43128366
21734521
41125531
45495806
25196105
42575331
15093755
45760886
42003341
21945949
16289740
17594520
7250268
541429
824927
43981438
42713938
25649513
44393465
40379501
14813228
21805389
22429607
18256997
8181119
25938669
42141612
4030687
47416361
97117
1116984
290176
40801915
42572740
41326535
25426580
43324892
25690185
48292554
48292549
48292557
14149907
484298
484295
40211717
19320759
236880
484293
11538304
7221350
1086132
25030746
3337652
448311
13586379
40167968
46822015
17476685
15711308
6723911
6480535
14981995
21409104
19192833
19927492
19051332
16166765
15892652
15231672
14740371
15588370
15074423
14576421
14576404
14207088
13432930
13744476
17528925
18311412
17516579
15696233
15479671
14417218
17915360
17915298
17915268
17915283
6686610
12819073
6493063
10932593
15464534
3090596
50755147
49190409
24732919
13394990
15337023
1073231
21887231
12934724
1592009
689940
1592301
26413087
19107299
18285205
6002460
2490132
1336228
13201576
850230
2967244
6232707
2328363
1068303
14348904
22189465
25464305
21517184
41430544
2343000
5010335
3182615
452687
96995
16925
2750783
21112
6723918
240144
44731359
52102281
43078797
25433460
25589480
41385319
15330114
14856875
23694837
2502884
2173682
480091
706843
1650584
89247
44606270
21430475
25693030
16319507
957679
957680
957681
421008
421009
421010
13260197
13976327
12772523
8940499
15774270
2323399
1292738
147897
104939
147899
19123900
6726930
61513
4000075
14771196
384269
6810924
501226
13117840
18197127
16703548
11607929
24898771
21907300
17035468
122865
45785370
17343915
14184256
23877446
2436404
49634825
49634818
19928143
55656990
477699
45351186
40782008
46123091
17940624
16993057
26630615
19112346
7259676
146888
1847231
2217363
26226674
289554
56205331
563573
25369195
9834820
619138
21567477
21464383
41852668
21514645
48210684
26419438
45209259
42010764
48150889
24889233
14623606
16758003
3840580
6179799
6179113
6179976
6187134
6187133
6186909
6186940
6221535
6179989
6173331
6186972
6221533
6186946
13909817
40727129
46751663
6186932
874785
299408
150829
25792272
7117000
7624030
2343001
20144183
6603014
6600500
21762484
44783654
126426
126427
2899854
535904
43111520
3883391
41068261
14654722
26615827
25778578
24589992
6479555
7348692
6186958
1201029
23692844
784720
10683182
19107175
7009795
23908949
177116
18233291
19071126
15619101
7790623
3200108
17275485
15525116
1171104
21899384
46189002
45534559
42705452
46859389
39942000
41248781
10411833
26510
43985572
250161
44187213
21584944
25383337
45195556
2494439
4546537
2964544
2976649
43248182
43309882
18154137
25037596
17501965
6794380
14424644
42346618
42288006
41884832
15833459
15950094
13359172
990214
24389390
53432430
46832379
45625950
53607920
18983877
24700535
21804282
26329387
24701218
21599328
21475571
6887125
21876653
48150720
24220259
7071076
48668180
21805706
23914806
22291672
878390
18450430
20391398
19248786
16118726
14771036
22430208
45798153
21801632
47308250
2482119
16153971
8840651
41240498
10546621
15799553
16686496
18978518
792016
2462677
21812736
9396850
21362618
50256
1006272
13406233
43746461
36267870
21937674
19191156
10977
170484
12913252
280829
42216473
1529836
284731
212369
284845
15327472
11041927
6962604
10094716
13251744
1620351
922112
13261168
1724060
26649078
18499820
17871288
19260249
23895248
6326307
19035770
21911370
26410645
16750275
21846197
941097
953611
387320
308193
1819248
42919301
763500
42919306
1819246
1363615
42918893
2050444
820095
10877704
43207682
43207676
18000438
926183
926175
307684
549016
2982507
81622
409542
1073273
1578986
1333279
1073275
60186
556255
21937806
45562818
41471073
23970639
20268559
15674011
19154371
14645141
25339340
15955256
15790567
21599816
11349023
10736358
16138853
16411638
14985467
3163771
26542547
19112621
22003843
3916993
2827791
17907238
3259619
1204985
8572964
6329997
2973529
1720641
960534
11014014
21446513
49475329
48492150
44320937
40257288
26115601
13456270
13455936
10759616
26331252
16889995
17128265
26172610
18637738
18120615
24581841
1934201
26580058
17315363
54372404
48998311
30857282
46913478
17358063
41714039
40233103
19258194
13752107
18455184
14557574
24787
1128986
47326233
16697866
16099688
14653700
16367073
11231079
6936078
27364824
346093
15691
15690
15689
954365
2681365
1851668
23587389
3004655
40103846
42768334
21554975
613072
347259
3721243
13020700
7754348
4185252
16140786
16021349
6926605
9402735
24508692
170440
170437
47142357
47465211
13895078
4150542
2976395
46254586
48189759
48629684
45141112
19021651
6676796
53355746
51438954
52720413
422265
1827919
1115874
1521025
78321
1044276
457123
3027737
1357551
24362187
24743346
21526191
282936
6444329
810263
5201437
5021375
2865571
1373821
2467828
18000455
563752
362426
224770
54155240
50531847
53459658
16418515
47784506
18305412
23527909
13164849
10172509
13202749
24255026
6954979
469186
16598450
16688207
16416424
6812007
6635107
14807159
3362747
2335829
45600491
491445
25314773
19025169
40149388
26412527
24751894
18884869
21490782
45526555
5389481
6627390
1766922
16438776
6129049
1221958
940450
26735149
25332773
24343410
53685449
51776123
55477735
42411130
48297196
46173010
45711671
45337774
46927072
45390751
40843956
21545762
25144622
26127326
4408095
12795696
6947213
21536910
11202662
14428191
19112635
19093510
6557029
334196
23906992
53017089
25697035
24811980
25640341
12640909
2755657
42075069
7323013
40235866
6551910
1140195
464444
18963159
396549
1419748
607860
2347252
3237445
21867311
19015028
114330
14141347
9399854
21444312
3990316
21738448
14518234
14518236
14518239
14518214
14518206
14518197
14518187
19112578
16476955
15399450
7362199
14738371
17224082
15268808
2154382
2154381
69928
24900983
26375107
7407230
18193411
25214493
6500720
3616201
1695673
335870
4093328
576508
17148363
18613309
53592527
53079157
52462819
48246194
23961872
48717638
1494392
15553088
24535
21966795
68392
2206809
2975155
1527250
14628301
21514568
21485227
21396383
1589402
1643262
853
857041
857042
3250250
44681652
26890271
23962012
43110236
25324435
17867403
21834557
21801158
1889134
18197464
20196539
40214816
14510514
6762446
16732350
19119018
17472245
17570497
14279946
19696746
3063224
15802542
42902362
20627253
45921235
7394716
112189
21539227
6767248
2054854
21863001
26340914
44561090
21603852
44863476
43135719
41475140
19108784
19108778
2825389
21406383
1916419
367427
7351387
15441310
40091810
48604119
588049
24652597
18068622
18476567
3664430
3246638
2237290
211724
1407156
2564817
211758
618348
2137741
813926
965414
2335861
19227604
13291312
1448327
230987
399005
6643487
59967
19262115
17617634
553885
177492
1505119
18344399
55690966
51822222
25001139
44125283
42137964
43172283
21898767
14389854
17417134
19249505
2016079
41916821
45324101
14579613
10138965
6853458
15739079
13095029
13158759
13850475
15884798
21911457
34836
15561906
46061230
6598079
6464015
21863020
353922
240818
14708936
2230199
55135379
50497477
44260080
44061696
18475306
16326851
21490062
44584878
42803047
55271407
51797941
42133250
23859541
16210495
3244499
18148940
23630856
16367424
1665981
379790
57415949
49715084
25207818
16919722
6813063
14520345
6808334
3162026
19105335
5756423
6930662
1728967
6795601
3798762
2993500
56445379
55839691
26493460
42954435
45198747
45713387
45251933
45856087
43545975
25416054
10671965
8446659
6792953
13478734
6733294
409091
10833775
701312
52216
24247384
21429703
40904
922261
7217993
109958
6584273
295058
180639
9701
25003916
26122220
56140140
50142093
50611784
50329008
51981126
16338292
16338293
25781931
18229334
14521381
808427
65478
90550
17145
17150
521513
13739908
19177475
23907445
43206066
41718270
17958988
13478530
8800420
42676360
31179059
16389202
5941070
834077
101125
27259671
18456196
13293410
21856431
6129542
16728131
19938300
19355468
17200765
16180613
298326
11573717
218499
353008
353006
3346055
3346054
13382327
7207104
6357206
2452239
6564465
5350099
512620
13125794
13516695
7358087
7240268
14524187
6574265
7137003
6471379
21497514
96802
6341493
263086
14737008
16331112
15778236
15231760
17961954
15503829
15503892
15540933
152362
5755818
3060656
2146263
7262557
18097629
1686393
28479
1029930
558796
1943845
14518585
2341082
3149826
1852559
1230152
47328144
26038176
42956234
22292966
17565561
23596264
26102626
15344700
476473
1654819
1086130
24875209
25187905
17611392
15284175
413158
413157
1203163
1583398
15155431
49243233
21533072
2704122
6493176
3218965
38807
900595
55959426
57024404
53793543
52582934
51985418
46135723
17961706
23841008
24901041
14876546
2355028
1015267
400175
3692997
1066538
26429894
40902521
21954157
3124743
96133
1517706
434982
1288466
18164524
16388881
14864664
13447430
44909478
21833625
46062514
19165727
479305
2932106
813335
1343222
26526473
6723939
6723937
6723917
2586862
2968916
877234
602901
1832816
39939862
45979323
6298698
25790472
53434326
48017811
7128729
17927524
42564543
22154685
26941522
124294
10944394
6524989
16816
308408
27114708
19164774
47547880
46106572
45434548
44326582
44636397
42907934
42907896
42907885
42099517
40713028
26679961
40016938
18363879
42809824
308583
21414406
24301095
21826270
21360460
15486460
48199262
48430335
24153488
41371110
42756706
42018728
818877
3561631
23580630
45645018
958496
34291
26143582
6784128
18609906
15760470
49897636
50078656
38911904
40792359
2016375
16944570
746360
19206337
17762367
16663544
7338907
21982320
15592107
21359507
19121325
24820469
40208765
21931398
22014515
42362291
19209090
16949965
18530047
24665751
19024662
18313797
15544013
26522847
42303495
44977672
10727399
21754805
2644654
21821088
24165907
6139787
30645
49037524
47869522
914814
14970875
14970876
4646129
2300376
25441344
370541
16472910
16921138
13549204
353067
3156284
2330940
569745
8794838
6488636
2516259
3088928
3096432
14247701
6785029
26031299
308586
21962604
1737968
6478766
16897743
6691673
18229816
19092640
10728723
53616105
25590911
25078657
1444520
5822075
5379593
5379594
9411733
9370411
394213
17374765
14424878
6784097
6973813
14541283
13092002
14518261
14518249
14518244
6816052
973076
1185251
1494276
1192166
2156645
18485913
3735336
24944234
22028338
20409389
56585440
7249858
25008114
56022536
56022543
53817583
45603048
43631339
6754413
21563273
6848757
15915779
7165242
6679497
6540126
12771195
8119752
18256445
10780362
6891276
45578246
42391550
18407809
26531
26532099
9531266
14655377
1233001
24161955
19197431
14030021
5081440
19017493
16518223
14992795
458382
45671059
3898162
1129061
364483
462131
187716
45707507
18459470
13026827
3320671
14626200
21454820
22957490
41240824
21871244
1391510
42466461
21952811
19238193
18141116
42863131
1380460
1592007
1560368
21833626
6534152
12928154
46049979
7266469
17415443
15783654
7155332
18304628
14832405
170308
25282749
3504463
18449864
18215594
18985342
4302383
50573607
16355876
21382012
1474163
1474160
13902825
19018501
21769479
6888872
31085675
1083484
21812196
26300840
45592289
13483318
147901
3328539
13256459
13256172
3346577
17997950
5817531
6714299
12873604
409517
409523
12873602
12873600
12873599
879324
1779104
51527431
433076
2436219
1003843
42955734
722573
755010
48418103
21540936
42871573
1041897
41209738
879731
4776256
3386910
6747759
553888
1542285
19153511
733627
1540656
396548
813980
2234225
2171037
2335849
813944
328994
45042022
42380591
19337276
4835782
21482682
16393828
17011696
14567945
14524153
26168090
49592565
25884748
41116782
15284004
13162155
17079008
22019986
6808327
21602957
46152019
14776325
19071117
610424
724615
42942443
3004358
43719
4560216
3281804
3281785
11460338
562085
212828
192715
13498880
18445154
47225523
16915673
19192961
15760629
15760722
45515466
42952709
40096726
1313191
266613
81245
21569808
314647
1877102
22259488
2807076
432893
861190
41779015
27531519
15084025
667685
624981
170535
633219
15493355
8931902
3150652
527885
18221889
700867
140039
50329686
24568140
1394275
20218109
45105440
44254645
6689002
6654613
6654611
6654609
51969504
40682241
26525725
6753778
14727863
18068429
118370
722574
25166509
25105316
10682414
10474041
25471553
7408221
4892886
4384170
17594926
18116554
5146731
2605862
21442937
47987640
25988258
16778797
40291333
25083246
25079673
41701068
43008498
41660044
41268494
25541820
25541803
25089481
14277808
2538067
18479248
14844725
2363841
66757
26629843
47632946
17131996
24484554
25058156
26918097
22843392
44081160
26155278
19258554
1949821
1653485
11568974
12911356
18081741
19241695
6811221
2246210
43150589
44381934
44381936
44381931
793844
28150747
6126917
11942212
6261192
45380211
42209847
15928891
567826
202489
748872
998467
58455
25981742
21900035
2797155
2050244
139180
656980
1528
17396
1290336
6264388
1094179
3010039
10330243
17383021
15372792
16446997
17942711
44870039
57944477
55973274
56022513
966758
6198324
6233081
25571575
24577137
15422992
2283922
1760131
15269661
19428829
13531919
4867387
4270341
189208
17300508
583706
45583113
44750471
41105889
42215731
40331908
21781676
18396061
1008294
844971
27212584
22183988
26568493
21735963
384361
200496
612002
21844508
2048467
23810085
2958206
25276592
21925189
24893649
7113114
7002950
3329494
50523760
15717814
63614
19156634
26086731
26888277
21820887
41377375
45543816
10549296
43099619
18482404
7109970
26024321
1279294
209270
27127401
421023
53678946
41384943
42449072
3457354
2793918
42485303
41270177
17329369
17329370
17329372
17329373
17329371
11243245
17508947
2670335
1993405
2266452
437788
42810553
595979
6646606
3294819
114656
820255
6775158
3364884
24502746
2323458
576274
15459353
44804995
45670701
46904663
15295631
15295636
557236
1403305
1403326
1048894
240663
2702874
25528810
25215075
21863296
1474507
25143136
14543962
21597860
19024566
16720290
45268899
24233
25073322
16452403
40713159
28099326
6760579
7261173
273839
41365166
42056063
43016586
46832985
1176010
2769244
6103082
41053544
42794780
904891
32216
2077934
2043167
1867265
1101297
85635
21417974
16111668
48688508
14525188
18228426
14499667
14499652
21428856
10546292
5562893
1256801
198309
160869
20487307
4783755
15182804
1096627
948144
700115
13176316
602375
16295270
45592438
6564505
42459914
56310116
55031005
52668710
53186495
50762859
2284952
42698314
41951430
32010181
1107447
1637201
10547528
6193974
550792
550794
3265273
18602673
16136310
18174017
16086208
992717
45570267
273850
201068
7210150
21818085
23554320
23553354
18268731
16960081
15684669
24881524
17136
7270744
2958830
1134197
286511
22248
620391
856527
6998215
24734386
23569199
19363885
360443
18276
52551855
25431050
41235259
45209882
45911906
43759352
17068609
41958036
25642688
43033589
26321813
24835172
21757896
40208039
21368774
18946061
18636282
18632242
17945176
271111
10740480
24790
1249258
1694620
46251299
20385465
16597564
18114127
17247542
97947
57895488
17123111
52938949
50700166
1821978
26669900
1087300
17995377
19714861
94464
3477406
4083204
6067923
2547031
47822345
49191207
18980586
568061
53460078
42238983
757283
44751187
26486316
44423559
21921493
10867889
32927
908032
44518617
2124136
1774033
26677781
46001014
754590
43102464
14327684
18970088
53238815
19121440
47862882
54490897
40331682
25487760
19927502
48576639
46920567
40903120
17606749
6993342
52497828
40614388
19068043
21892281
21518846
18680937
3471020
409074
2432883
5120656
3597816
1470575
514814
464795
1009463
1005049
2104721
477676
3317299
2255383
3146786
1194898
579544
803945
870004
100611
35130
1650605
996779
12873603
183207
14464852
2263152
24991002
7945322
4031645
1375829
426648
6779949
11132
1371661
52384406
16786633
15338507
8789053
8919
42015531
42472507
21464825
13020010
6195334
14734298
13910292
6195236
22017575
18863460
14985850
6192251
6192173
35893796
6179775
14454962
7119782
21775115
355550
276678
1695618
1695617
2031392
54129633
1592494
42504602
16273988
1131401
24892089
76366
3086315
342526
324583
13157532
14635799
13003773
13003772
8940738
2420443
1030922
176398
1030920
2473019
120778
13100186
24251297
22857312
42945969
45040351
49087513
24241779
51832812
50370943
49638790
43114532
1889141
1905954
289290
866492
1352978
7336134
2527413
21392870
60238
47304967
45742925
44436514
25079944
6600715
6255847
27028520
13585894
21833959
50384983
12764330
1772332
18629513
39847606
113016
20712723
20708158
43314275
1791719
556721
93993
5177915
379517
128562
726677
81621
60185
3017842
1799384
9737253
48626511
45668206
18267686
42480933
18339173
48527
6134577
410258
1372225
877224
6707533
42750039
42750029
43128154
21943641
40850885
49916270
29178220
44856198
96210
4592419
21837473
55660851
18279
40170891
13710809
7159323
40148521
12614430
6244867
79909
17375893
6648715
6067881
6605779
18462020
1684138
1685487
6146177
24258388
23845414
14527455
25533206
19080343
48661387
55044728
13417076
47283432
45552640
48289705
44333847
23908695
19257642
17178090
40719056
42907788
21562680
2628760
3493078
81624
17309267
44071671
41872302
10623774
7356169
5593360
43193755
48080217
44303176
25137873
19699946
6186457
41436906
81335
7291515
19019956
17786741
2353361
3303257
1560038
17326
42702820
19208301
24016331
17406964
26174441
21527387
21523836
19063905
19032898
14550972
284651
11203616
2355029
1682150
6731261
184671
280447
14460248
14524152
2010692
2010691
1436404
42673530
25212271
86467
1281591
47855353
26324966
16690400
10975703
467740
5941416
40363642
26527104
16061887
21488198
6836268
7348852
802906
581168
12926623
17241747
17963617
24895763
40170402
47250790
3294248
44134876
44656033
14341954
19075913
705993
1088935
1269908
44862432
23900997
9763612
45129374
22013279
1620346
1039633
21830687
14154920
21910274
43082886
27723072
13656890
590070
55557989
16691053
2113607
7407852
271174
2059837
2059785
3650674
1708926
2762719
2762697
9415349
1492908
2380819
1115578
13088145
3307223
1812027
7038935
7251158
1442369
13088149
15054316
40262472
7152165
13450319
4776355
41810129
198181
2419610
6170954
6607535
6845543
6607537
3808634
2045373
5116660
56433653
44854720
17046664
13363226
7216561
19116346
7016384
29983
308336
756852
21756613
584077
116094
116096
2077505
866759
247497
697097
498352
1700756
871394
2042283
40717821
25333303
53360041
48732241
6762275
343050
54470187
6546434
10746642
2236540
54969900
6506553
24087891
645479
117814
1685492
43284242
23588360
926413
1171774
7366449
2076123
136798
3058013
1347789
57140467
6553380
15580815
43549112
54130403
713546
42017721
18699044
6704827
40151026
271185
271188
41262055
6542886
6553732
6154419
685508
49190351
21846081
6802611
6961151
25792833
16377886
13420161
42427674
1024947
16371354
14603959
21437266
54708883
24670133
22374153
26649128
24157174
3968454
25731657
15423691
2509604
18529722
16489911
18338711
19199770
138937
255144
43165890
48635769
53607953
25704102
1651692
123927
123921
1685485
1685481
25805821
12832601
25272014
3280212
50329881
387781
451509
47243841
41057845
20549989
13162122
6155161
23731994
19147716
10545253
45674397
21805168
42939997
41336570
50729928
41161633
42791522
23907126
21963389
15712367
50425510
11725858
24750052
26134866
13467664
1708927
3341541
1114719
7509547
2399125
1114559
19176293
4676859
29112
921466
1220175
1220749
14816545
517810
18274
18273
21569893
10094677
13306487
13306506
13461548
13462305
21569887
13459792
13462415
13461953
21569891
18462042
9694779
7110508
5148706
6240922
2574155
8816
43195342
6692724
10986678
7147710
4902801
23906796
13190095
859100
2995407
1021979
2955974
25337579
7365519
1366122
45492008
44742201
15052126
42427678
21739820
17311420
40163453
4035114
15872046
6637500
21398624
43615339
47431952
13416731
112940
9665331
4801499
9009395
52129812
914580
15651330
6679945
12480888
7113483
10432727
21573281
48208051
54930730
22014983
49943841
1647876
21525911
42462096
662884
3388950
24661739
27641550
17600025
13473286
42945188
745819
26804282
40023054
60261
20404139
26014970
13387336
49679984
7065585
4950579
4950578
56814571
50643161
63596
144657
14600379
100601
50651408
40235235
49849555
49156899
25520725
14757242
1490112
3388949
3388951
48280398
45425443
25975683
51833005
25423673
161071
50499310
2136966
14846658
2222187
19159160
3341157
1737250
3302543
3143532
3143526
4000771
1138216
1821977
4000802
19101878
21937919
41826002
41823232
27833655
25618524
21862763
17259507
42442199
124364
761199
1054804
44996095
46616346
21532972
12567455
21940485
7219656
25489292
44439029
45107518
25206644
18020408
3011742
14581097
14581098
158865
426665
870471
63667
900703
21395724
15714345
2328498
23752502
1821981
14641238
45074241
21869470
43241983
353161
137725
1249562
2355776
42099241
21577602
1096998
3921786
18217154
8801588
14543983
3747654
3747647
17207351
42058105
164891
164892
463645
223201
2146871
2146870
2146873
16316510
6514992
13446923
9579324
19147600
45487113
12372771
43458082
6860772
516611
1114797
978398
53456941
21940085
10864218
23895641
46307256
13364140
111020
45123734
50453626
1498540
822554
14470189
22013231
21577779
42038176
51453772
3311227
3123487
13723060
40879171
1563640
8357067
41828202
9268592
13948319
6767418
55679797
23664023
53452230
3315531
468481
46839772
41084
42170959
23631578
3307019
9933843
24019105
1958014
24881687
19289176
45308451
8084019
21526206
3168985
21934808
14958621
13601415
39886275
17684158
26874968
16444003
9785828
46015804
21394000
13295321
21525677
41049519
21453391
54956257
50728112
25133923
2491403
44426756
46150030
69072
55663023
6448545
22012689
19177893
26532182
4992120
1908747
43611733
42579986
20408827
25566620
49454343
6970854
951268
43125498
53516560
45927961
25320621
286432
41955751
43458014
41343803
6933470
15538006
46180544
46834654
1230252
43967598
24232606
27579433
8675417
7008091
15076910
24946371
18047477
2495848
14752080
18610448
39963682
4259272
19267499
13688209
199295
57189575
450045
10034467
42817581
25191478
18540753
23593281
6982190
14477284
3574112
21976581
24157619
21808901
13415445
4850822
24253056
13660830
6629608
41358857
27232024
1708684
2158609
996922
16362859
51144749
48192476
28165644
19262163
16399888
110248
6602797
50579280
15123733
6467616
1022735
26019283
41190320
13978151
4289650
1661244
13660849
1120354
1496555
51421347
6882421
41324336
45316985
6642856
7410524
23594438
7039895
1404230
4850879
169617
25230206
6026299
13910246
6661786
6192187
1984859
6132507
6151520
15050322
25442199
14642631
1820755
41862206
45816826
28069437
26234111
7261943
29200696
44332329
6195263
6195253
55078942
48758670
48854207
28872553
6195240
13910275
54969065
