work_id,line_number,original_title
47456781,1,
42796272,2,The Wishing Well
45105691,3,Steel Scars
44676143,4,Queen Song
324434,5,A Circle of Ashes #2 (Balefire)
42675887,6,
13430971,7,
13457452,8,
13475472,9,Down on the Farm
21581860,10,Crown of Midnight
42462229,11,
17421825,12,
14240586,13,Heaven
25037051,14,Red Queen
51186078,15,
40164691,16,
41247953,17,
40320042,18,
26899944,19,
27054686,20,
27128923,21,
25691778,22,The Assassin's Blade
25880898,23,The Assassin and the Healer
14726877,24,
10632918,25,
7153591,26,
6623159,27,Pack Alpha
25128502,28,Heir of Fire
324443,29,A Feather of Stone #3 (Balefire)
324435,30,A Chalice of Wind #1 (Balefire)
26041989,31,Sinner
14836619,32,A Temptation of Angels
18122113,33,
13232547,34,
17321640,35,"Hot Vampire Kiss (Vampire Wardens, #1)"
18300030,36,
17620063,37,"Hot Vampire Seduction (Vampire Wardens, #2)"
21447130,38,
19255073,39,
18076308,40,
18589544,41,
18589511,42,
18589531,43,
16971236,44,
23684944,45,
23639375,46,
16971099,47,
16971160,48,
16971323,49,
16971130,50,
16971218,51,
24659192,52,The Ink Readers of Doi Saket
25095679,53,Burning Girls
24881632,54,The Too-Clever Fox
20466445,55,
18135552,56,Darkness Before Dawn
19155469,57,
18122092,58,
18241390,59,
15268747,60,Ponies
25276206,61,
21990576,62,Autumn Storm
21976547,63,
21438949,64,Dark Summer
21493956,65,
23809096,66,
21498098,67,
19240558,68,Whispers in Autumn
19059878,69,With All My Soul
24034803,70,Fracture Me
15758144,71,
19019226,72,Taste
4117634,73,Need
21913655,74,
17831603,75,
14612013,76,Until I Die
17421831,77,Horizon
17421829,78,
13536519,79,Fated
19249176,80,
15917048,81,
21408857,82,A Day in the Afterlife of Tod
15162169,83,The Space Between
22431444,84,Deception
7790670,85,A Beautiful Dark
24034574,86,
14808326,87,Endure
6793984,88,Captivate
12769820,89,Entice
17393387,90,Paper Valentine
23676037,91,
19929609,92,
21378307,93,
21457699,94,
21414439,95,
21744956,96,
21980002,97,
22208235,98,
23666464,99,
23666498,100,
23666518,101,
22385041,102,
18214662,103,Boundless
22008835,104,
21599375,105,
14532305,106,Hallowed
19154849,107,Ceaseless
20270507,108,
18530561,109,Predestined
17258588,110,
15775406,111,
19231983,112,Evertrue
18289996,113,Everbound
21403384,114,Neverfall
14297146,115,Everneath
18276967,116,"Unravel Me (Shatter Me, #2)"
40181098,117,"Ignite Me (Shatter Me, #3)"
19226840,118,Destroy Me
19070083,119,
13306097,120,Hades
14627662,121,Angels' Flight
23536557,122,
6460567,123,
17458199,124,
18507716,125,
6848948,126,Linger
21865609,127,Six Earlier Days
6961290,128,Forever
6842559,129,Shade
17289417,130,My Soul to Save
6500841,131,My Soul to Take
6776907,132,My Soul to Lose
13352685,133,My Soul to Steal
6847345,134,My Soul to Keep
14568321,135,Reaper
16351591,136,Before I Wake
13678080,137,"If I Die (Soul Screamers, #5)"
16510139,138,"Soul Screamers, Vol. 1: My Soul to Lose*My Soul to Take*My Soul to Save"
18018609,139,
10280032,140,Die for Me
14223288,141,Bargains and Betrayals
8079593,142,13 to Life
13533872,143,Secrets and Shadows
14765145,144,Beasts and BFFs
10695325,145,Halo
9621771,146,Unearthly
17892468,147,Finale
14158688,148,Silence
6867038,149,Crescendo
6525609,150,"Hush, Hush"
6596168,151,Abraham Lincoln: Vampire Hunter
15333458,152,Shatter Me
6244926,153,Shiver
17961862,154,"A Fractured Light (A Beautiful Dark, #2)"
16343248,155,Defiance
13356589,156,Every Other Day
19143595,157,The Assassin and the Empire
19111271,158,The Assassin and the Underworld
18814070,159,The Assassin and the Desert
18721148,160,The Assassin and the Pirate Lord
14103064,161,Rapture
17603066,162,Fallen in Love
10958266,163,Passion
7380161,164,Torment
6678670,165,Fallen
11138426,166,Throne of Glass
18970934,167,The Raven Boys
18390772,168,Cress
18390887,169,Winter
18390691,170,Scarlet
49515668,171,Lifeblood
45540518,172,Firstlife
44880924,173,
42720997,174,Glass Sword
10646607,175,Lang toXiang Xin Liao III
6976159,176,Lang toXiang Xin Liao II
3261241,177,The Way of Shadows
6674672,178,Lang toXiang Xin Liao
44880912,179,Betrayals
6651006,180,Shadow Kiss
6651004,181,Frostbite
335933,182,Vampire Academy
24940587,183,Otherworld Nights
21559254,184,School Spirits
21439098,185,"Natural Born Angel (Immortal City, #2)"
42573201,186,
14347737,187,Overbite
7188482,188,Insatiable
17110092,189,Omens
26027585,190,Visions
15545385,191,Cinder
15249128,192,Spell Bound
11015791,193,Demonglass
16377085,194,Immortal City
4790821,195,"The Lion, the Witch and the Wardrobe"
5333972,196,Immortal
2013718,197,Shadowland
6674837,198,Clockwork Angel
21611266,199,The Fall of Five
8342392,200,
12926604,201,Bloodrose
15216495,202,Angel Fever
21434921,203,
343231,204,Tantalize
11014959,205,"The Fallen and Leviathan (The Fallen, #1-2)"
21902960,206,
17128227,207,Unraveling
6948844,208,City of Fallen Angels
3443248,209,City of Glass
5354884,210,Hex Hall
8520753,211,Angelfire
10960830,212,1-800-Where-R-You
7803274,213,1-800-Where-R-You
7859868,214,Dark Flame
7253963,215,Shadowland
6313389,216,Blue Moon
16821668,217,The Rising
15455953,218,
18226917,219,Awaken
11351526,220,Abandon
14621064,221,Angel Fire
12469574,222,Angel
3029303,223,The Hollow
18055886,224,The Rise of Nine
13530989,225,The Power of Six
16163583,226,Six's Legacy
10576999,227,I Am Number Four
12903773,228,Darkness Becomes Her
18731533,229,Whispers at Moonrise
14442368,230,Awake at Dawn
13578604,231,Born at Midnight
18349149,232,Belonging
15778276,233,13
17619115,234,Hunting Kat
18357512,235,Chaotic
15321899,236,Beginnings
14506524,237,Becoming
6560104,238,Angelic
10767072,239,
6731327,240,Tales of the Otherworld
2860439,241,Men of the Otherworld
827362,242,Haunted
6921947,243,Waking the Witch
4154422,244,Frostbitten
2492798,245,Living with the Dead
2492765,246,Personal Demon
847777,247,No Humans Involved
895274,248,Broken
121282,249,Industrial Magic
2492799,250,Dime Store Magic
14289,251,Stolen
17575444,252,"Taken at Dusk (Shadow Falls, #3)"
18107180,253,The Evolution of Mara Dyer
15712619,254,Underworld
2606334,255,Bitten
13535869,256,The Calling
4115339,257,The Awakening
1575860,258,City of Ashes
13460686,259,The Unbecoming of Mara Dyer
11137563,260,The Gathering
7168458,261,Nightshade
4021549,262,Evermore
2451397,263,The Summoning
6659237,264,The Reckoning
2267189,265,City of Bones
791214,266,A Crown of Swords
1806999,267,The Star Trek Encyclopedia
197262,268,The White Mountains
4640799,269,Harry Potter and the Philosopher's Stone
18958728,270,
23811929,271,Skin Game
10351697,272,Side Jobs: Stories From The Dresden Files
17189468,273,Cold Days
880271,274,School's Out Forever
12731936,275,Ghost Story
6778696,276,Changes
3516480,277,Turn Coat
2054834,278,Small Favor
1254936,279,White Night
576222,280,Proven Guilty
227172,281,Blood Rites
2183,282,Death Masks
912988,283,Summer Knight
803205,284,Grave Peril
855288,285,Fool Moon
2960837,286,Waylander
4315791,287,The Accidental Sorcerer
583688,288,The Last Continent
2193115,289,The Anubis Gates
1049526,290,The Claiming of Sleeping Beauty
17330,291,"Split Infinity (Apprentice Adept, #1)"
6614581,292,The Dragonriders of Pern
852,293,Time of the Twins
958463,294,Lord Foul's Bane
1357456,295,Watership Down
14245059,296,The Night Circus
1137060,297,Storm Front
3165724,298,Dracula
3048937,299,Salem's Lot
806813,300,The Mists of Avalon
879622,301,Out of the Silent Planet
556716,302,Tantras
60668,303,Pool of Twilight (Pools #3)
282837,304,Pools of Darkness (Pools #2)
282574,305,Pool of Radiance (Pools #1)
48303,306,Elminster: The Making of a Mage
2333719,307,
2971039,308,Canticle
215324,309,Streams of Silver (Icewind Dale #2)
66291,310,The Halfling's Gem
66280,311,The Crystal Shard
636720,312,
282950,313,Exile
231584,314,Sojourn (Dark Elf #3)
2186426,315,Homeland
859,316,
352764,317,"Kender, Gully Dwarves, and Gnomes"
1849038,318,"Kaz the Minotaur (Dragonlance: Heroes, #4; Heroes II, #1)"
398104,319,Darkness and Light
906736,320,"Dragons of a Vanished Moon (The War of Souls, #3)"
29073,321,The Magic of Krynn
856,322,Dragons of a Fallen Sun
89589,323,The Second Generation
1109134,324,"Love and War (Dragonlance: Tales I, #3)"
654872,325,"Kindred Spirits (Dragonlance: Meetings Sextet, #1)"
29629,326,Brothers in Arms
580139,327,"Kendermore (Dragonlance: Preludes, #2)"
522001,328,"Wanderlust (Dragonlance: Meetings Sextet, #2)"
29061,329,"The Soulforge (Dragonlance: Raistlin Chronicles, #1)"
618823,330,The Legend of Huma (Dragonlance: Heroes #1)
521922,331,Dragons of Summer Flame
1107914,332,
1568418,333,"Test of the Twins (Dragonlance Legends, #3)"
857019,334,War of the Twins
1068574,335,Dragons of Winter Night
879061,336,Dragons of Spring Dawning
849,337,Dragonlance Chronicles: Dragons of Autumn Twilight/Dragons of Winter Night/Dragons of Spring Dawning (Collectors Edition)
251833,338,Dragons of Autumn Twilight
2990010,339,Kushiel's Dart
2158128,340,Dark Lover
3349934,341,Guilty Pleasures
6050008,342,"The Dead of Winter (Thieves' World, #7)"
74442,343,"My Enemy, My Ally"
940528,344,"Crown of Shadows (The Coldfire Trilogy, #2)"
940527,345,"When True Night Falls (The Coldfire Trilogy, #2)"
2498,346,Black Sun Rising
209799,347,Web of the Romulans
1180751,348,"I, Strahd: The Memoirs of a Vampire (Ravenloft, #7)"
293527,349,"Dance of the Dead (Ravenloft, #3)"
293516,350,"Vampire of the Mists (Ravenloft, #1)"
1164465,351,A Storm of Swords
43191,352,The Mummy
2926089,353,Taltos
2926033,354,Lasher
2925979,355,The Vampire Armand
2925946,356,Memnoch The Devil
2925924,357,The Tale of the Body Thief
2926133,358,The Witching Hour
3147123,359,The Queen of the Damned
3241580,360,The Vampire Lestat
873132,361,Interview with the Vampire
2925912,362,"Complete Vampire Chronicles (Interview with the Vampire, The Vampire Lestat, The Queen of the Damned, The Tale of the Body Thief)"
2964424,363,The Return of the King
2963845,364,The Two Towers
3204327,365,The Fellowship of the Ring
1540236,366,The Hobbit : or There and Back Again
17405,367,"Night Mare (Xanth, #6)"
1318428,368,"Ogre, Ogre (Xanth, #5)"
891324,369,"Centaur Aisle (Xanth, #4)"
1030359,370,Wielding a Red Sword
2119206,371,With a Tangled Skein
2436148,372,Bearing an Hourglass
1387490,373,Castle Roogna
2553145,374,"The Source of Magic (Xanth, #2)"
2501416,375,A Spell for Chameleon
900764,376,On a Pale Horse
1964458,377,
3109672,378,
3107985,379,Stone of Tears
1323305,380,
791225,381,
827903,382,
588034,383,The Fires of Heaven
6591373,384,The Shadow Rising
791061,385,The Dragon Reborn
1574475,386,The Great Hunt
2008238,387,The Eye of the World
1928459,388,The Black Unicorn
287715,389,Magic Kingdom for Sale--Sold!
1352033,390,The Wishsong of Shannara
2121201,391,The Elfstones Of Shannara
877015,392,The Sword of Shannara
1329454,393,Born of the Night
3272005,394,A Clash of Kings
27881851,395,
6922779,396,Flirt
6278977,397,The Magicians
2588518,398,Backup (The Dresden Files)
52691495,399,
50749434,400,
21572532,401,Spider-Man: The Darkest Hours
760887,402,The Great God Pan
48765776,403,"Harry Potter and the Cursed Child, Parts One and Two"
14428652,404,
7391115,405,Change of Heart
18367784,406,All Seeing Eye
46846634,407,
42756265,408,
26104718,409,The Getaway God
21501319,410,
20386133,411,Devil in the Dollhouse
18335617,412,
15344305,413,Aloha from Hell
10693559,414,
5948537,415,Sandman Slim
10881584,416,
6478436,417,"Trick of the Light (Trickster, #1)"
49162123,418,Shadowed Souls
45355470,419,
42780564,420,
27431080,421,
21533242,422,
16408209,423,Doubletake
12929089,424,Blackout
6818939,425,Roadkill
3875703,426,Deathwish
1412403,427,Madhouse
201496,428,Moonshine
410136,429,Nightlife
149899,430,Agents of Light and Darkness
150023,431,Something from the Nightside
6508989,432,"The Naming of the Beasts (Felix Castor, #5)"
2834452,433,"Thicker Than Water (Felix Castor, #4)"
1363372,434,Dead Men's Boots
1325171,435,Vicious Circle
1936254,436,The Devil You Know
6247751,437,Quidditch Through the Ages
4195128,438,Fantastic Beasts and Where to Find Them
3007490,439,The Tales of Beedle the Bard
1736002,440,"Circus of the Damned (Anita Blake, Vampire Hunter, #3)"
2428162,441,The Laughing Corpse
26071782,442,
42904159,443,
2661857,444,Welcome to the Jungle
6614452,445,Dead Beat
44971346,446,
6295253,447,"Grave Secret (Harper Connelly, #4)"
3159808,448,An Ice Cold Grave
3159799,449,Grave Surprise
2027280,450,
6382800,451,A Touch of Dead
17328606,452,Dead Ever After
15311332,453,Deadlocked
12401364,454,Dead Reckoning
6902804,455,Dead in the Family
5228078,456,Dead and Gone
3159807,457,From Dead to Worse
3159810,458,All Together Dead
1174101,459,"Definitely Dead (Sookie Stackhouse, #6)"
1053933,460,Dead as a Doornail
1808005,461,Dead to the World
42819828,462,Day Shift
25429815,463,Midnight Crossroad
2113248,464,The Drawing of the Three
1316297,465,The Dark Half
39901131,466,Hei Zhi Shi  XVIII [Kuroshitsuji XVIII]
27008426,467,Hei Zhi Shi  XVII [Kuroshitsuji XVII]
25464423,468,Hei Zhi Shi  XVI [Kuroshitsuji XVI]
21912588,469,Hei Zhi Shi  XV [Kuroshitsuji XV]
26644481,470,
23686035,471,"Fortunately, the Milk"
1398442,472,The Stars My Destination
602144,473,Club Dead
738775,474,Living Dead in Dallas
479517,475,Dead Until Dark
20550484,476,Hei Zhi Shi  XIV [Kuroshitsuji XIV]
21500681,477,The Ocean at the End of the Lane
144029,478,War for the Oaks
1007964,479,Anansi Boys
18198652,480,Hei Zhi Shi  XIII [Kuroshitsuji XIII]
18266339,481,Hei Zhi Shi  XII [Kuroshitsuji XII]
9117451,482,Hei Zhi Shi  III [Kuroshitsuji III]
7083417,483,Hei Zhi Shi  II [Kuroshitsuji II]
15475029,484,Hei Zhi Shi  XI [Kuroshitsuji XI]
12930309,485,
46575,486,The Gunslinger
14888582,487,
15480027,488,Hei Zhi Shi  X [Kuroshitsuji X]
2963218,489,Harry Potter and the Deathly Hallows
3046572,490,Harry Potter and the Goblet of Fire
41335427,491,Harry Potter and the Half-Blood Prince
2809203,492,Harry Potter and the Order of the Phoenix
6231171,493,Harry Potter and the Chamber of Secrets
1970226,494,American Gods
43209,495,Anne Rice's The Vampire Lestat: The Graphic Novel
2834844,496,Coraline
3212258,497,Twilight
1424366,498,The Crimson Spell (Book 1)
2001,499,"Howl's moving castle, #1-3"
45137868,500,
2322406,501,Best Served Cold
929012,502,Last Argument of Kings
2116927,503,Before They Are Hanged
929009,504,The Blade Itself
24509684,505,The Blood Mirror
17766175,506,The Broken Eye
2908871,507,Elantris
17484647,508,The Blinding Knife
26616838,509,The Bands of Mourning
1774510,510,The Amber Spyglass
21366542,511,Calamity
45866226,512,
6750840,513,To Green Angel Tower (Storm)
19075137,514,To Green Angel Tower (Siege)
1000406,515,Stone of Farewell
24239884,516,The Aeronaut's Windlass
2337281,517,Night of the Soul Stealer
242692,518,The Spook's Curse
19079481,519,The Dirty Streets of Heaven
23766743,520,
21979689,521,Firefight
26984416,522,Mitosis
3496896,523,"The Spook's Apprentice (The Last Apprentice / Wardstone Chronicles, #1)"
2960725,524,Fool's Fate
2960727,525,The Golden Fool
2406151,526,Fool's Errand
503752,527,Assassin's Quest
4668002,528,Royal Assassin
40864254,529,The Slow Regard of Silent Things
21366540,530,Steelheart
21855448,531,Shadows of Self
3573263,532,Lamentation
1536771,533,Northern Lights
2936175,534,A Dance with Dragons
1019062,535,A Feast for Crows
856785,536,Red Seas Under Red Skies
2916344,537,The Republic of Thieves
2116675,538,The Lies of Locke Lamora
3312237,539,Sabriel
2502882,540,The Wise Man's Fear
6502096,541,First Lord's Fury
2930878,542,Princeps' Fury
6614434,543,Captain's Fury
6614461,544,Cursor's Fury
6614430,545,Academ's Fury
7534979,546,The Black Prism
16482835,547,Words of Radiance
840191,548,The Dragonbone Chair
10558806,549,A Memory of Light
1687544,550,Into the Fire
1238475,551,Into the Forge
2120195,552,The Eye of the Hunter
1179457,553,The Darkest Day
1179458,554,Shadows of Doom
1179456,555,The Dark Tide
1246811,556,The Magic of Recluce
3287278,557,The Towers of the Sunset
171715,558,Assassin's Apprentice
2298481,559,Mage-Guard of Hamor
3797890,560,
3797880,561,Shadow's Edge
2223166,562,Natural Ordermage
749393,563,Ordermaster
749364,564,Wellspring of Chaos
749415,565,Scion of Cyador
749391,566,Magi'i of Cyador
604633,567,Colors of Chaos
749392,568,The White Order
353974,569,The Chaos Balance
267977,570,Fall of Angels
3223258,571,The Death of Chaos
1438144,572,The Order War
1246810,573,The Magic Engineer
3098584,574,Furies of Calderon
3348636,575,
4551489,576,The Last Olympian
2377629,577,The Battle of the Labyrinth
2936530,578,The Titan's Curse
43554,579,The Sea of Monsters
3346751,580,The Lightning Thief
2502879,581,The Name of the Wind
3078186,582,The Hitchhiker's Guide to the Galaxy
3634639,583,Dune
3270810,584,Graceling
14377034,585,
13337219,586,
12476904,587,
10785686,588,The Weight of Blood
18084263,589,A Dance of Death
16016152,590,A Dance of Blades
13783035,591,A Dance of Cloaks
8134945,592,The Way of Kings
15035863,593,The Alloy of Law
2793516,594,The Hero of Ages
2120474,595,
66322,596,Mistborn : The Final Empire
1466917,597,A Game of Thrones
6655212,598,Chaosbound: The Eighth Book of the Runelords
2986322,599,"Wyrmling Horde, The: The Seventh Book of the Runelords"
139038,600,"Worldbinder (Runelords, #6)"
139039,601,"Sons of the Oak (Runelords, #5)"
679146,602,"The Lair of Bones (The Runelords, #4)"
1270521,603,"Wizardborn (The Runelords, Book 3)"
1166994,604,"Brotherhood of the Wolf (Runelords, #2)"
139049,605,The Sum of All Men
7338128,606,Towers of Midnight
1920889,607,The Gathering Storm
987750,608,Knife of Dreams
195579,609,Crossroads of Twilight
1098593,610,The Path of Daggers
987752,611,New Spring
15702572,612,Theft of Swords
16022532,613,Heir of Novron
15702555,614,Rise of Empire
15678889,615,The Wind Through the Keyhole
1738813,616,Black House
1178083,617,Song of Susannah
1810634,618,The Waste Lands
1257385,619,Warbreaker
17359681,620,The City of Mirrors
48896020,621,Mistborn: Secret History
6798109,622,Mistborn Trilogy Boxed Set
42459978,623,
24946895,624,Annihilation
24330801,625,The Magician's Land
13362064,626,The Magician King
20716929,627,14
16919836,628,Ex-Patriots
10753679,629,Ex-Heroes
15750881,630,The Rook
21825181,631,The Martian
6965593,632,The Night Eternal
6919505,633,The Fall
2925968,634,Merrick
944261,635,Brother Odd
1855987,636,Bruder Grimm: Kinder- und Hausmarchen
2947187,637,Swan Song
14373498,638,The Twelve
18079704,639,
663864,640,"The Seventh Sentinel (Dragonlance: Defenders of Magic, #3)"
469091,641,"Night of the Eye (Dragonlance: Defenders of Magic, #1)"
89571,642,The Doom Brigade (Dragonlance TSR)
89575,643,"The Kagonesti (Dragonlance: Lost Histories, #1)"
2785303,644,Abarat
1535663,645,The End of Mr. Y.
2402933,646,The Dark Tower: The Gunslinger Born
40002943,647,Call of Cthulhu
3077645,648,The Shadows Over Innsmouth
17342821,649,At the Mountains of Madness
1371342,650,Imajica
909623,651,Carrion Comfort
18140283,652,
14418429,653,The Last Werewolf
7057900,654,The Sorcerer's House
18979356,655,Wool Omnibus
2057170,656,Yang womeguruMou Xian  [Hitsujiwomeguruboken]
2851045,657,Mister B. Gone
1888272,658,Necroscope
942564,659,Weaveworld
1858059,660,John Dies at the End
4809336,661,Dean Koontz's Frankenstein: Prodigal Son
3083085,662,Eyes of the Dragon
530471,663,Cabal
6750943,664,The Call of Cthulhu and Other Weird Stories
1813320,665,The Best of H.P. Lovecraft
4574034,666,Odd Thomas
33559,667,At the Mountains of Madness
1183550,668,Something Wicked This Way Comes
6781405,669,Horns
3324421,670,The Talisman
6241525,671,The Strain
2802546,672,The Passage
2223519,673,I Am Legend and Other Stories
817,674,World War Z: An Oral History of the Zombie War
1742269,675,The Stand
2219449,676,The Graveyard Book
16534,677,Neverwhere
1392700,678,Life of Pi
47326016,679,The Glittering Court
9842102,680,The Exiled Queen
25126752,681,A Court of Wings and Ruin
42077459,682,Six of Crows
42090179,683,Crooked Kingdom
25272004,684,Empire of Storms
25126749,685,A Court of Mist and Fury
21400019,686,The Sword of Summer
13220072,687,My Unfair Godmother
4394287,688,My Fair Godmother
25272067,689,Queen of Shadows
26724902,690,The Wrath & the Dawn
16762455,691,Sweet Evil
21905102,692,A Court of Thorns and Roses
24267689,693,The Queen of the Tearling
349532,694,Elsewhere
21861552,695,The Winner's Curse
7329307,696,Cloaked
19248070,697,The Bone Season
41903609,698,Miss Mayhem
21861160,699,The Jewel
17115101,700,The Blood of Olympus
9823592,701,Smaragdgrun
17961723,702,Days of Blood & Starlight
13629058,703,City of Lost Souls
15093325,704,Shadow and Bone
24662849,705,The Shadow Throne
7146989,706,Saphirblau
22617247,707,The Kiss of Deception
3722007,708,Bad Girls Don't Die
15015753,709,Spellbound
17385456,710,Ascend
13340323,711,Rebel Belle
14569146,712,The Goddess Test
1829521,713,The Angel Experiment
6501369,714,Shifter
13291399,715,Entwined
6128277,716,Fire
3313414,717,Herr der Diebe
1567967,718,Tintenblut
2628323,719,Tintenherz
3741438,720,Princess of the Midnight Ball
10107891,721,The Lost Hero
2485462,722,Ella Enchanted
12770588,723,The Crimson Crown
14293500,724,The Gray Wolf Throne
6508730,725,Bitterblue
16221764,726,The False Prince
532177,727,"Beastly (Beastly, #1, Kendra Chronicles, #1)"
1199129,728,"Sun and Moon, Ice and Snow"
13476717,729,Torn
13433455,730,Switched
2029454,731,When Lightning Strikes
2114772,732,Jinx
3186888,733,Avalon High
581426,734,The Unusual Suspects
2214520,735,"Dragon Flight (Dragon Slippers, #2)"
7867989,736,Princess of Glass
2214543,737,Palace of Mirrors
3299770,738,Princess Academy
5333984,739,A Kiss in Time
18025665,740,Princess of the Silver Woods
7252832,741,The Ghost and the Goth
655608,742,"Dragon Slippers (Dragon Slippers, #1)"
810498,743,The Ruins of Gorlan
6528619,744,The Demon King
6309710,745,Clockwork Princess
6674845,746,Clockwork Prince
13355552,747,Daughter of Smoke & Bone
6510846,748,Rubinrot
15483434,749,The Darkest Minds
21365340,750,The Runaway King
6670482,751,Spirit Bound
13385418,752,Last Sacrifice
19221595,753,Dreams of Gods & Monsters
44380622,754,Soundless
17492836,755,Girl of Nightmares
43712653,756,Library of Souls
14345371,757,Miss Peregrine's Home for Peculiar Children
42907836,758,Percy Jackson's Greek Heroes
3262727,759,Fragile Things: Short Fictions and Wonders
41849150,760,
26641852,761,
992628,762,The Princess Bride
19082135,763,Red Country
25641726,764,Half a King
21580669,765,Cruel Beauty
24802827,766,Half Bad
17377739,767,Hollow City
3166179,768,Stardust
1322254,769,The Wrath of Mulgarath
1603405,770,The Ironwood Tree
2210660,771,The Seeing Stone
25701457,772,Warm Up
19250870,773,Vicious
6575836,774,Witch & Wizard
13022195,775,Huntress
1419727,776,The Silver Chair
3294501,777,The Horse and His Boy
1031537,778,
19200600,779,Elixir
14789350,780,Apollyon
25698990,781,
14651130,782,Deity
14651123,783,Pure
21514069,784,Split Second
18925960,785,
21995801,786,The Immortal Crown
7405732,787,Haven
2293675,788,Ostatnie zyczenie
2321243,789,
205877,790,Shadowgate (Dragons of Deltora #2)
205879,791,Dragon's Nest (Dragons of Deltora #1)
115044,792,The Valley of the Lost (Deltora Quest #7)
115041,793,The Maze Of The Beast (Deltora Quest #6)
13492114,794,A Monster Calls
23976459,795,The Son of Sobek
7365722,796,"The Extraordinary Secrets of April, May and June"
16071069,797,
9408497,798,
3432157,799,Dead Is a State of Mind
2279266,800,Dead Is the New Black
16951806,801,Pivot Point
894834,802,A Midsummer Night's Dream
14920478,803,Jessica Rules the Dark Side
3429537,804,Jessica's Guide to Dating on the Dark Side
14568639,805,Half-Blood
19008983,806,Gameboard of the Gods
15535056,807,The Scorpio Races
6631450,808,The Vampire Diaries: The Return: Shadow Souls
3979878,809,The Return: Nightfall
6807768,810,The Fury and Dark Reunion
16204565,811,Matt and Elena - First Date
385368,812,The Awakening and the Struggle
10545964,813,Night Star
14278985,814,Everlasting
1934354,815,Bruiser
18358303,816,
21586465,817,
21524269,818,
11254781,819,Beautiful Redemption
11254742,820,Beautiful Chaos
16508966,821,Dream Dark
10937544,822,Beautiful Darkness
3214288,823,"Sons of Destiny (Cirque Du Freak, Book 12)"
846981,824,Lord of the Shadows
3214277,825,The Lake of Souls
2403384,826,Killers of the Dawn
1285890,827,Allies of the Night
2507696,828,Hunters of the Dusk
11863,829,The Vampire Prince
11862,830,Trials of Death
166363,831,Vampire Mountain
11852,832,Tunnels of Blood
3124176,833,The Vampire's Assistant
724928,834,Cirque Du Freak
11342428,835,The Short Second Life of Bree Tanner
21539506,836,The House of Hades
1092293,837,The Field Guide
13945952,838,The Throne of Fire
16416771,839,The Serpent's Shadow
7346572,840,The Red Pyramid
19095444,841,Foretold: 14 Tales of Prophecy and Prediction
37441,842,"Artemis Fowl Boxed Set (Artemis Fowl, #1-5)"
21984483,843,
10800440,844,Twelfth Grade Kills
6876567,845,The Chronicles of Vladimir Tod: Eleventh Grade Burns
4984643,846,Tenth Grade Bleeds
518471,847,The Chronicles of Vladimir Tod: Eighth Grade Bites
18116462,848,The Demigod Diaries
21384312,849,Seraphina: The Audition
7188824,850,SkyClan's Destiny
781271,851,The Chronicles of Narnia
1508178,852,The Tale of Despereaux
15380149,853,Nevermore
17115055,854,The Mark of Athena
13629068,855,City of Heavenly Fire
18752278,856,Silver Shadows
18752344,857,The Ruby Circle
18752242,858,The Fiery Heart
6651007,859,Blood Promise
13582373,860,The Indigo Spell
2263899,861,"The Quest Begins (Seekers, #1)"
6432580,862,Bluestar's Prophecy
5337070,863,"Sunrise (Warriors: Power of Three, #6)"
3380791,864,"Long Shadows (Warriors: Power of Three, #5)"
2788199,865,"Eclipse (Warriors: Power of Three, #4)"
2242963,866,"Outcast (Warriors: Power of Three, #3)"
2827443,867,
2083960,868,Firestar's Quest
2833963,869,The Sight
2147176,870,"Starlight (Warriors: The New Prophecy, #4)"
245106,871,Twilight
3239312,872,Sunset
106944,873,Dawn
1462397,874,Moonrise
2409881,875,Midnight
995220,876,A Dangerous Path
286335,877,Rising storm
1245365,878,
1462398,879,Forest of Secrets
1346922,880,Into the Wild
17375239,881,Seraphina
1499358,882,
4038656,883,
14261925,884,Anna Dressed in Blood
6488966,885,Beautiful Creatures
3131318,886,"Deltora Quest (Deltora Quest, #1-8)"
2701087,887,Dread Mountain (Deltora Quest #5)
522697,888,Return to Del (Deltora Quest #8)
115042,889,The Shifting Sands (Deltora Quest #4)
115045,890,City of the Rats (Deltora Quest #3)
237826,891,"The Lake Of Tears (Deltora Quest, #2)"
149846,892,"The Forests Of Silence (Deltora Quest, #1)"
4551869,893,Midnight Sun (Partial Draft)
10260587,894,Inheritance
3124969,895,Brisingr
2035753,896,Eldest
3178011,897,Eragon
13582374,898,Bloodlines
7589446,899,Zombies vs. Unicorns
3709042,900,The Secret Circle: The Captive Part II and The Power
3130939,901,
1258468,902,"The Power (The Secret Circle, #3)"
285264,903,The Captive
864536,904,"The Initiation (The Secret Circle, #1)"
10954714,905,Vampire Academy Collection
6676773,906,The Mortal Instruments Boxed Set: City of Bones; City of Ashes; City of Glass
3197005,907,Percy Jackson and the Olympians Boxed Set
2962492,908,Complete Harry Potter Boxed Set
13582370,909,The Golden Lily
5733642,910,Dead Is So Last Year
2278833,911,"Ninth Grade Slays (The Chronicles of Vladimir Tod, #2)"
40224712,912,The Autumn Republic
21408527,913,NOS4A2
26109965,914,The Widow's House
21512449,915,Fortune's Pawn
25312108,916,
14419515,917,Hounded
24566794,918,The Crimson Campaign
23362062,919,The Garden of Stones
25333032,920,
21536059,921,The Thousand Names
1048525,922,The Moon is a Harsh Mistress
461050,923,"The Heritage of Hastur (Darkover, #18)"
18280032,924,Zoe's Tale
924656,925,Job: A Comedy of Justice
368245,926,The Many-Coloured Land
121534,927,Mythago Wood
98235,928,The Uplift War
21512368,929,The Tyrant's Law
21512438,930,Promise of Blood
20433742,931,
17901316,932,The King's Blood
14085268,933,
2886933,934,"The White Dragon (Pern: Dragonriders of Pern, #3)"
2467422,935,Dragonflight
1171182,936,Dragonsong
2971170,937,Dragonsinger
1104874,938,"Jack the Bodiless  (Galactic Milieu Trilogy, #1)"
1992017,939,To Ride Pegasus
2000164,940,Dragonquest
3310352,941,"Dragonsdawn (Pern: Dragonriders of Pern, #6)"
1892324,942,
2522719,943,The Ship Who Sang
1209966,944,Songs of Earth and Power
633221,945,"Sassinak (Planet Pirates, #1)"
92974,946,Get Off the Unicorn
555,947,The Renegades of Pern
1459848,948,The Stormcaller
21431964,949,Bloodfire quest
21806124,950,Engraved on the Eye
18468319,951,
14414235,952,Black Halo
14466531,953,Prince of Thorns
8498290,954,Touched by an Alien
14520797,955,Throne of the Crescent Moon
9213133,956,Tome of the Undergates
12361043,957,Antiphon
15964749,958,Control Point
16998382,959,The Hobbit
1882772,960,Rendezvous with Rama
3899092,961,Neverwhere Graphic Novel
249398,962,Stronghold
36068,963,The Madness Season
6277491,964,Smoke and Mirrors: Short Fiction and Illusions
1383900,965,Hyperion
3634570,966,Dune Messiah
6736509,967,"Empire (In Her Name: Redemption, #1)"
15486222,968,
14733361,969,
13626110,970,The Dragon's Path
13626131,971,Shadow's Lure
8543967,972,The Scarab Path
14936811,973,Eona: The Last Dragoneye
6624796,974,Canticle
6898891,975,Spellwright
3023237,976,Across the Face of the World
650760,977,The Dragon Knight
887432,978,The Darkness That Comes Before
1122077,979,The Black Cauldron
2242650,980,"To Green Angel Tower (Memory, Sorrow, and Thorn, #3)"
6589794,981,The Painted Man
110678,982,The Dragon and the George
33551,983,The Coming of Conan the Cimmerian (Conan the Cimmerian #1)
1504838,984,"The Dark Is Rising Sequence (The Dark Is Rising, #1-5)"
1298638,985,Dragon Prince
1383240,986,Nine Princes in Amber
390334,987,The Black Company
2046438,988,"The Riftwar Saga (The Riftwar Saga, #1-4)"
172962,989,"The Chronicles of Thomas Covenant, the Unbeliever"
4110990,990,"Good Omens: The Nice and Accurate Prophecies of Agnes Nutter, Witch"
2646042,991,Gardens of the Moon
948387,992,A Wrinkle in Time
8810,993,The Great Book of Amber
2623,994,The Chronicles of Prydain Boxed Set
194190,995,The Colour of Magic
1530651,996,The Dark Is Rising
3921305,997,Jonathan Strange & Mr Norrell
15983,998,Magician
113603,999,A Wizard of Earthsea
993717,1000,Bright of the Sky
55570,1001,"The Faded Sun Trilogy (The Faded Sun, #1-3)"
1122886,1002,Crystal Rain
1570074,1003,City of Golden Shadow
1796026,1004,"I, Robot"
1140206,1005,The Once and Future King
3462456,1006,The Lord of the Rings
2113193,1007,A Great and Terrible Beauty
4998084,1008,Finnikin of the Rock
13155782,1009,Thick as Thieves
26322524,1010,Heartless
27437157,1011,The Crooked Sixpence
43145978,1012,How to Hang a Witch
2271292,1013,Child of the Prophecy
2801045,1014,Son of the Shadows
1897725,1015,Daughter of the Forest
6461540,1016,Heart's Blood
17962903,1017,The Coldest Girl in Coldtown
40154097,1018,Anyone But Ivy Pocket
34860,1019,The Ice Dragon
25129083,1020,The Copper Gauntlet
47978235,1021,The Girl of Ink and Stars
41683308,1022,Shadowshaper
43194799,1023,The Lie Tree
42216233,1024,The Fate of the Tearling
16435765,1025,Angelfall
40901894,1026,The Heart of Betrayal
41876730,1027,Uprooted
28147220,1028,The Witch's Boy
42811477,1029,
19205879,1030,The Iron Trial
41958002,1031,Rata
25479041,1032,Odinsbarn
42216232,1033,The Invasion of the Tearling
39113604,1034,An Ember in the Ashes
14836642,1035,Mortal Heart
40214184,1036,The Darkest Part of the Forest
14836636,1037,"Dark Triumph (His Fair Assassin, #2)"
43346673,1038,Carry On
21525150,1039,Untold
42868298,1040,Nidstangen
41928590,1041,Fairest
15781826,1042,Unspoken
14452295,1043,Grave Mercy
24170141,1044,"Blue Lily, Lily Blue"
24170172,1045,The Raven King
42748019,1046,Maresi: Kronikor fran Roda klostret
19125429,1047,The Screaming Staircase
7201708,1048,Blood Magic
15750616,1049,Midwinterblood
18367508,1050,The Twistrose Key
19695489,1051,Nyckeln
21573737,1052,
17844849,1053,Small Change for Stuart
860408,1054,Gregor and the Prophecy of Bane
524491,1055,Gregor the Overlander
6719799,1056,A Conspiracy of Kings
847545,1057,The King of Attolia
1124161,1058,The Queen of Attolia
1358831,1059,Silver on the Tree
960,1060,Skellig
2887072,1061,The Grey King
1258632,1062,Greenwitch
742,1063,"Over Sea, Under Stone"
19105351,1064,Star Cursed
15706987,1065,Born Wicked
14349842,1066,The Mostly True Story of Jack
24627863,1067,"Berattelser fran Engelsfors (Engelsfors, #2.5)"
17832168,1068,
21598446,1069,The Dream Thieves
3163205,1070,My Swordhand is Singing
21838951,1071,Jagannath
1069505,1072,The Thief
15929926,1073,Cirkeln
726205,1074,His Majesty's Dragon
2828796,1075,Hanteringen av ododa
928338,1076,Lat den ratte komma in
1357544,1077,Grass for His Pillow
161332,1078,Across the Nightingale Floor
17975526,1079,Pojkarna
21122000,1080,Ferragost
2968997,1081,Pretty Monsters: Stories
10965443,1082,Dreamless
10862992,1083,Starcrossed
15064476,1084,Quintana of Charyn
15064442,1085,Froi of the Exiles
18933452,1086,Eld
12905469,1087,Wildwood
6610807,1088,
6558709,1089,Betrayals
3085581,1090,Stargazer
6450517,1091,The Van Alen Legacy
52381996,1092,
53511611,1093,
42391248,1094,
54929134,1095,
50556798,1096,
54007606,1097,
50387658,1098,
49576368,1099,
47808361,1100,
47452427,1101,"Lead Heart (Seraph Black, #3)"
47452419,1102,"Watercolour Smile (Seraph Black, #2)"
21417891,1103,
53570440,1104,
4506073,1105,Tri Mates
3709597,1106,"Enforcer (Cascadia Wolves, #1)"
45089356,1107,
25430016,1108,
21355867,1109,Ashes
21355843,1110,Kindred
53306152,1111,
53076110,1112,Daring Fate
1214837,1113,"Lover Awakened (Black Dagger Brotherhood, #3)"
1593685,1114,"Lover Eternal (Black Dagger Brotherhood, #2)"
17371693,1115,Wildest Dreams
25644053,1116,
52220010,1117,Silver Flame
50468605,1118,Midnight Star
47249422,1119,
45103817,1120,
49976686,1121,Vampire Girl
17397393,1122,"Five (Elemental Enmity, #1)"
18444693,1123,Demons at Deadnight
47757139,1124,
48656567,1125,
25976908,1126,
41801816,1127,
39917133,1128,Beyond
46567862,1129,"Charcoal Tears (Seraph Black, #1)"
50667289,1130,
45595485,1131,
21999565,1132,Priceless
17823864,1133,
16633993,1134,Coexist
47861650,1135,
45140513,1136,
16131032,1137,
23963233,1138,
46870209,1139,
26211204,1140,
42869907,1141,
48057879,1142,
44233270,1143,Recurve
15349923,1144,Touch of Power
24995397,1145,Werewolf Dreams
47870169,1146,
47783401,1147,
47371847,1148,
43474549,1149,Matefinder
6663338,1150,Wolf Signs
19699752,1151,Siege and Storm
25507980,1152,
21601546,1153,
18856565,1154,
23694148,1155,The Sharpest Blade
24570280,1156,The Shattered Dark
6838626,1157,"The Iron King (The Iron Fey, #1)"
41205876,1158,
41130560,1159,
40360787,1160,
40761778,1161,
40209779,1162,
40209774,1163,
43903656,1164,Where One Goes
46103712,1165,
45881424,1166,
45668696,1167,
45005781,1168,
43128176,1169,
42901287,1170,
25253673,1171,
45424767,1172,
43939580,1173,
43299945,1174,
42437617,1175,
26225297,1176,"Damaged (The Rebirth Series, #1)"
43878351,1177,
40223850,1178,
30185268,1179,
18181646,1180,
17215120,1181,Chasing Paradise
42380129,1182,Justice Calling
19170572,1183,
43894216,1184,
45352020,1185,
43070662,1186,
43070654,1187,
41522354,1188,
41522352,1189,
40337521,1190,On a Razor's Edge
27203021,1191,
27202971,1192,Into the Darkness
6967609,1193,Mistwood
15238300,1194,Carrier of the Mark
45429389,1195,"Moonbreeze (The Dragonian, #4)"
45377424,1196,"Poison (The Dragonian, #3.5)"
33633091,1197,
26217041,1198,
25419642,1199,
40067814,1200,"Frostbite (The Dragonian, #3)"
40067808,1201,"Thunderlight (The Dragonian, #2)"
42220904,1202,"Venom (The Dragonian, #1.5)"
25272262,1203,Wicked Wind
16392633,1204,"Dire Needs (Eternal Wolf Clan, #1)"
16020052,1205,Alpha Instinct
23965232,1206,"The Alpha's Choice (The Wolvers, #2)"
21512193,1207,
43133641,1208,City In Embers
19059734,1209,Dark Currents
19082299,1210,
28342727,1211,Pure Blooded
26428718,1212,Red Blooded
24064573,1213,Cold Blooded
19183289,1214,Hot Blooded
21910727,1215,Clean Sweep
16778374,1216,Full Blooded
41392349,1217,Etched in Bone
41392342,1218,Marked in Flesh
40771712,1219,Vision in Silver
24495476,1220,Murder of Crows
21378102,1221,Written in Red
19221639,1222,Charity Moon (Charity Series) (Volume 1)
41195057,1223,
27141732,1224,
21859786,1225,
19152505,1226,Blood Moon
18517630,1227,Howl
25798185,1228,"Firebolt (The Dragonian, #1)"
15000428,1229,
26151444,1230,Everlasting
42908041,1231,Winter Wolf
43144903,1232,
43239885,1233,
42858211,1234,
42391983,1235,
41621988,1236,
42902347,1237,
42465462,1238,Wicked
18298461,1239,
24945461,1240,Gone with the Wolf
15955708,1241,Frost Burned
19238231,1242,Blood Lust Rising
21858126,1243,
779381,1244,Stray
23678768,1245,
21497162,1246,
42712404,1247,
42503595,1248,
6640393,1249,Claimed by the Wolf
26564597,1250,Avoiding Alpha (Alpha Girl 2)
41125602,1251,
25690152,1252,Becoming Alpha
21879550,1253,Fighter (Outsider Series)
19235528,1254,Insider (Outsider Series)
19137513,1255,Outsider (Outsider Series)
25982437,1256,
24993162,1257,
21732169,1258,
26971058,1259,
42269409,1260,
17778820,1261,
16768451,1262,
18996747,1263,Talented
27680174,1264,
25988113,1265,Starstruck
25527522,1266,
25656749,1267,
25212129,1268,
2780228,1269,Hotter After Midnight
24660932,1270,Blood Roses
34080634,1271,Consequence
21759169,1272,Dinner With a Vampire
21460274,1273,
24664105,1274,"Wolf Protector (Federal Paranormal Unit, #1)"
25390185,1275,
26658014,1276,
16270751,1277,
24163254,1278,
26036517,1279,Loving Her
25633711,1280,Keeping Her
22002447,1281,Blood Shadows
25127069,1282,"Fighting Destiny (The Fae Chronicles, #1)"
6612176,1283,"Steel Beauty (Halle Pumas, #4)"
6654275,1284,"Cat Of A Different Color (Halle Pumas, #3)"
5037441,1285,"Sweet Dreams (Halle Pumas, #2)"
5037440,1286,"The Wallflower (Halle Pumas,#1)"
24991570,1287,"Carnal Secrets (The Phoenix Pack, #3)"
18837721,1288,Here Be Sexist Vampires
21972361,1289,Wicked Cravings
16262419,1290,
17490994,1291,Katie's Hope
16418867,1292,Katie's Hellion
15759201,1293,
21473707,1294,
19171414,1295,Kindred
25033218,1296,Zoey Rogue
23575716,1297,
18194716,1298,"Fury of Fire (Dragonfury, #1)"
15057198,1299,
19083644,1300,Feral Sins
14524822,1301,Blood Law
19149865,1302,
21474681,1303,
21957579,1304,Dark Light
18624415,1305,The Mayfair Moon
26517464,1306,Shattered Promises
19212528,1307,
18847803,1308,First Bitten
16680623,1309,Significance
21378937,1310,
9937782,1311,
6252957,1312,Circle of Desire
19233011,1313,
17131309,1314,
19079965,1315,
18486007,1316,
15677347,1317,The Shadow Reader
17049638,1318,
10974973,1319,River Marked
6527865,1320,Silver Borne
3159812,1321,Bone Crossed
2577848,1322,Blood Bound
1178926,1323,Iron Kissed
15624375,1324,
18080558,1325,Inescapable
18028259,1326,
16908743,1327,Prince of Wolves
18206357,1328,
17673833,1329,
17839042,1330,Defiance
17055200,1331,Accordance
17344100,1332,Darkness devours
19009740,1333,
14863877,1334,Of Light and Darkness
6862266,1335,Mercy Burns
15303788,1336,
14263831,1337,
1762186,1338,Destiny Kills
13402207,1339,The Demon Trapper's Daughter
78812,1340,Tempting Danger
2362332,1341,Cry Wolf
2960529,1342,Breaking Dawn
2675454,1343,Eclipse
3203964,1344,"New Moon (Twilight, #2)"
14522678,1345,
18313046,1346,Vex
16788283,1347,Burn
16294859,1348,Tremble
15858896,1349,Ethereal
352039,1350,The Riddles of Epsilon
16713914,1351,
15324210,1352,Kiss of Frost
14324610,1353,Touch of Frost
69530,1354,Moon Called
431600,1355,Goddess of the Night (Daughters of the Moon #1)
3652511,1356,Twilight: The Complete Illustrated Movie Companion
7228948,1357,Moon Sworn
6252958,1358,Bound to Shadows
3910216,1359,Deadly Desire
2077401,1360,The Darkest Kiss
183059,1361,Embraced by Darkness
71640,1362,Dangerous Games
71641,1363,Tempting Evil
942019,1364,Kissing Sin
907142,1365,Full Moon Rising
857698,1366,Blue Bloods
201806,1367,The Nine Lives of Chloe King
13694350,1368,
16586899,1369,"The Nine Lives of Chloe King : The Fallen, The Stolen, The Chosen"
6613427,1370,Thirst No. 2
12935586,1371,Balefire
17371900,1372,
13350867,1373,
296240,1374,Wicked Lovely
30573,1375,Marked
3700340,1376,Fade
7204808,1377,Misguided Angel
13478796,1378,Defiance
8124623,1379,Glimmerglass
10823062,1380,"Firelight (Firelight, #1)"
7391743,1381,Nevermore
7461960,1382,The Haunted
7008092,1383,Spells
6517530,1384,Radiant Shadows
45652178,1385,Kudottujen kujien kaupunki
21575660,1386,Das Labyrinth der Traumenden Bucher
1476156,1387,Ship of Magic
17112812,1388,The Land of Decoration
2977991,1389,A Place Called Here
1214913,1390,Vellum
4767909,1391,The City & The City
1704675,1392,Die Stadt der Traumenden Bucher
6571827,1393,A Storm of Swords: Part 2 Blood and Gold
17243368,1394,A Storm of Swords: Part 1 Steel and Snow
2902890,1395,Tehanu
964597,1396,The Earthsea Trilogy
123918,1397,Les Fourmis
785046,1398,Molly Moon's Hypnotic Time Travel Adventure (Molly Moon)
1112418,1399,Vingt Mille Lieues Sous les Mers
106673,1400,Crystal Gorge
2402163,1401,Harry Potter and the Prisoner of Azkaban
1185086,1402,Lords and Ladies
909062,1403,The Valley of Secrets
2769,1404,Archer's Goon
429198,1405,Drachenreiter
368540,1406,Barry Trotter and the Unauthorized Parody
1796454,1407,Reaper Man
1482383,1408,"Rumo & Die Wunder im Dunkeln (Zamonien, #3)"
1096870,1409,The Treasured One
929672,1410,Witches Abroad
1494222,1411,Wyrd Sisters
2025563,1412,The Elder Gods
1141935,1413,The Artemis Fowl Files
1473664,1414,Molly Moon Stops the World
1333018,1415,The Eternity Code
508999,1416,The Arctic Incident
1982773,1417,Molly Moon's Incredible Book of Hypnotism
1334778,1418,Artemis Fowl
42089224,1419,
1019195,1420,Ensel und Krete: Ein Marchen aus Zamonien
55548884,1421,Alice in Wonderland
968051,1422,Polgara the Sorceress
1482372,1423,Die 131/2 Leben des Kapt'n Blaubar
938087,1424,Belgarath the Sorcerer
418854,1425,The Seeress of Kell
968049,1426,Sorceress of Darshiva
2987777,1427,Demon Lord of Karanda
1458832,1428,King of the Murgos
418832,1429,Guardians of the West
2102043,1430,Regina's Song
2960451,1431,"Shards of a Broken Crown (The Serpentwar Saga, #4)"
938064,1432,Enchanters' End Game
1808841,1433,Castle of Wizardry
938086,1434,Magician's Gambit
44016,1435,Queen of Sorcery
2558293,1436,Pawn of Prophecy
2389441,1437,
58217,1438,Dance Upon the Air
353509,1439,"The Monster's Ring (Magic Shop, #1)"
1232488,1440,Kitty and the Midnight Hour
46022931,1441,Grimms Marchen
20394260,1442,
39288904,1443,
25084223,1444,
1154929,1445,The Creature in the Case
3341361,1446,"A Caress of Twilight (Merry Gentry, #2)"
3341459,1447,"A Kiss of Shadows (Merry Gentry, #1)"
3341458,1448,"Seduced by Moonlighty (Merry Gentry, #3)"
3341382,1449,"A Stroke of Midnight (Merry Gentry, #4)"
4198,1450,Mistral's Kiss
3341405,1451,A Lick of Frost
7382823,1452,Bullet
12934445,1453,Pale Demon
2956823,1454,"Blood Noir (Anita Blake, Vampire Hunter, #16)"
2823886,1455,Swallowing Darkness
13811777,1456,Hit List
15507485,1457,A Perfect Blood
19930890,1458,The Sacred Veil
21739817,1459,Affliction
21417122,1460,A Shiver of Light
18634320,1461,UnEnchanted
23905509,1462,The Undead Pool
43149369,1463,
40431461,1464,Dead Ice
6125574,1465,Clariel: The Lost Abhorsen
24172413,1466,The Last Unicorn
51310121,1467,
47818846,1468,Crimson Death
42858213,1469,Goldenhand
18054826,1470,
89369,1471,The Hobbit and The Lord of the Rings
271287,1472,Fear the Fantastic
271299,1473,Gateway to the Gods
271265,1474,Brave the Betrayal
2239307,1475,Inside the Illusion
2239316,1476,Understand the Unknown
895780,1477,The Silver Kiss
271264,1478,Enter the Enchanted
271309,1479,Land of Loss
271307,1480,Search for Senna
2239312,1481,Mystify the Magician
271266,1482,Entertain the End
19112594,1483,Witch World
8028597,1484,
891434,1485,Alosha
1499371,1486,Sati
133009,1487,"Creatures of Forever (The Last Vampire, #6)"
1546538,1488,"The Red Dice (The Last Vampire, #3)"
132985,1489,Evil Thirst
2261601,1490,"Phantom (The Last Vampire, #4)"
13294276,1491,The Vampire Diaries. Stefan's Diaries: The Craving
18343086,1492,
757764,1493,The Last Vampire
10682093,1494,The Eternal Dawn
6113733,1495,Thirst No. 1
81165,1496,Black Blood
14649399,1497,The Shadow of Death
16187316,1498,
13320256,1499,Bloodlust
863,1500,The Abhorsen Trilogy Box Set
21457570,1501,"Harry Potter Collection (Harry Potter, #1-6)"
3187048,1502,"The Twilight Collection (Twilight, #1-3)"
6440505,1503,The Twilight Saga
9115558,1504,Eclipse: The Official Illustrated Movie Companion
3328799,1505,The Host
4197,1506,"The Killing Dance (Anita Blake, Vampire Hunter, #6)"
2534676,1507,"Burnt Offerings (Anita Blake, Vampire Hunter, #7)"
1136422,1508,"Blue Moon (Anita Blake, Vampire Hunter, #8)"
2477403,1509,"Obsidian Butterfly (Anita Blake, Vampire Hunter, #9)"
2644676,1510,"Narcissus in Chains (Anita Blake, Vampire Hunter, #10)"
1098613,1511,Bloody Bones
1183561,1512,The Lunatic Cafe
477836,1513,For a Few Demons More
30640,1514,Dead Witch Walking
1782584,1515,The Phantom Tollbooth
1479280,1516,Wicked: The Life and Times of the Wicked Witch of the West
902304,1517,The Last Unicorn
2067752,1518,Lirael
2339177,1519,Abhorsen
432538,1520,The Phoenix on the Sword
45777900,1521,Red Sister
21905325,1522,The Core
2498881,1523,A Song for Arbonne
21451403,1524,River of Stars
3221410,1525,Perdido Street Station
955081,1526,The Lions of Al-Rassan
26984941,1527,Morning Star
26984955,1528,Golden Son
21580644,1529,Red Rising
24657657,1530,Age of Myth
45956909,1531,Sharp Ends
43579664,1532,The Collectors
42456608,1533,The Shepherd's Crown
44301324,1534,The Death of Dulgath
19237752,1535,The Skull Throne
42306113,1536,
25481154,1537,Tower Lord
41936244,1538,Servant of the Crown
39948936,1539,
16451802,1540,
39896391,1541,
16202400,1542,Raising Steam
26299727,1543,
25482930,1544,
16665905,1545,Caine's Law
2971965,1546,Caine Black Knife
19148922,1547,Blood Song
21528629,1548,Emperor of Thorns
21568112,1549,Unfettered
302782,1550,Heroes Die
812258,1551,Blade of Tyshalle
14006150,1552,
7157817,1553,The Great Bazaar
1907200,1554,Tigana
17886928,1555,The Viscount and the Witch
17145858,1556,Percepliquis
21821161,1557,The Crown Tower
13570262,1558,Wintertide
10840700,1559,The Emerald Storm
6719900,1560,Nyphron Rising
5104916,1561,Avempartha
21574260,1562,The Crown Conspiracy
14150105,1563,The Daylight War
21706074,1564,Fireblood
19033302,1565,The First Law Trilogy
6527274,1566,The Desert Spear
17382436,1567,King of Thorns
15757439,1568,Perfect Shadow
12879765,1569,The Heroes
15940,1570,A Darkness at Sethanon
144096,1571,Silverthorn
766896,1572,Magician: Master
3634588,1573,God Emperor of Dune
16968698,1574,
22431183,1575,Interesting Times
17589683,1576,
226319,1577,
34495,1578,Where's My Cow?
18659768,1579,
34491,1580,Nation
62427,1581,Maskerade
529218,1582,The Healthy Dead: A Tale of Bauchelain and Korbal Broach
6309701,1583,The Dark Tower
2754911,1584,Wolves of the Calla
750558,1585,Wizard and Glass
3252850,1586,The Little Sisters of Eluria
13659124,1587,Snuff
9934116,1588,I Shall Wear Midnight
6432996,1589,Unseen Academicals
144656,1590,Making Money
583590,1591,Wintersmith
819104,1592,Thud!
2889659,1593,A Hat Full of Sky
2073281,1594,Monstrous Regiment
62580,1595,The Wee Free Men
1179689,1596,The Amazing Maurice and His Educated Rodents
1371210,1597,The Last Hero
46982,1598,Thief of Time
280092,1599,The Truth
819126,1600,The Fifth Elephant
968513,1601,Maskerade
1494234,1602,Carpe Jugulum
1128623,1603,Jingo
583655,1604,Hogfather
3312754,1605,Feet of Clay
34479,1606,Interesting Times
1107935,1607,Soul Music
59951,1608,Eric
819071,1609,Men at Arms
1229354,1610,Moving Pictures
968512,1611,Pyramids
62360,1612,Sourcery
592532,1613,The Light Fantastic
583611,1614,Equal Rites
1636617,1615,Going Postal
1636629,1616,Small Gods
1857065,1617,Mort
1128601,1618,Guards! Guards!
2571145,1619,The Mad Ship
2501194,1620,Ship of Destiny
21864462,1621,Inversions
6810673,1622,
446887,1623,Night of Knives
13311158,1624,The Crippled God
13295834,1625,Stonewielder
4767755,1626,Dust of Dreams
3898730,1627,Toll the Hounds
4379974,1628,Reaper's Gale
3898723,1629,The Bonehunters
3898719,1630,Midnight Tides
836472,1631,House of Chains
62929,1632,Ubik
830939,1633,Do Androids Dream of Electric Sheep?
9910828,1634,
1712283,1635,Night Watch
1260676,1636,Infinity Welcomes Careful Drivers
9789407,1637,Mort - playtext
836462,1638,Memories of Ice
2493041,1639,Return of the Crimson Guard
390335,1640,Chronicles of The Black Company (The Black Company / Shadows Linger / The White Rose)
3898716,1641,Deadhouse Gates
2960376,1642,Magician
44793360,1643,
42007396,1644,The Dangers of Dating a Rebound Vampire
27206862,1645,I'm Dreaming of an Undead Christmas
21505279,1646,
18201365,1647,Driving Mr. Dead
18148277,1648,The Care and Feeding of Stray Vampires
26484557,1649,Ghouls Rush In
18970166,1650,That Touch of Magic
21739822,1651,Undead and Unsure
16633029,1652,A Little Night Magic
13183860,1653,
18983073,1654,
10842449,1655,
8227174,1656,
19105183,1657,
1575861,1658,Many Waters
14527780,1659,Undead and Undermined
1470436,1660,Dead and Loving It
5532666,1661,Undead and Unwelcome
2260997,1662,Undead and Unworthy
2523591,1663,Undead and Uneasy
1239001,1664,Undead and Unpopular
2523590,1665,Undead and Unappreciated
1791813,1666,Undead and Unreturnable
602355,1667,Undead and Unemployed
2523603,1668,Undead and Unwed
8586274,1669,Dark and Stormy Knights
1771824,1670,My Big Fat Supernatural Honeymoon
2897411,1671,Blood Lite
7069024,1672,
6300509,1673,Strange Brew
4319010,1674,Publicity and Advertising
7108558,1675,
3472073,1676,"Wizard at Large (The Dresden Files, #6-7)"
1951482,1677,"Wizard Under Fire (The Dresden Files, #8-9)"
81246,1678,My Big Fat Supernatural Wedding
336392,1679,"Wizard By Trade (The Dresden Files, #4-5)"
135061,1680,Many Bloody Returns
336391,1681,"Wizard for Hire (The Dresden Files, #1-3)"
6793325,1682,Jim Butcher's the Dresden Files: Storm Front
4488907,1683,Mean Streets
13121247,1684,On the Hunt
18231052,1685,"Bound by Vengeance (Sentinel Wars, #5.5)"
16023028,1686,Dying Wish
14528013,1687,"Blood Hunt (Sentinel Wars, #5)"
10893604,1688,"Living Nightmare (Sentinel Wars, #4)"
7365297,1689,
6695039,1690,"Finding the Lost (Sentinel Wars, #2)"
6129749,1691,"Burning Alive (Sentinel Wars, #1)"
17360158,1692,
3258721,1693,A Dirty Job
1196035,1694,A Wind in the Door
55087763,1695,The Language of Thorns: Midnight Tales and Dangerous Magic
50105334,1696,Wonder Woman: Warbringer
46168634,1697,The Ship Beyond Time
24241276,1698,
24241274,1699,Ice Like Fire
41290415,1700,The Girl from Everywhere
26743053,1701,
25268052,1702,The Last Ever After
25268036,1703,A World without Princes
43242921,1704,Our Dark Duet
26476394,1705,A Grimm Warning
52691492,1706,Dividing Eden
21599439,1707,The School for Good and Evil
41890478,1708,The Wonder
45697227,1709,Caraval
45680041,1710,The Beauty of Darkness
43085233,1711,The Impostor Queen
50306201,1712,One Dark Throne
13441494,1713,Always a witch
25129104,1714,The Silver Mask
44491096,1715,Ever the Hunted
18256084,1716,Infinite
18207389,1717,Asunder
50323546,1718,Midnight Jewel
42855493,1719,This Savage Song
50459161,1720,
42862752,1721,Flame in the Mist
42990052,1722,The Midnight Star
42750582,1723,Three Dark Crowns
45355236,1724,A Torch Against the Night
27251886,1725,Legion
47253748,1726,The Crown's Fate
51572469,1727,Ash and Quill
50459758,1728,Rise of Fire
44275900,1729,
48026523,1730,
45995502,1731,Lady Helen and the Dark Days Pact
42721001,1732,King's Cage
49732883,1733,The End of Oz
41931486,1734,The Black Key
50650486,1735,
41931460,1736,White Rose
13442466,1737,Incarnate
44491089,1738,The Crown's Game
6581611,1739,Once a Witch
29267484,1740,The Crown
21986944,1741,In The Afterlight
21986942,1742,Never Fade
40727660,1743,Assassin's Heart
45771330,1744,Paper and Fire
40841682,1745,Unhooked
43297640,1746,These Vicious Masks
45236172,1747,The Love That Split the World
44880721,1748,Stealing Snow
39934787,1749,Ink and Bone
25129115,1750,The Bronze Key
16766265,1751,Tiger's Destiny
42862750,1752,The Rose & the Dagger
10966836,1753,Tiger's Voyage
8003906,1754,Tiger's Quest
21750762,1755,Lady Helen and The Dark Days Club
48158509,1756,Strange the Dreamer
44923008,1757,
26373306,1758,Yellow Brick War
45271857,1759,The Shadow Hour
45412052,1760,The King Slayer
46891010,1761,Poisoned Blade
46921227,1762,Life and Death: Twilight Reimagined
44560589,1763,Unforgiven
43190147,1764,Into the Fire
42475450,1765,The Rest of Us Just Live Here
7156226,1766,Tiger's Curse
27251870,1767,Soldier
42473707,1768,
42990051,1769,The Rose Society
42940029,1770,
42940027,1771,"Born to Endless Night (Tales from the Shadowhunter Academy, #9)"
42940024,1772,
42940022,1773,
42940021,1774,"Pale Kings and Princes (Tales from the Shadowhunter Academy, #6)"
25805959,1775,
44271628,1776,Reign of Shadows
25217978,1777,The Young Elites
42855494,1778,The Shadow Queen
41848992,1779,
25365273,1780,Court of Fives
42940020,1781,
42940018,1782,
42499085,1783,Silver in the Blood
24346742,1784,Stone Cold Touch
15789500,1785,Etiquette & Espionage
24346290,1786,White Hot Kiss
42940015,1787,
44797714,1788,Untamed
26014993,1789,Ensnared
24333509,1790,Unhinged
40112902,1791,
28353831,1792,The Girl at Midnight
42940014,1793,"The Lost Herondale (Tales from the Shadowhunter Academy, #2)"
25389909,1794,The Orphan Queen
27251846,1795,Rogue
25592624,1796,The Witch Hunter
25254172,1797,Hellhole
17562095,1798,Splintered
27431359,1799,Illusions of Fate
42347535,1800,Dangerous Deception
26696967,1801,
26373227,1802,The Wicked Will Rise
27473420,1803,Waterfall
25628593,1804,
42188842,1805,Daughter of Dusk
24221752,1806,Snow Like Ashes
24035257,1807,Talon
1741046,1808,A Curse Dark as Gold
41909343,1809,Firewalker
26240928,1810,Trial by Fire
24502541,1811,"Midnight Thief (Midnight Thief, #1)"
23752711,1812,Sorceress
25017444,1813,
26151490,1814,Dangerous Creatures
23959466,1815,
21848181,1816,Lair of Dreams
25778902,1817,
25386957,1818,While Beauty Slept
25339505,1819,The Forgotten Crown
21536663,1820,The Iron Traitor
17632083,1821,The Lost Prince
14547221,1822,The Iron Knight
7030253,1823,The Iron Queen
7030241,1824,The Iron Daughter
23745045,1825,
21987089,1826,The Shadow Prince
19147213,1827,The Shadowhunter's Codex
24209,1828,
2029445,1829,Sanctuary
1223594,1830,Safe House
3347086,1831,Code Name Cassandra
2665123,1832,Page
1142883,1833,Squire
1090193,1834,"Wolf-Speaker (Immortals, #2)"
1375705,1835,First Test
1112038,1836,"The Realms of the Gods (Immortals, #4)"
3094151,1837,"Emperor Mage (Immortals, #3)"
1123089,1838,The Woman Who Rides Like a Man
1171314,1839,"Wild Magic (Immortals, #1)"
1123099,1840,Lioness Rampant
1936544,1841,Alanna: The First Adventure
19926371,1842,Grotesque
14435417,1843,Fracture
21839080,1844,The Book of Life
18301054,1845,Twice Tempted
7288100,1846,"Once Burned (Night Prince, #1)"
7096800,1847,Eternal Kiss of Darkness
6579128,1848,First Drop of Crimson
15260779,1849,Up From the Grave
7087991,1850,"One Grave at a Time (Night Huntress, #6)"
7087993,1851,"This Side of the Grave (Night Huntress, #5)"
5776219,1852,Destined for an Early Grave
3612435,1853,At Grave's End
2174436,1854,One Foot in the Grave
1412415,1855,Halfway to the Grave
24253415,1856,
16887091,1857,
21397200,1858,Winds of Salem
16268166,1859,
17620275,1860,The Serpent's Kiss
12909181,1861,Witches of East End
33790,1862,The Unfortunate Miss Fortunes
6568507,1863,Wild Ride
19104295,1864,Lord of Shadows
19104294,1865,Lady Midnight
22436394,1866,The Bane Chronicles
14190669,1867,The Last Guardian
7250253,1868,The Atlantis Complex
2184954,1869,The Time Paradox
1866210,1870,The Lost Colony
21437968,1871,
21425543,1872,Fall of Night
18705870,1873,Bitter Blood
14412693,1874,Black Dawn
14412686,1875,Last Breath
13673332,1876,Bite Club
10018961,1877,Ghost Town
6474295,1878,Fade Out
7241833,1879,Kiss of Death
3600162,1880,Lord of Misrule
5280008,1881,Carpe Corpus
253091,1882,The Dead Girls' Dance
2302138,1883,Feast of Fools
531546,1884,Midnight Alley
27912,1885,Glass Houses
3144132,1886,"Lament: The Faerie Queen's Deception (Books of Faerie, #1)"
17589089,1887,The Chaos of Stars
21862443,1888,Teardrop
19238607,1889,Dead Silence
15372629,1890,The Last Echo
10880922,1891,Desires of the Dead
6196751,1892,The Body Finder
16365346,1893,The Bitter Kingdom
15730581,1894,The Crown of Embers
13282366,1895,The Girl of Fire and Thorns
5122699,1896,Wings
21773721,1897,
21474080,1898,
17151998,1899,Enchanted
9720811,1900,Tiger Lily
19260000,1901,Opposition
19259997,1902,Origin
18591132,1903,Opal
18211575,1904,Onyx
17588854,1905,Obsidian
10965495,1906,Goddess
16346178,1907,
16346171,1908,Arise
14137071,1909,Hereafter
21474467,1910,The Retribution of Mara Dyer
6474015,1911,Gone
16269624,1912,
6556073,1913,Darkest Mercy
5219564,1914,Fragile Eternity
2327820,1915,"Ink Exchange (Wicked Lovely, #2)"
6252991,1916,"Ballad: The Gathering of Faerie (Books of Faerie, #2)"
15018468,1917,
6813644,1918,Afterlife
2748013,1919,Evernight
24352007,1920,
21169646,1921,
17375535,1922,Of Poseidon
21820885,1923,
24159368,1924,
18594320,1925,
15687974,1926,Rift
15114912,1927,The Immortal Rules
19167673,1928,The Eternity Cure
25046312,1929,The Forever Song
15752995,1930,The Goddess Inheritance
15011943,1931,Goddess Interrupted
19699754,1932,Ruin and Rising
3239545,1933,Haunted
1319792,1934,Masquerade
2013708,1935,Darkest Hour
13291257,1936,Once in a Full Moon
15728596,1937,Gates of Paradise
14465478,1938,Lost In Time
7103750,1939,Undead and Unfinished
10501517,1940,The Diviners
16499524,1941,Shadow of Night
16003318,1942,Hidden
13190160,1943,A Discovery of Witches
11290776,1944,Destined
7366280,1945,Awakened
7145410,1946,Burned
6445600,1947,Tempted
4181277,1948,Hunted
17508816,1949,Hidden
14810636,1950,"Drink, Slay, Love"
1315683,1951,Chosen: A House of Night Novel
662923,1952,Betrayed: a House of Night Novel
3072872,1953,The Sweet Far Thing
2227212,1954,Demon in My View
13942966,1955,Endlessly
16537532,1956,"Bewitching (Kendra Chronicles, #2)"
13451137,1957,Supernaturally
14321219,1958,Vanish
2013729,1959,Reunion
227520,1960,Ninth Key
6568723,1961,The Dark Divine
6949381,1962,Paranormalcy
3936,1963,Devilish
2644653,1964,Prom Dates from Hell
481304,1965,White Is for Magic
2349900,1966,Twilight
1696926,1967,Rebel Angels
3463,1968,
1178402,1969,Dealing with Dragons
275023,1970,Ironside: A Modern Faery's Tale
1142860,1971,In the Hand of the Goddess
2779542,1972,Revelations
2892871,1973,Untamed: A House of Night Novel
51396954,1974,Norse Mythology
45970777,1975,The Last Days of New Paris
215093,1976,The Other Wind
1322014,1977,The Farthest Shore
41886949,1978,
1322146,1979,The Tombs of Atuan
15035866,1980,The Rithmatist
2771466,1981,Alvin Maker: Seventh Son
40712188,1982,Shadows for Silence in the Forests of Hell
26523522,1983,
40051132,1984,The Paper Magician
45263607,1985,This Census-Taker
43365539,1986,
41947380,1987,Trigger Warning: Short Fictions and Disturbances
27565413,1988,Rogues
3300232,1989,The Lost Gate
41739588,1990,
15845701,1991,The Whitefire Crossing
1096,1992,The Long Dark Tea-Time of the Soul
1042123,1993,Dirk Gently's Holistic Detective Agency
3747636,1994,"Nihal della Terra del Vento (Le Cronache del Mondo Emerso, #1)"
15675828,1995,
21547736,1996,The Golem and the Jinni
24089682,1997,
23898677,1998,
22429000,1999,
20434516,2000,Fade to Black
189503,2001,Beowulf
45379343,2002,
17373771,2003,Railsea
135328,2004,The Ultimate Hitchhiker's Guide: Five Complete Novels and One Story
2375385,2005,"Alice's Adventures in Wonderland. Through the Looking Glass, and what Alice found there"
6172120,2006,"The Book of Lost Tales, Part Two"
3590864,2007,"The Book of Lost Tales, Part One"
4733799,2008,The Silmarillion
68894,2009,The Island of Dr. Moreau
8814204,2010,Kraken: An Anatomy
1870961,2011,King Rat
66379,2012,Iron Council
2959401,2013,Un Lun Dun
731674,2014,The Scar
964487,2015,That Hideous Strength
3148586,2016,Perelandra
26679989,2017,
15119299,2018,
17611940,2019,
17057450,2020,
14998424,2021,
26575219,2022,
24644753,2023,
21856963,2024,
18054770,2025,Wicked Nights
904770,2026,Demon's Kiss
15771620,2027,Twilight Fulfilled
3369446,2028,"Noah (Nightwalkers, #5)"
18189398,2029,A Taste of Midnight
15490406,2030,Where Demons Fear to Tread
48292538,2031,
11021878,2032,El libro de Jade
15458943,2033,Qiang Wei Niang nokisu 5
15459091,2034,Qiang Wei Niang nokisu 6
15458934,2035,Qiang Wei Niang nokisu 4
15458921,2036,Qiang Wei Niang nokisu 3
15458900,2037,Qiang Wei Niang nokisu 2
15458839,2038,Qiang Wei Niang nokisu 1
2447840,2039,Into the Flame
2447839,2040,Into The Shadow
832133,2041,Touch of Darkness
1962271,2042,Scent of Darkness
935990,2043,Out of the Night (A Night Slayer Book; #1) (Warner Forever)
421481,2044,The Pleasure Slave
450431,2045,The Stone Prince
14610994,2046,The Restorer
14731096,2047,Twilight Prophecy
1676569,2048,The Highlander's Touch
2980277,2049,Night Play
613039,2050,Kiss of the Night
81269,2051,"Night Embrace (Dark-Hunter, #2)"
4112814,2052,Night Pleasures
21900569,2053,Beyond the Highland Mist
9592754,2054,Hearts at Stake
464779,2055,The Darkest Night
3415432,2056,"The Darkest Fire (Lords of the Underworld, #0.5)"
338937,2057,The Man Within
579543,2058,Tempting the Beast
703451,2059,shiyugashiyugarun 1
755315,2060,Elijah
2334517,2061,"Damien (Nightwalkers, #4)"
688348,2062,Gideon
107202,2063,Jacob
6523794,2064,mitsudonaitosekuretari #1
6149022,2065,Love Monster (Volume 1)
1372224,2066,pichipichipitsuchi 1
15949685,2067,Reimi no Arcana
5389606,2068,buratsudeiKISS
251609,2069,
13077709,2070,Shen Yang hazimemashita 1
8097252,2071,Qing noFu Mo Shi  1
991924,2072,Dance with the Devil
2384,2073,Fantasy Lover
15675616,2074,Avenger's Angel
385351,2075,The Struggle
1157551,2076,The Fury
1659113,2077,The Awakening
11649990,2078,Deeper than Midnight
7085183,2079,"Taken by Midnight (Midnight Breed, #8)"
6672493,2080,Shades of Midnight
3412710,2081,Veil of Midnight
1931181,2082,Midnight Rising
1378890,2083,Midnight Awakening
702043,2084,Kiss of Crimson
690332,2085,Kiss of Midnight
15702803,2086,Lothaire
13402106,2087,Dreams of a Dark Warrior
7355830,2088,Demon From the Dark
6522883,2089,Pleasure of a Dark Prince
6478941,2090,Deep Kiss Of Winter
3627605,2091,Kiss of a Demon King
2007518,2092,Dark Desires After Dusk
1605350,2093,Dark Needs at Night's Edge
423977,2094,Wicked Deeds on a Winter's Night (Immortals After Dark #4)
1097825,2095,No Rest for the Wicked
16422,2096,A Hunger Like No Other
6576853,2097,The Warlord Wants Forever
255083,2098,vuanpaiaQi Shi  1
6806006,2099,Heart no Kuni no Alice
60533,2100,Mo Fa Qi Shi reiasu Di 1Juan
1145033,2101,merupuri meruhenpurinsu 1
6419529,2102,"Black Bird, Volume 1"
2297814,2103,Quan Ye Cha  1
236439,2104,xxxHOLiC #1
15710,2105,tsubasa-RESERVoir CHRoNiCLE- 1
50230679,2106,The Chosen
13411866,2107,Bloodfever
49782231,2108,
1305338,2109,Nu Shen Ji
45119441,2110,All the Birds in the Sky
6569140,2111,Soulless
503349,2112,Twilight Illusions
16251205,2113,Smolder
45020928,2114,The Beast
25031265,2115,
14557339,2116,
44552981,2117,
1194427,2118,Twilight Memories
1395284,2119,Twilight Phantasies
41358233,2120,The Sleeper and the Spindle
18981596,2121,The Truth Is a Cave in the Black Mountains
40712769,2122,
24464209,2123,
513223,2124,banpaiahantaD 1
1900518,2125,Blood+
727683,2126,Yao shinoseresu 8
420998,2127,Yu Yu Hakusho
1047579,2128,
2321296,2129,
5220803,2130,
8154069,2131,The Native Star
2715068,2132,Call of the Highland Moon
11022865,2133,The Iron Duke
24749971,2134,The King
41120683,2135,The Shadows
895781,2136,Blood and Chocolate
19151084,2137,Lover at Last
108558,2138,Darkfever
14428619,2139,"Envy (Fallen Angels, #3)"
7156794,2140,Crave
6474277,2141,Covet
65477,2142,Touch the Dark
81223,2143,The Dream Hunter
3178,2144,
1045176,2145,
2984336,2146,Spindle's End
359276,2147,More Minds
1376418,2148,"Of Two Minds (Minds, #1)"
254960,2149,Dreamsnake
47697,2150,Immortal
2346717,2151,A Fistful of Charms
2756601,2152,"The Good, the Bad, and the Undead"
2321294,2153,Sunshine
47699,2154,"The Watchers Guide, Volume 1 (Buffy the Vampire Slayer)"
47487,2155,The Monster Book
15911884,2156,Lover Reborn
12784133,2157,"Lover Avenged, part two"
7370233,2158,"Lover Avenged, part one"
5164827,2159,"Lover Enshrined, part two"
1928049,2160,"Lover Enshrined, part one"
295059,2161,Lover Unbound
2958166,2162,Lover Revealed
2906930,2163,The Black Dagger Brotherhood: An Insider's Guide
2321293,2164,Deerskin
1514441,2165,Tailchaser's Song
193416,2166,Holidays Are Hell
26526615,2167,"Beyond the Kingdoms (The Land of Stories, #4)"
26378005,2168,The Revenge of Seven
6459477,2169,Kingdom Keepers III: Disney in Shadow
5526541,2170,The Kingdom Keepers: Disney at Dawn
2907344,2171,The Kingdom Keepers
24510911,2172,Death Weavers
24510910,2173,
24510909,2174,Rogue Knight
25331231,2175,Sky Raiders
17064531,2176,"Chasing the Prophecy (Beyonders, #3)"
18081677,2177,Palace of Stone
6627894,2178,The Icebound Land
6627890,2179,The Burning Bridge
3354660,2180,The Alchemyst: The Secrets of The Immortal Nicholas Flamel
2321285,2181,Beauty: A Retelling of the Story of Beauty and the Beast
6014161,2182,
2176540,2183,DragonLight (DragonKeeper Chronicles #5)
603123,2184,DragonKnight (DragonKeeper Chronicles #3)
1177401,2185,Dragonfire (DragonKeeper Chronicles #4)
231482,2186,DragonQuest (DragonKeeper Chronicles #2)
166822,2187,
16207441,2188,
6836105,2189,The Golden Spiral
6398005,2190,The Hourglass Door
16181497,2191,"Seeds of Rebellion (Beyonders, #2)"
13155786,2192,A World Without Heroes
1139000,2193,Enna Burning
6158856,2194,Forest Born
240752,2195,River Secrets
2081992,2196,Book of a Thousand Days
2225486,2197,"The Journal of Curious Letters (The 13th Reality, #1)"
6278088,2198,"Fablehaven: Keys to the Demon Prison (Fablehaven, #5)"
1100537,2199,The Candy Shop War
2715267,2200,The Goose Girl
2156412,2201,Grip of the Shadow Plague
770911,2202,Rise of the Evening Star
2129546,2203,Fablehaven
944238,2204,The Secret Hour
3101415,2205,"Leven Thumps and the Wrath of Ezra (Leven Thumps, #4)"
2432390,2206,Gregor and the Code of Claw
3295041,2207,"Fablehaven: Secrets of the Dragon Sanctuary (Fablehaven, #4)"
52050382,2208,
53360453,2209,The Library of Fates
50699014,2210,
47411892,2211,Down Among the Sticks and Bones
23584221,2212,
42805837,2213,
44868262,2214,Of Fire and Stars
44880857,2215,Forest of Ruin
45313140,2216,Every Heart a Doorway
40806728,2217,Empire of Night
42676457,2218,Ya Ren  4 (Ya Ren  #4)
41622224,2219,Ya Ren  3
23755314,2220,
46063515,2221,No Good Dragon Goes Unpunished
52006338,2222,
49346082,2223,The Thief's Daughter
21445699,2224,The Strange and Beautiful Sorrows of Ava Lavender
24809605,2225,Stiletto
46189029,2226,The Queen's Poisoner
47300899,2227,
42805826,2228,Nevernight
49565477,2229,"Demigods and Monsters (Sphinx, #2)"
25336272,2230,Curse of the Sphinx
47300892,2231,Water's Wrath
46785371,2232,
45977131,2233,
43168216,2234,
41912170,2235,
6812394,2236,The Siren
23584222,2237,
43797160,2238,Endure
21956111,2239,Shadow Study
1970128,2240,Fire Study
1254584,2241,Magic Study
1180409,2242,Poison Study
25128497,2243,Ignite
24246340,2244,Defy
19250719,2245,End of Days
18142457,2246,World After
19696664,2247,
19200593,2248,
18364495,2249,Shadows
42405504,2250,
41612067,2251,
3565583,2252,Johannes Cabal the Necromancer
7016676,2253,Spooky Little Girl
5193717,2254,The Girl Who Chased the Moon
6104018,2255,Monster
13552477,2256,Moon Over Soho
13552476,2257,Rivers of London
30107715,2258,
16704401,2259,The Legend of Eli Monpress
411263,2260,Shade's Children
14805540,2261,Damned
774561,2262,All My Friends Are Superheroes
18683185,2263,Lord's Fall
6633597,2264,Ecstasy Unveiled
25196395,2265,
19147118,2266,The Phantom King
24156163,2267,
18983973,2268,The Vampire King
990233,2269,Spell of the Highlander
17427104,2270,Iced
3332311,2271,To Challenge a Dragon
15956816,2272,Sophia
13462673,2273,"Rajmund (Vampires in America, #3)"
6949721,2274,
6587077,2275,Raphael
16392681,2276,Oracle's Moon
15737277,2277,
14553167,2278,Storm's Heart
14524855,2279,Dragon bound
13447278,2280,Amaury's Hellion
14655212,2281,"Wings of Fire (Guardians of Ascension, #3)"
12826544,2282,Ascension
14199193,2283,"Burning Skies (World of Ascension, #2)"
1281288,2284,The Immortal Highlander
2203425,2285,The Dark Highlander
2746769,2286,Kiss of the Highlander
417124,2287,"Private Demon (Darkyn, #2)"
766900,2288,"If Angels Burn (Darkyn, #1)"
228316,2289,Succubus Blues
13320922,2290,Samson's Lovely Mortal
14816133,2291,"Demon Marked (The Guardians, #7)"
7373990,2292,"Demon Blood (The Guardians, #6)"
6544517,2293,"Demon Forged (The Guardians, #5)"
3312394,2294,"Demon Bound (The Guardians, #4)"
6444397,2295,Unholy Ghosts
1536223,2296,"Demon Night (The Guardians, #3)"
42139,2297,"Demon Angel (The Guardians, #1)"
1053093,2298,"Demon Moon (The Guardians, #2)"
17026278,2299,
13585210,2300,
10894547,2301,
7294255,2302,
6227529,2303,
4606059,2304,
3146356,2305,Hostage to Pleasure
1830610,2306,Mine To Possess
446535,2307,
208772,2308,Visions of Heat
16186138,2309,Archangel's Storm
12787590,2310,Archangel's Blade
172416,2311,Slave to Sensation
8758998,2312,
6579113,2313,
3863622,2314,
12985451,2315,Darker After Midnight
4834062,2316,Ashes of Midnight
1242015,2317,Shadow Game
6967072,2318,Shadowfever
2728068,2319,Faefever
6225943,2320,Dreamfever
4765865,2321,Passion Unleashed
4546955,2322,Desire Unchained (Shadow Lover)
2704935,2323,Pleasure Unbound
14144888,2324,Eye of the Tempest
10572802,2325,Tempest's Legacy
1695714,2326,La Princetta et le capitaine
3016959,2327,Time Cat : The Remarkable Journeys of Jason and Gareth
19149817,2328,
45605935,2329,The Masked City
14765901,2330,Agatha H. and the Airship City
49582736,2331,
46249638,2332,The Hidden Oracle
44589645,2333,Rebel of the Sands
43548024,2334,Sorcerer to the Crown
40717845,2335,The Invisible Library
21984888,2336,The Royal Ranger
16102896,2337,The Invaders
2567355,2338,M Is for Magic
21740855,2339,
15455900,2340,The Outcasts
6417578,2341,The Iron Thorn
6888828,2342,The Necromancer: The Secrets of The Immortal Nicholas Flamel
10867541,2343,
16236911,2344,The Lost Stories
16124179,2345,
8151,2346,Las luces de septiembre
2904854,2347,Legacy
2046518,2348,Firewing
843370,2349,"Silverwing (Silverwing, #1)"
1179491,2350,Sunwing
8251543,2351,The Chaos
6313339,2352,Numbers
2224651,2353,Eclipse
2221966,2354,Seeker
1178369,2355,The Little White Horse
10953750,2356,
6866602,2357,City of Ships
1575331,2358,City of Flowers
3877942,2359,City of Stars
130947,2360,"Das Steinerne Licht (Merle-Trilogie, #2)"
925083,2361,"Die Fliessende Konigin (Merle-Trilogie, #1)"
6291710,2362,Freefall
2897994,2363,Deeper
8943943,2364,Closer
1163669,2365,Tunnels
323288,2366,The Oracle Betrayed
13322179,2367,The Warlock
13758674,2368,The Death of Joan of Arc
4638383,2369,The Sorceress
15195711,2370,Between
1329309,2371,De brief voor de koning
3017319,2372,The Two Pearls of Wisdom
3877968,2373,City of Masks
3216911,2374,The Magician: The Secrets of The Immortal Nicholas Flamel
9985502,2375,
6534539,2376,Halt's Peril
6627900,2377,The Kings of Clonmel
2862215,2378,Erak's Ransom
6627899,2379,The Siege of Macindaw
6627897,2380,The Sorcerer in the North
23627794,2381,
19141937,2382,Kade's Dark Embrace
41379200,2383,
31360251,2384,Witch Hunt
42221348,2385,Karma
14436737,2386,Toil and Trouble
32381998,2387,
22314438,2388,
42581168,2389,Grim Tidings
42859720,2390,
10738739,2391,
23982680,2392,
25440185,2393,
23635438,2394,
26887845,2395,
18168692,2396,"Damnation Marked (Descent, #4)"
22168910,2397,Dire Blood
24797466,2398,Defying Fate
24155885,2399,Paradise Damned
40210624,2400,Lost in Prophecy
41529873,2401,
43954339,2402,Omega
45165873,2403,
48428075,2404,
46166724,2405,The Wilds
46064463,2406,Recombinant
18986500,2407,
21820168,2408,
26487585,2409,
48409435,2410,The Hunt
46144481,2411,
47256997,2412,
25225704,2413,A Touch of Midnight
23634927,2414,
15716582,2415,
940067,2416,Saving The World and Other Extreme Sports
3787812,2417,Max
21484654,2418,
15813784,2419,The Soulkeepers (The Soulkeepers #1)
14688091,2420,
16365353,2421,
18153882,2422,
19231486,2423,
19137137,2424,
23745703,2425,
25460307,2426,
25460298,2427,
18301724,2428,
15082231,2429,Damian's Oracle
18325429,2430,Damian's Immortal
15498336,2431,Damian's Assassin
21444438,2432,The Grey God
23697162,2433,
24660004,2434,Xander's Chance
3150549,2435,The Accidental Demon Slayer
6228393,2436,The Dangerous Book for Demon Slayers
6620052,2437,A Tale of Two Demon Slayers
17203534,2438,
19015672,2439,
21984775,2440,
21577031,2441,
25256318,2442,
21811112,2443,
25703472,2444,
26151302,2445,
24506629,2446,Immune (A Rylee Adamson Novel) #2
26623370,2447,
25605591,2448,Shadowed Threads
26325838,2449,"Blind Salvage (Rylee Adamson, #5)"
40068121,2450,Tracker (A Rylee Adamson Novel) #6
19164337,2451,Blade Song
21731909,2452,Night Blade
24514008,2453,Broken Blade
40789977,2454,
13410572,2455,To Kill a Warlock
25262916,2456,
21713564,2457,
17491002,2458,"Sundered (The Nevermore Trilogy, Book 1)"
24035039,2459,
18145869,2460,
17680200,2461,
13410545,2462,Fire Burn and Cauldron Bubble
25643846,2463,
24903649,2464,
18214079,2465,
16405744,2466,
15603396,2467,Something Secret This Way Comes
2593241,2468,50 Ways to Hex Your Lover
9118315,2469,Marked
15849585,2470,
15849581,2471,
15678885,2472,Lords of the Underworld Collection
14889975,2473,The Darkest Seduction
12659235,2474,The Darkest Surrender
13277173,2475,"The Darkest Secret (Lords of the Underworld, #7)"
6954933,2476,The Darkest Lie (Lords of the Underworld #6)
5620959,2477,The Darkest Whisper
2738513,2478,The Darkest Pleasure
6639480,2479,"Alpha (Shifters, #6)"
6313346,2480,Prey (Shifters #4)
4642188,2481,Pride (Shifters #3)
6639479,2482,Shift (Shifters #5)
4633523,2483,Rogue (Shifters #2)
6954915,2484,"The Darkest Passion (Lords of the Underworld, #5)"
2506307,2485,The Darkest Kiss
44999109,2486,hueariteiru 50
44877365,2487,FAIRY TAIL 49
42292939,2488,FAIRY TAIL 48
41711741,2489,Fairy Tail 47
19237541,2490,
43456323,2491,The Tournament at Gorlan
40878277,2492,Jin Ji noJu Ren  Before the Fall (3)
27173227,2493,Jin Ji noJu Ren  Before the Fall (2)
1121251,2494,Faerie Wars
323310,2495,Incarceron
15822108,2496,
18022522,2497,Mortal
7279979,2498,Keys to the Repository
1718524,2499,"Black Heart (Vampirates, #4)"
1070147,2500,"Blood Captain (Vampirates, #3)"
2231450,2501,Vampirates: Tide of Terror
1140887,2502,Vampirates: Demons of the Ocean
3204657,2503,Peter and the Shadow Thieves
4854716,2504,Green
1614882,2505,Black 1. The Birth of Evil
444572,2506,Red
1299706,2507,White
1019140,2508,The Supernaturalist
2079577,2509,East
10120579,2510,Bloody Valentine
2690582,2511,Peter and the Secret of Rundoon
7380596,2512,Peter and the Sword of Mercy
52218734,2513,"Short Stories from Hogwarts of Power, Politics and Pesky Poltergeists"
42139488,2514,Black Bird of the Gallows
50541441,2515,The Epic Crush of Genie Lo
45580046,2516,The Black Witch
47473773,2517,The Last 13 Nights of Prosperity Redding
47512648,2518,Empress of a Thousand Skies
44767821,2519,
50799556,2520,The Last Magician
26688500,2521,
22202789,2522,Tell the Wind and Fire
45679400,2523,
42677282,2524,Welcome to Night Vale
14188292,2525,Captive Prince
43872842,2526,Two Years Eight Months and Twenty-Eight Nights
44689306,2527,
42905086,2528,The Accident Season
40849819,2529,A Thousand Nights
40690062,2530,Magonia
40360384,2531,Passenger
25084736,2532,Gates of Thread and Stone
18111704,2533,Falling Kingdoms
25336143,2534,In Time
15706156,2535,Gulliver's Travels and Other Writings
175305,2536,"The Lost One (Daughters of the Moon, #6)"
196042,2537,"Night Shade (Daughters of the Moon, Book 3)"
175320,2538,"Into the Cold Fire (Daughters of the Moon, #2)"
175306,2539,"Possession (Daughters of the Moon, Book 8)"
175307,2540,"The Secret Scroll (Daughters of the Moon, #4)"
175304,2541,"The Sacrifice (Daughters of the Moon, Book 5)"
175313,2542,"Moon Demon (Daughters of the Moon, Book 7)"
312362,2543,
18093620,2544,The Madness Underneath
14037039,2545,The Name of the Star
22083082,2546,
2957223,2547,Kin
2557914,2548,
382708,2549,The Gift
50078773,2550,Frogkisser!
46860968,2551,
2179265,2552,House of Many Ways
44736077,2553,Carve the Mark
18014570,2554,
13882126,2555,From Bad to Cursed
45341154,2556,The Vampire's Mail Order Bride
46116718,2557,Goddess of Love
30582,2558,"Goddess of the Rose (Goddess Summoning, Book 4)"
30579,2559,Goddess of Light
30585,2560,Goddess of the Sea
13164550,2561,Twilight's Dawn
2510728,2562,Tangled Webs
2464104,2563,The Invisible Ring
469172,2564,Dreams Made Flesh
1725813,2565,Queen of the Darkness
2510727,2566,Heir to the Shadows
353853,2567,Daughter of the Blood
3198567,2568,"Fish Out of Water (Fred the Mermaid, #3)"
2627515,2569,"Swimming Without a Net (Fred the Mermaid, #2)"
1089412,2570,"Sleeping with the Fishes (Fred the Mermaid, #1)"
2600,2571,Aerie
2614,2572,"Sanctuary (Dragon Jousters, #3)"
1270280,2573,Alta
2601,2574,"Joust (Dragon Jousters, #1)"
3188,2575,The Wings of Merlin
3190,2576,The Mirror of Merlin
1178578,2577,The Fires of Merlin
101118,2578,The Seven Songs of Merlin
1177518,2579,The Lost Years of Merlin
6705364,2580,"Call of the Herald (The Dawning of Power, #1)"
21589210,2581,
3464,2582,So You Want to Be a Wizard
255085,2583,Vampire Kisses
20424,2584,"Bi Fang kara, 1"
1178204,2585,Song of the Wanderer
13766812,2586,The Crow
952544,2587,
2219294,2588,Hawksong
1142872,2589,Trickster's Queen
858967,2590,
960357,2591,hushigiYou Xi  Xuan Wu Kai Chuan  1
727647,2592,"Alice 19th arisu19th, 01"
2389949,2593,hushigiYou Xi  1
556398,2594,Man Yue wosagashite 1
1854946,2595,BLEACH--burichi-- 1
42924804,2596,
42500945,2597,
56890129,2598,
54710162,2599,
56456528,2600,
55973650,2601,Agent of Enchantment
45176548,2602,
43194081,2603,
42565992,2604,
41869457,2605,Dire Straits
56439572,2606,
55840251,2607,
41782762,2608,
25699856,2609,Bloodlust
23644778,2610,
23644755,2611,Bloodfire
44464694,2612,
44382088,2613,Candidate
42856314,2614,
42470738,2615,
6705313,2616,Scary Mary
817527,2617,The Left Hand of Darkness
47934504,2618,The Bone Witch
42795876,2619,
41118064,2620,Crystal Magic
19750450,2621,
45485617,2622,
45485676,2623,
45363117,2624,
25264162,2625,
24820452,2626,
23588727,2627,
48759179,2628,Moon Chosen
51800008,2629,
47803099,2630,
45966143,2631,
40166915,2632,
41130531,2633,
26964645,2634,
22385846,2635,Magic of Thieves
14468425,2636,
21744601,2637,
48617059,2638,
46816618,2639,
46740,2640,A Gift of Magic
42395552,2641,Kingdom of Lies (Imp Series Book 7)
41189221,2642,
45621180,2643,
30158053,2644,Fire Touched
24754044,2645,
30701,2646,Wyvernhail
4064,2647,Snakecharm
1025545,2648,Falcondance
1389708,2649,Midnight Predator
2072443,2650,Shattered Mirror
1389697,2651,In the Forests of the Night
10945190,2652,
4704444,2653,Red-Headed Stepchild
2976393,2654,Rhapsody: Child of Blood
6670775,2655,Magic Bleeds
43015191,2656,
14685373,2657,Kindling the Moon
42955198,2658,Alice
46941,2659,Shadows and Light
255986,2660,The Forbidden Land: The Witches of Eileanan (Book 4)
353850,2661,The Pillars of the World
2542025,2662,Blood Price
2446828,2663,"Once Bitten, Twice Shy"
18132465,2664,
9359080,2665,
170999,2666,
15117559,2667,
15117671,2668,
2986639,2669,"Fire in the Mist (Arhel, #1)"
38381,2670,Magic Bites
24495112,2671,Night Broken
6740123,2672,"Blood Magic (The World of the Lupi, Book 6)"
3471171,2673,Mortal Sins
601221,2674,Blood Lines
41496733,2675,
22024655,2676,Endless Knight
13001065,2677,MacRieve
18972016,2678,Poison Princess
11083928,2679,"Sea Storm (Drake Sisters, #1 & #3)"
5010799,2680,"Hidden Currents (Drake Sisters, #7)"
2411028,2681,"Turbulent Sea (Drake Sisters, #6)"
2024946,2682,Safe Harbor
4113560,2683,Dangerous Tides
1618703,2684,Oceans of Fire
295060,2685,Lover Beware
1242011,2686,Magic in the Wind
1847372,2687,Dark Legend
3266642,2688,"Dark Demon (Carpathians, #16)"
91402,2689,Dark Guardian
2799713,2690,Dark challenge
464925,2691,Dark Fire
2830894,2692,Dark Magic
174338,2693,Dark Desire
2609827,2694,Dark Prince
613030,2695,Unleash the Night
3202442,2696,Acheron
720385,2697,Night's Child: Moira's Story
762012,2698,Reckoning
762024,2699,Full Circle
1428641,2700,Origins
2224652,2701,Strife
762013,2702,Changeling
1546811,2703,The Calling
762021,2704,Awakening
324444,2705,Dark Magick
3228405,2706,Blood witch
661619,2707,The Coven
661618,2708,Book of Shadows
324194,2709,"The Kill (The Forbidden Game, #3)"
85399,2710,"The Chase (The Forbidden Game, #2)"
85398,2711,"The Hunter (The Forbidden Game, #1)"
285263,2712,"The Passion (Dark Visions, #3)"
589761,2713,"The Possessed (Dark Visions, #2)"
21402683,2714,
19050415,2715,The Hunt
17507944,2716,"The Divide (The Secret Circle, #4)"
385372,2717,Dark Reunion
9412768,2718,After Hours
285255,2719,Witchlight
21432446,2720,Black Dawn
21427790,2721,Huntress
285260,2722,Soulmate
285262,2723,The Chosen
21432436,2724,"Dark Angel (Night World, #4)"
285265,2725,Spellbinder
289560,2726,Daughters of Darkness
21521206,2727,
13920879,2728,
148471,2729,"Air & Earth (Circle of Magic, #3 and #4)"
148460,2730,"Water & Fire (Circle of Magic, #1 and #2)"
13155766,2731,Battle Magic
148457,2732,Tricksters (Daughter of the Lioness Omnibus)
844120,2733,The Immortals
480682,2734,Melting Stones
1060295,2735,The Will of the Empress
148452,2736,Protector of the Small
1142850,2737,The Song of the Lioness Quartet
40236368,2738,Closer to Home
170893,2739,Werehunter
24757202,2740,
833319,2741,Sacred Ground
19071114,2742,
16096,2743,"Jinx High (Diana Tregarde, #3)"
2597,2744,
833301,2745,"The Robin & the Kestrel (Bardic Voices, #2)"
15635353,2746,"Changes (Valdemar: Collegium Chronicles, #3)"
833278,2747,"Burning Water (Diana Tregarde, #1)"
3338009,2748,Firebird
170880,2749,The Gates of Sleep
833323,2750,The Black Swan
624704,2751,Bardic Voices: Book I: The Lark and the Wren
6926938,2752,Foundation
1257876,2753,Brightly Burning
2606,2754,Oathblood
1031768,2755,The White Gryphon
2615,2756,"Exile's Honor (Heralds of Valdemar, #6)"
834059,2757,"Storm Rising (Valdemar: Mage Storms, #2)"
138115,2758,Storm Breaking
834060,2759,Storm Warning
2434085,2760,"Exile's Valor (Heralds of Valdemar, #7)"
170911,2761,Winds of Fury
834049,2762,The Black Gryphon
2605,2763,"The Oathbound (Valdemar: Vows and Honor, #1)"
2603,2764,Take a Thief
1134279,2765,Winds of Change
697527,2766,Oathbreakers
1040567,2767,Winds of Fate
2612,2768,"Arrow's Flight (Heralds of Valdemar, #2)"
972253,2769,Arrow's Fall
3230347,2770,Magic's Promise
170912,2771,Magic's Price
29234,2772,By the Sword
3230346,2773,Magic's Pawn
1419153,2774,Transcendence
64666,2775,"Ascendance (Corona: The Second DemonWars Saga, #1)"
2085423,2776,Mortalis
553857,2777,The Demon Apostle
517278,2778,The Demon Spirit
64667,2779,The Demon Awakens
81224,2780,Devil May Cry
6940101,2781,Spy Glass
16993521,2782,Scent of Magic
6538518,2783,Sea Glass
2830002,2784,Storm Glass
24339251,2785,
19698254,2786,
16847674,2787,
9544402,2788,
14183438,2789,Spirit Dances
6537048,2790,"Walking Dead (Walker Papers, #4)"
4643372,2791,"Coyote Dreams (Walker Papers, #3)"
27369,2792,"Thunderbird Falls  (Walker Papers, #2)"
16102,2793,"Children of the Night (Diana Tregarde, #2)"
2595,2794,"The Fire Rose (Elemental Masters, #0)"
12409454,2795,
6277389,2796,"Early to Death, Early to Rise"
5149999,2797,"Once Dead, Twice Shy"
18441773,2798,
6739626,2799,Black Magic Sanction
3516587,2800,"White Witch, Black Curse"
1214135,2801,The Outlaw Demon Wails
24574868,2802,
6466101,2803,
17210767,2804,Lure of the dead
15055526,2805,"I Am Grimalkin (The Last Apprentice / Wardstone Chronicles, #9)"
14399518,2806,Rage of the Fallen
11089995,2807,Rise Of The Huntress
6193691,2808,"Clash of Demons (The Last Apprentice / Wardstone Chronicles, #6)"
2833818,2809,The Spook's Mistake
1385362,2810,Attack of the Fiend (The Last Apprentice #4)
21549144,2811,Slither
15233576,2812,Touch of the Demon
21569387,2813,Fury of the Demon
37055148,2814,
630359,2815,Payback
1204982,2816,Betrayed
540755,2817,Secrets
1205009,2818,Trust Me
540756,2819,Haunted
1204984,2820,Gifted Touch
13427398,2821,Magic Slays
4495840,2822,Some Girls Bite
78277,2823,Snow White And Rose Red (Fairy Tales)
135922,2824,"Snow White, Blood Red"
3081266,2825,The Scent of Shadows
40026186,2826,
40105040,2827,Burned
16027,2828,"Path of Fate (Path, #1)"
1394347,2829,"Brother to Dragons, Companion to Owls"
64298,2830,"Wolf's Blood (Firekeeper Saga, #6)"
64296,2831,"Wolf Hunting (Firekeeper Saga, #5)"
802886,2832,"Wolf Captured (Firekeeper Saga, #4)"
3064523,2833,"The Dragon of Despair (Firekeeper Saga, #3)"
2128974,2834,"Wolf's Head, Wolf's Heart (Firekeeper Saga, #2)"
2046055,2835,"Through Wolf's Eyes (Firekeeper Saga, #1)"
15233548,2836,Sins of the Demon
12902019,2837,Secrets of the Demon
6732502,2838,Blood of the Demon
6224133,2839,Mark of the Demon
385370,2840,Secret Vampire
1386324,2841,The Darkangel
630358,2842,Revelations
762010,2843,Spellbound
250517,2844,"The Strange Power (Dark Visions, #1)"
289053,2845,Urban Shaman
3150322,2846,Greywalker
18504471,2847,Magic Gifts
15539175,2848,
14419033,2849,
2960716,2850,Shaman's Crossing
2469,2851,Forest Mage
1202854,2852,Renegade's Magic
2994229,2853,Mastiff
1112036,2854,Magic Steps
864541,2855,Cold Fire
1006377,2856,Street Magic
1112068,2857,Shatterglass
1171248,2858,Daja's Book
3353659,2859,Briar's Book
864540,2860,Tris's Book
1142894,2861,Sandry's Book
1624976,2862,"Bloodhound (Beka Cooper, #2)"
1031900,2863,Lady Knight
3056999,2864,Terrier
17363999,2865,Kiss the Dead
6502183,2866,Divine Misdemeanors
5283119,2867,Skin Trade
1703667,2868,"The Harlequin (Anita Blake, Vampire Hunter, #15)"
7313984,2869,"Danse Macabre (Anita Blake, Vampire Hunter, #14)"
2963636,2870,"Incubus Dreams (Anita Blake, Vampire Hunter, #12)"
2953328,2871,"Cerulean Sins (Anita Blake, Vampire Hunter, #11)"
19250879,2872,The Unbound
15846509,2873,The Archived
64670,2874,"Dissolution (Forgotten Realms: War of the Spider Queen, #1)"
64654,2875,"The Cleric Quintet Collector's Edition (Forgotten Realms: The Cleric Quintet, #1-5)"
2347041,2876,Night Masks
619233,2877,In Sylvan Shadows
517260,2878,Road of the Patriarch
15968,2879,"Promise of the Witch King (Forgotten Realms: The Sellswords, #2)"
2347015,2880,The Orc King
1349612,2881,
64669,2882,"The Icewind Dale Trilogy Collector's Edition (Forgotten Realms: Icewind Dale, #1-3)"
2971091,2883,The Spine of the World (Paths of Darkness #2)
2971058,2884,The Silent Blade (Paths of Darkness #1)
2221220,2885,
231629,2886,The Two Swords (Hunter's Blades #3)
1265950,2887,The Lone Drow
231619,2888,The Thousand Orcs (Hunter's Blades #1)
106946,2889,Passage to Dawn
60677,2890,Siege of Darkness
2221191,2891,Starless Night (Legacy of the Drow #2)
66312,2892,"The Dark Elf Trilogy Collector's Edition (Forgotten Realms: Dark Elf Trilogy, #1-3)"
2149493,2893,The Legacy
13117562,2894,"Darkest Powers Trilogy (Darkest Powers, #1-3)"
269521,2895,"Working for the Devil (Dante Valentine, #1)"
14277916,2896,
834069,2897,"Elvenblood (Halfblood Chronicles, #2)"
4767778,2898,The Dragon Keeper
2202795,2899,"The Elvenbane (Halfblood Chronicles, #1)"
2772968,2900,Dragonheart (Dragonriders of Pern)
834071,2901,Arrows of the Queen (Heralds of Valdemar #1)
45962572,2902,"Through the Looking-Glass, and What Alice Found There"
1358908,2903,Peter Pan
2933712,2904,
13255662,2905,Tortall and Other Lands
1341883,2906,Every Which Way But Dead
4393420,2907,Magic Strikes
1810889,2908,Magic Burns
78274,2909,Alphabet of Thorn
18033554,2910,The Wolf Gift
45956874,2911,Fellside
41875680,2912,Dong Jing Can Zhong tokiyoguru 12
41875677,2913,Dong Jing Can Zhong tokiyoguru 11
41875672,2914,Dong Jing Can Zhong tokiyoguru 10
25373432,2915,Priestess Dreaming
21905189,2916,Revealed
17588479,2917,Crimson Veil
17588410,2918,Haunted Moon
17588450,2919,Autumn Whispers
12787243,2920,
6886435,2921,souruita 3
6638574,2922,souruita 2
6594903,2923,souruita 1
1479075,2924,Magical x Miracle Volume 1
473460,2925,Pita Ten
2346225,2926,Fang Ke Hou Bao Jian Shi  8
1699091,2927,Fang Ke Hou Bao Jian Shi  7
575603,2928,Fang Ke Hou Bao Jian Shi  2
5832876,2929,Crimson
2592744,2930,Seeing Redd
463516,2931,"D.N.Angel, Volume 7"
842695,2932,"D.N.Angel, Volume 2"
17280663,2933,
550010,2934,"Loveless, Volume 6"
30596,2935,
550009,2936,
30594,2937,
1593701,2938,An noMo Yi  4 [Yami no Matsuei 4]
1593699,2939,An noMo Yi  3 [Yami no Matsuei 3]
1887091,2940,An noMo Yi  1 [Yami no Matsuei 1]
1333602,2941,"Negima!: Magister Negi Magi, Volume 9"
138461,2942,"Negima!: Magister Negi Magi, Volume 7"
1001434,2943,Mo Fa Xian Sheng negima!(6)
138467,2944,"Negima!: Magister Negi Magi, Volume 8"
138462,2945,Mo Fa Xian Sheng negima!(5)
138465,2946,Mo Fa Xian Sheng negima!(4)
2115729,2947,Mo Fa Xian Sheng negima!(3)
2115726,2948,Mo Fa Xian Sheng negima!(2)
921122,2949,Mo Fa Xian Sheng negima!(1)
1376611,2950,He Fa doratsugu 1
2501542,2951,The Pagan Stone
2201046,2952,The Hollow
3956105,2953,Heart of the Sea
3037754,2954,Valley of Silence
1702757,2955,Dance of the Gods
1961184,2956,Tears of the Moon
1048976,2957,Man Yue wosagashite 3
1048975,2958,Man Yue wosagashite 4
556166,2959,Man Yue wosagashite 2
12905286,2960,The Fledgling Handbook
30583,2961,Goddess of Spring
936240,2962,A Harvest of Bones (Chintz'n China)
14048852,2963,Shaded Vision
13905509,2964,
12787202,2965,Courting Darkness
10368066,2966,Blood Wyne
10045216,2967,
6341579,2968,Bone Magic
6147341,2969,"Demon Mistress (Sisters of the Moon, #6)"
3516330,2970,Night Huntress
2427292,2971,Dragon Wytch
1701267,2972,"Darkling (Sisters of the Moon, #3)"
361944,2973,Changeling (Otherworld / Sisters of the Moon #2)
779281,2974,Witchling
918951,2975,The Looking Glass Wars
3355824,2976,"Blood Brothers (Sign of Seven, #1)"
668492,2977,Morrigan's Cross
1593700,2978,An noMo Yi  2 [Yami no Matsuei 2]
30592,2979,
15442318,2980,
11057047,2981,
21532987,2982,
14416675,2983,
7351975,2984,
3471067,2985,A Vampire's Claim (Vampire Queen #3)
6328263,2986,Beloved Vampire (Vampire Queen #4)
1547854,2987,The Mark of the Vampire Queen (Vampire Queen #2)
1274773,2988,"The Vampire Queen's Servant (Vampire Queen, #1)"
81234,2989,Seize the Night
6072122,2990,Pride and Prejudice and Zombies
2122285,2991,The High Lord
1293084,2992,The Novice
2122284,2993,The Magicians' Guild
3302887,2994,The Gathering Storm
3302886,2995,Child of Flame
959035,2996,The Burning Stone
1945441,2997,Prince of Dogs
1251288,2998,King's Dragon
1359249,2999,The Magic Faraway Tree
2318460,3000,For Love of Evil
6819244,3001,Shalador's Lady
3641533,3002,The Shadow Queen
46936,3003,"The Black Jewels Trilogy: Daughter of the Blood, Heir to the Shadows, Queen of the Darkness (The Black Jewels, #1-3)"
16695709,3004,
14706158,3005,"Drink Deep (Chicagoland Vampires, #5)"
12773071,3006,Hard Bitten
16393322,3007,Widow's Web
18589834,3008,Spider's Nemesis
16413374,3009,Tangled Schemes
1465619,3010,Jinx
16413134,3011,Web of Deceit
16413109,3012,Spider's Bargain
16413334,3013,Web of Death
16413347,3014,Wasted
16413353,3015,Tangled Dreams
18462615,3016,Thread of Death
16393238,3017,By a Thread
15192067,3018,Spider's Revenge
13167517,3019,
7164540,3020,Web of Lies
10074436,3021,
7299154,3022,Total Eclipse
13783325,3023,"The Morganville Vampires, Volume 2"
5155195,3024,"Cape Storm (Weather Warden, #8)"
13783430,3025,"The Morganville Vampires, Volume 3"
2302139,3026,Gale Force
29165,3027,Thin Air
152058,3028,Firestorm
152055,3029,Windfall
152054,3030,"Chill Factor (Weather Warden, #3)"
152014,3031,"Heat Stroke (Weather Warden, #2)"
6764805,3032,"The Morganville Vampires, Volume 1"
17149554,3033,
16633028,3034,Magic Mourns
20234,3035,"The Malloreon, Vol. 2: Sorceress of Darshiva, The Seeress of Kell (The Malloreon, #4-5)"
938065,3036,"The Belgariad, Part Two: Castle of Wizardry / Enchanters' End Game"
2971193,3037,The Shining Ones
826364,3038,The Hidden City
418831,3039,Domes of Fire
1534941,3040,The Sapphire Rose
124552,3041,The Case of Charles Dexter Ward
16754534,3042,City of Dragons
40221030,3043,Assassin's Apprentice/Royal Assassin
15674065,3044,
21457174,3045,Dragon Haven
2394716,3046,Gulliver's Travels
10866252,3047,One Word Answer
14335169,3048,Home Improvement: Undead Edition
6470221,3049,Must Love Hellhounds
1443364,3050,
3028732,3051,
6745547,3052,"Phantom (Sword of Truth, #10)"
1025414,3053,"Confessor (Sword of Truth, #11)"
2583229,3054,
1964457,3055,Soul of the Fire
1492897,3056,
13535849,3057,A Kingdom Besieged
4049663,3058,"Rides a Dread Legion (The Demonwar Saga, #1)"
195678,3059,"Honoured Enemy (Legends of the Riftwar, #1)"
2193818,3060,Jimmy the Hand
6893554,3061,At the Gates of Darkness
43290,3062,"Murder in LaMut (Legends of the Riftwar, #2)"
7113924,3063,"Magician: Apprentice (The Riftwar Saga, #1)"
1184368,3064,Wrath of a Mad God
2960637,3065,"Into a Dark Realm (The Darkwar Saga, #2)"
1422631,3066,Krondor: Tear of the Gods
2930908,3067,Flight of the Nighthawks
1540223,3068,Krondor: The Assassins
2960496,3069,Krondor: The Betrayal
2930911,3070,King of Foxes
1285020,3071,Faerie Tale
1003260,3072,Exile's Return
274108,3073,Talon of the Silver Hawk
43289,3074,The King's Buccaneer
747434,3075,Prince of the Blood
1175878,3076,Rage of a Demon King (The Serpentwar Saga #3)
2960486,3077,"Mistress of the Empire (The Empire Trilogy, #3)"
1844901,3078,Rise of a Merchant Prince
1422630,3079,"Servant of the Empire (The Empire Trilogy, #2)"
2960453,3080,Daughter of the Empire
26636228,3081,
30653,3082,Cravings
1798133,3083,"Anita  Blake, Vampire Hunter: The First Death"
6581989,3084,"Anita Blake, Vampire Hunter: Guilty Pleasures Volume 2 (graphic novel)"
6474296,3085,Never After
3087560,3086,"Club Vampyre (Anita Blake, Vampire Hunter, #1-3)"
6228295,3087,"Anita Blake, Vampire Hunter: The Laughing Corpse Book 1 - Animator Premiere HC (Anita Blake Vampire Hunter (Marvel Hardcover))"
30656,3088,"Black Moon Inn (Anita Blake, Vampire Hunter, #7-8)"
3087559,3089,"Laurell K. Hamilton Set - Guilty Pleasures, The Laughing Corpse, Circus of the Damned and The Lunatic Cafe"
7350904,3090,"Anita Blake, Vampire Hunter: Guilty Pleasures Ultimate Collection"
8542008,3091,Micah
30654,3092,"Nightshade Tavern (Anita Blake, Vampire Hunter, #9-10)"
8448977,3093,"Executioner (Anita Blake: The Laughing Corpse, #3)"
19114935,3094,
6788232,3095,"Anita Blake, Vampire Hunter: The Laughing Corpse Book 2 - Necromancer"
30648,3096,"The Midnight Cafe (Anita Blake, Vampire Hunter, #4-6)"
2722206,3097,Death of a Darklord
3387,3098,Nightseer
30651,3099,Bite
3341450,3100,Strange Candy
2722196,3101,"Micah (Anita Blake, Vampire Hunter, #13)"
4056965,3102,
6805023,3103,Spider's Bite
4649348,3104,"A Cavern of Black Ice (Sword of Shadows, #1)"
1561779,3105,"The Innocent Mage (Kingmaker, Kingbreaker, #1)"
1611445,3106,"Dragon Wing (The Death Gate Cycle, #1)"
1098573,3107,"The Wheel of Time: Boxed Set  (Wheel of Time, #1-8)"
3251669,3108,"The Wheel of Time: Boxed Set #1 (Wheel of Time, #1-3)"
15068023,3109,Sir Gawain and the Green Knight. Pearl. Sir Orfeo.
47015,3110,Carmilla
1175877,3111,"Shadow of a Dark Queen (The Serpentwar Saga, #1)"
7187455,3112,
968062,3113,The Diamond Throne
2119481,3114,Daggerspell
1805413,3115,Legend
467318,3116,The Sword of Shannara Trilogy
18969761,3117,The Belgariad: Part One - Pawn of Prophecy / Queen of Sorcery / Magician's Gambit
1347757,3118,The Complete Guide to Middle-Earth
7312508,3119,Twice Bitten
6505300,3120,Friday Night Bites: A Chicagoland Vampires Novel
83434,3121,Ill Wind
2487028,3122,"Eragon, Eldest & Brisingr (Inheritance, #1-3)"
43992,3123,"The Belgariad Boxed Set: Pawn of Prophecy, Queen of Sorcery, Magician's Gambit, Castle of Wizardry, & Enchanters' End Game (The Belgariad, #1-5)"
15941614,3124,Dark Frost
1964392,3125,The Ruby Knight
48765829,3126,Arcanum Unbounded: The Cosmere Collection
25686309,3127,A Crucible of Souls
25595312,3128,Prince of Fools
18281451,3129,Mockingbird
18101226,3130,Blackbirds
2957447,3131,The Rats and the Ruling Sea
2415773,3132,The Red Wolf Conspiracy
19204590,3133,Crimes Against Magic
6438978,3134,Blood of the Mantis
3478318,3135,Empire in Black and Gold
3478319,3136,Dragonfly Falling
50232885,3137,
15706245,3138,The Bride Wore Black Leather
13137384,3139,A Hard Day's Knight
6867091,3140,"The Good, the Bad, and the Uncanny"
3740865,3141,Just Another Judgement Day
1284326,3142,The Unnatural Inquirer
71606,3143,Hell to Pay
101015,3144,Sharper Than a Serpent's Tooth
148731,3145,Paths Not Taken
101014,3146,Hex and the City
143031,3147,Nightingale's Lament
6242207,3148,"The Price of Spring (Long Price Quartet, #4)"
2450710,3149,An Autumn War
797100,3150,A Betrayal in Winter
42701946,3151,Nightblade
25596112,3152,
42780954,3153,
42780952,3154,
39847461,3155,Broken Souls
42905071,3156,
26473563,3157,The Shadow Throne
45076350,3158,
21501993,3159,
15758644,3160,Kingdoms of Dust
10865183,3161,The Bone Palace
45914201,3162,
45914188,3163,Fortress Frontier
45914139,3164,Breach Zone
14757897,3165,The Shadowed Sun
19694996,3166,The Whispering Skull
43327174,3167,The Hollow Boy
43261507,3168,
43199889,3169,
44666642,3170,The Nightmare Stacks
42702127,3171,The Annihilation Score
14770962,3172,
8385900,3173,
6479952,3174,Child of Fire
21935141,3175,
42482419,3176,
25632880,3177,The Rhesus Chart
17374689,3178,The Apocalypse Codex
7414342,3179,The Fuller Memorandum
25632901,3180,Equoid
13283799,3181,Overtime
930564,3182,The Jennifer Morgue
13353809,3183,The Concrete Jungle
322252,3184,The Atrocity Archives
14419402,3185,
1509713,3186,"The Assassin King (Symphony of Ages, #6)"
872334,3187,"Elegy for a Lost Star (Symphony of Ages, #5)"
1046750,3188,Requiem for the Sun
2976380,3189,Destiny: Child of the Sky
1221535,3190,Prophecy: Child of Earth
22382333,3191,Staked
28929652,3192,
26365716,3193,
21867224,3194,
19062926,3195,Taken
18478073,3196,Cursed
3736193,3197,Ptolemy's Gate
57689,3198,The Golem's Eye
39926571,3199,
22382303,3200,Shattered
16686573,3201,Fated
10935124,3202,Songs of Love and Death: All-Original Tales of Star-Crossed Love
65982,3203,Tales from Earthsea
132650,3204,Rules of Ascension
19236677,3205,Dangerous Women
18323275,3206,
15227090,3207,
16912742,3208,
22382314,3209,Grimoire of the Lamb
21407171,3210,Two Ravens and One Crow
16669369,3211,Hunted
16669363,3212,Trapped
16669362,3213,Tricked
14482685,3214,"Hexed (Iron Druid Chronicles, #2)"
14482655,3215,Hammered
13556658,3216,"The Unremembered (Vault of Heaven, #1)"
1121748,3217,The Amulet of Samarkand
18282569,3218,Twenty Palaces: A Prequel
244787,3219,"Servant of the Dragon (Lord of the Isles, #3)"
943204,3220,
6481427,3221,The Drowning City
19121052,3222,
244765,3223,
14488183,3224,The Winds of Khalakovo
1711253,3225,A Shadow in Summer
7322293,3226,Lord of the Changing Winds
13546943,3227,
14757893,3228,The Killing Moon
19192394,3229,EPIC: Legends of Fantasy
15766814,3230,The Hope of Elantris
19161502,3231,The Emperor's Soul
18978261,3232,Legion
7140017,3233,
11228805,3234,The Kingdom of Gods
1844694,3235,Godslayer
6775212,3236,Banewreaker
15312149,3237,Naamah's Blessing
7040699,3238,Naamah's Curse
5831056,3239,Naamah's Kiss
2158370,3240,Kushiel's Mercy
39898,3241,Kushiel's Justice
39896,3242,Kushiel's Scion
598481,3243,Kushiel's Avatar
848910,3244,Kushiel's Chosen
43276,3245,"Debt of Bones (The Sword of Truth, #0.5)"
3252260,3246,The White-Luck Warrior
4165042,3247,The Judging Eye
1456014,3248,The Thousandfold Thought
20230,3249,The Warrior Prophet
9824415,3250,Legacy of Kings
47815744,3251,The Hike
13514467,3252,Hard Magic
2233181,3253,The Ninth Life of Louis Drax
1684116,3254,"Fluke: Or, I Know Why the Winged Whale Sings"
26629446,3255,ONE PIECE 72
24351826,3256,ONE PIECE 69
22027833,3257,ONE PIECE 68
21979610,3258,ONE PIECE 67
26680298,3259,Monster Hunter Nemesis
21527388,3260,ONE PIECE 66
42753848,3261,Secondhand Souls
19112382,3262,ONE PIECE 65
17067870,3263,ONE PIECE 63
15625187,3264,ONE PIECE 61
14459074,3265,ONE PIECE 60
13865365,3266,ONE PIECE 59
13087334,3267,ONE PIECE 58
10441522,3268,ONE PIECE 57
10340386,3269,ONE PIECE 56
13077800,3270,ONE PIECE 55
8940467,3271,ONE PIECE 54
9375534,3272,ONE PIECE 53
1142385,3273,The Fairy-Tale Detectives
6782034,3274,ONE PIECE 52
6580428,3275,ONE PIECE 51
18216155,3276,Monster Hunter Legion
6580426,3277,ONE PIECE 50
6580425,3278,One Piece 49
6580427,3279,One Piece 48
6460080,3280,ONE PIECE 47
1524908,3281,ONE PIECE 46
2244939,3282,One Piece 45
14675078,3283,Monster hunter: Alpha
1101635,3284,One Piece 44
10330042,3285,Monster Hunter Vendetta
1101636,3286,ONE PIECE 42
1101637,3287,One Piece 41
1101638,3288,One Piece 40
1101640,3289,One Piece 39
7008132,3290,ONE PIECE 38
14275727,3291,ONE PIECE 35
14260517,3292,ONE PIECE 34
2581372,3293,Monster Hunter International
14275709,3294,ONE PIECE 33
7008166,3295,ONE PIECE 32
14275721,3296,ONE PIECE 29
3395411,3297,ONE PIECE 28
6463602,3298,ONE PIECE 27
1653547,3299,ONE PIECE 25
361125,3300,ONE PIECE 24
1653545,3301,ONE PIECE 23
1653544,3302,ONE PIECE 22
1715218,3303,ONE PIECE 21
5138099,3304,ONE PIECE 20
3471677,3305,ONE PIECE 19
2389374,3306,ONE PIECE 18
1825951,3307,ONE PIECE 17
2208365,3308,ONE PIECE 16
1328394,3309,ONE PIECE 15
1328393,3310,ONE PIECE 14
354989,3311,ONE PIECE 13
2208363,3312,ONE PIECE 12
2208813,3313,ONE PIECE 11
355000,3314,ONE PIECE 10
2208364,3315,ONE PIECE 9
361135,3316,ONE PIECE 6
354991,3317,ONE PIECE 5
19101214,3318,
14528049,3319,
6732111,3320,Iron Crowned (Dark Swan #3)
6170488,3321,Thorn Queen
25125333,3322,Stolen Songbird
14369284,3323,The Blood Countess
17496592,3324,
12741086,3325,This is Shyness
1820060,3326,"Face the Fire (Three Sisters Island, #3)"
3153342,3327,"Heaven and Earth (Three Sisters Island, #2)"
25469808,3328,
36226,3329,The Dream Cycle of H.P. Lovecraft: Dreams of Terror and Death
929484,3330,Threshold
3493491,3331,"Poslednii Dozor (Dozory, #4)"
1662148,3332,Sumerechnyi dozor
1529786,3333,Dnevnoi dozor
349497,3334,Nochnoi dozor
16356035,3335,Seed
3473471,3336,The Forest of Hands and Teeth
138676,3337,Swamp Foetus
6696594,3338,Lovecraft Unbound
606860,3339,Cthulhu 2000
5249329,3340,The Dunwich Horror and Others
440863,3341,Lost Souls
3059336,3342,The Damnation Game
43275,3343,"The Sword of Truth Boxed Set II: Temple of the Winds; Soul of the Fire; Faith of the Fallen (Sword of Truth, #4-6)"
17402,3344,"The Magic of Xanth (Xanth, #1-3)"
43277,3345,"The Sword of Truth, Boxed Set I: Wizard's First Rule, Blood of the Fold, Stone of Tears (Sword of Truth, #1-3)"
4968304,3346,"Sookie Stackhouse, Books 1-7"
14194990,3347,
13955883,3348,True Blood Collection
4764795,3349,A Game of Thrones
21802573,3350,
21619530,3351,A Song of Ice and Fire
16692927,3352,"The Dark Tower Series Collection: The Gunslinger, The Drawing of the Three, The Waste Lands, Wizard and Glass, Wolves of the Calla, Song of Susannah, The Dark Tower"
21619517,3353,
6785716,3354,"Eye of the World (The Wheel of Time, #1-1)"
942597,3355,The Great and Secret Show
25692046,3356,The Call of Cthulhu
21619503,3357,A Clash of Kings
1149593,3358,The Book of Three
1122661,3359,Die unendliche Geschichte
2187473,3360,"The Dragonlover's Guide to Pern, Second Edition"
737955,3361,Cthulhu: The Mythos and Kindred Horrors
48807666,3362,Imajica
36222,3363,The Road to Madness
34835,3364,Clive Barker's The Great and Secret Show: Volume 1 (Clive Barker's the Great and Secret Show)
2628,3365,Taran Wanderer
44752519,3366,A Conjuring of Light
48777381,3367,The Call
43242915,3368,A Gathering of Shadows
42926537,3369,Crystal Storm
48156472,3370,Tales of the Peculiar
44916095,3371,The Star-Touched Queen
40098252,3372,A Darker Shade of Magic
48735718,3373,The Moth and the Flame
48735703,3374,The Crown and the Arrow
40360388,3375,Wayfarer
24080410,3376,Frozen Tides
24080409,3377,Gathering Darkness
21761131,3378,Rebel Spring
27428571,3379,Slasher Girls & Monster Boys
43591153,3380,Zeroes
26746757,3381,
25974633,3382,Afterworlds
24806287,3383,
23753651,3384,
23753647,3385,
23753650,3386,What to Buy the Shadowhunter Who Has Everything (And Who You're Not Officially Dating Anyway)
23753436,3387,
23753642,3388,The Bane Chronicles 6: Saving Raphael Santiago
23753622,3389,
23753602,3390,
24246369,3391,The Runaway Queen
22634595,3392,
6106090,3393,Dragon Spear
2596626,3394,Savvy
19211182,3395,The Fallen Legacies
54380521,3396,
52938961,3397,Monter Hunter Siege
25310243,3398,
44947592,3399,
25037508,3400,
6596460,3401,Imager's Challenge: The Second Book of the Imager Portfolio
4693480,3402,Imager
16204690,3403,
21413304,3404,
3062141,3405,The Canterville Ghost
1804797,3406,Replay
63086,3407,The Minority Report
437777,3408,Hunter x Hunter #1
2289016,3409,Gang noLian Jin Shu Shi : Sha Li noDa Di
17067873,3410,NARUTO -naruto- Juan noWu Shi Qi
19049573,3411,NARUTO -naruto- Juan noWu Shi Jiu
18177129,3412,NARUTO -naruto- Juan noWu Shi Ba
14889013,3413,NARUTO -naruto- Juan noWu Shi Si
12981510,3414,Fairy Tail 13
6650503,3415,Fairy Tail 9
7237304,3416,Fairy Tail 11
2948058,3417,Fairy Tail 3
3471639,3418,Fairy Tail 4
12091425,3419,Fairy Tail 12
6807608,3420,Fairy Tail 10
6520598,3421,Fairy Tail 8
6419380,3422,Fairy Tail 7
5138156,3423,Fairy Tail 6
3471809,3424,Fairy Tail 5
2462185,3425,Fairy Tail 2
15183193,3426,Gang noLian Jin Shu Shi  26
6697671,3427,Gang noLian Jin Shu Shi  21
6597472,3428,Gang noLian Jin Shu Shi  20
12744575,3429,Gang noLian Jin Shu Shi  24
13285879,3430,Gang noLian Jin Shu Shi  25
2881299,3431,Gang noLian Jin Shu Shi  17
4388990,3432,Gang noLian Jin Shu Shi  18
5149975,3433,Gang noLian Jin Shu Shi  19
7192171,3434,Gang noLian Jin Shu Shi  22
8940792,3435,Gang noLian Jin Shu Shi  23
1604674,3436,Gang noLian Jin Shu Shi  16
2911976,3437,Gang noLian Jin Shu Shi  15
1347595,3438,Gang noLian Jin Shu Shi  11
1347593,3439,Gang noLian Jin Shu Shi  12
27110,3440,Gang noLian Jin Shu Shi  14
3001807,3441,Gang noLian Jin Shu Shi  10
1321122,3442,Gang noLian Jin Shu Shi  8
1347603,3443,Gang noLian Jin Shu Shi  9
790192,3444,Gang noLian Jin Shu Shi  7
1347600,3445,Gang noLian Jin Shu Shi  3
1347602,3446,Gang noLian Jin Shu Shi  4
2276647,3447,Gang noLian Jin Shu Shi  6
1321112,3448,Gang noLian Jin Shu Shi  5
1082225,3449,BLEACH--burichi-- 21
4857340,3450,Bleach--burichi-- 26
6438462,3451,Bleach--burichi-- 30
2121971,3452,Bleach--burichi-- 17
6463091,3453,Bleach--burichi-- 28
2329819,3454,BLEACH--burichi-- 23
2329820,3455,BLEACH--burichi-- 24
531619,3456,BLEACH--burichi-- 22
2073709,3457,BLEACH--burichi-- 12
15866,3458,BLEACH--burichi-- 20
2919592,3459,BLEACH--burichi-- 13
2073708,3460,Bleach--burichi-- 10
6608691,3461,Bleach--burichi-- 29
15861,3462,BLEACH--burichi-- 18
3328600,3463,Bleach--burichi-- 11
262971,3464,Bleach--burichi-- 9
2975503,3465,BLEACH--burichi-- 25
2121968,3466,Bleach--burichi-- 7
2121973,3467,BLEACH--burichi-- 19
2919591,3468,Bleach--burichi-- 8
2121970,3469,Bleach--burichi-- 16
2121966,3470,BLEACH--burichi-- 4
2073710,3471,Bleach--burichi-- 14
3377463,3472,Bleach--burichi-- 5
262983,3473,BLEACH--burichi-- 3
3378482,3474,Bleach--burichi-- 6
1082228,3475,BLEACH--burichi-- 2
2462181,3476,Fairy Tail 1
17410699,3477,The Time Machine and The Invisible Man
48999113,3478,Reign of Madness
48479554,3479,Free the Darkness
25257114,3480,
19176645,3481,The Hunters
16181711,3482,The Vicious Deep
578150,3483,"The Power of Five (W.I.T.C.H., 1)"
3095990,3484,Wondrous Strange
5019166,3485,"Leven Thumps and the Ruins of Alder (Leven Thumps, #5)"
2881096,3486,"Charlie Bone and the Shadow (The Children of the Red King, # 7)"
3192037,3487,Physik
847797,3488,"Charlie Bone and the Hidden King (The Children of the Red King, # 5)"
2215929,3489,Magyk
4263107,3490,
3257983,3491,"Water Keep (Farworld, #1)"
14580004,3492,Gang noLian Jin Shu Shi  27
19129007,3493,nobeulreseu Season2 ilbanpan seteu
19127012,3494,nobeulreseu
2355081,3495,"Black Cat, Volume 16"
2355076,3496,"Black Cat, Volume 15"
2355060,3497,"Black Cat, Volume 14"
617217,3498,"Black Cat, Volume 11"
217507,3499,"Black Cat, Volume 9"
10159906,3500,Personal Demons
41685301,3501,The Novice
43369950,3502,
25470729,3503,Ice Kissed
41606406,3504,Atlantis Rising
17578969,3505,"Black City (Black City, #1)"
19137379,3506,MORE
39891374,3507,Kissed
6911742,3508,The Replacement
15806243,3509,Immortal Hearts (Vampire Kisses #9)
5557331,3510,Vampire Kisses: The Beginning (Vampire Kisses Omnibus)
255109,3511,"Dance with a Vampire (Vampire Kisses, #4)"
6902415,3512,"Love Bites (Vampire Kisses, #7)"
5177807,3513,"Royal Blood (Vampire Kisses, #6)"
2101855,3514,"The Coffin Club (Vampire Kisses, #5)"
2361568,3515,Circles in the Stream (Avalon: Web of Magic #1)
347911,3516,"Spellsinger (Avalon Web of Magic, 5)"
629213,3517,"The Secret of the Unicorn (Avalon Web of Magic, 4)"
795575,3518,All That Giltters (Avalon Web of Magic#2)
11241957,3519,Haunted
6507142,3520,Dreaming Anastasia
7146544,3521,Illusions
13490521,3522,Destined
5562902,3523,Rampant
13471939,3524,Hemlock
6682611,3525,Fang
7889455,3526,Angel
10194115,3527,The Gift
3236104,3528,The Final Warning
7008063,3529,Demons and Druids
2158928,3530,"Princess Ben: Being a Wholly Truthful Account of Her Various Discoveries and Misadventures, Recounted to the Best of Her Recollection, in Four Parts"
3652514,3531,The Twilight Saga: The Official Guide
2210227,3532,Ever
2581,3533,Fairest
3155307,3534,The Two Princesses of Bamarre
1003334,3535,Emily Windsnap and the Monster from the Deep
10429226,3536,"The Charmed Return (Faerie Path, #6)"
490000,3537,The Lost Queen: Book Two of The Faerie Path
489999,3538,The Faerie Path
1839162,3539,The Sorcerer King: Book Three of The Faerie Path
6128321,3540,"The Immortal Realm (Faerie Path, #4)"
6743347,3541,"The Enchanted Quest (Faerie Path, #5)"
18082349,3542,
13479602,3543,Juliet Immortal
11193861,3544,Ripple
16749009,3545,Lullaby (Watersong #2)
19216978,3546,
19216977,3547,Tidal (Watersong #3)
25470733,3548,Crystal Kingdom
25425024,3549,Frostfire
15493868,3550,Wake (Watersong #1)
2337160,3551,The Cry of the Icemark
6832814,3552,Nightlight: A Parody
17718970,3553,The Essence
17719007,3554,The Offering
1072532,3555,The Warrior Heir
2410851,3556,Arthur Spiderwick's Field Guide to the Fantastical World Around You
3032766,3557,A Giant Problem
6163544,3558,"The Wyrm King (Beyond the Spiderwick Chronicles, Book 3)"
3003770,3559,The Nixie's Song
3514125,3560,Fairy Tale
360279,3561,kingudamuhatsu 4
224632,3562,kingudamuhatsu 2
224631,3563,kingudamuhatsu 3
524457,3564,The Rivers of Zadaa
669307,3565,Black Water
1726608,3566,The Merchant of Death
1946197,3567,The Lost City of Faar
1946186,3568,The Reality Bug
524423,3569,The Never War
12671757,3570,"Hold Me Closer, Necromancer"
13386590,3571,The Enchantress
25656183,3572,A Snicker of Magic
21856155,3573,"Sidekicked (Sidekicked, #1)"
25959682,3574,Night of Cake & Puppets
53629123,3575,"Jane, Unlimited"
45517441,3576,Nobody Likes a Goblin
27565426,3577,Nighmares!
34983901,3578,Quest
25216920,3579,Dragonfly Sisters
909082,3580,Skulduggery Pleasant
21537429,3581,
7415927,3582,
2728312,3583,Return to Labyrinth (Return to Labyrinth#3)
54037,3584,Return to Labyrinth (Return to Labyrinth#2)
3436605,3585,The Eyre Affair
6647553,3586,The Monstrumologist
2034398,3587,Hero
16924,3588,Return to Labyrinth (Return to Labyrinth#1)
584290,3589,MirrorMask: The Illustrated Film Script of the Motion Picture from the Jim Henson Company
46703,3590,The Faeries' Oracle
96992,3591,Goblins!
398874,3592,The World of The Dark Crystal
6763198,3593,Jane Bites Back
1153604,3594,Lady Cottington's Pressed Fairy Book
115789,3595,"Good Faeries, Bad Faeries"
465107,3596,The Spiderwick Chronicles: The Complete Set
3245408,3597,Septimus Heap - Flyte
1318615,3598,MirrorMask
8538993,3599,
21843210,3600,North American Lake Monsters: Stories
42797715,3601,The Library at Mount Char
25696480,3602,San Ti
46061192,3603,
1136221,3604,The Wandering Fire
24467682,3605,Senlin Ascends
3238632,3606,The Summer Tree
40085389,3607,
39923827,3608,The Providence of Fire
2902933,3609,The Claw of the Conciliator
40575,3610,Shadow & Claw
762497,3611,The Shadow of the Torturer
25095579,3612,The Emperor's Blades
27022853,3613,The Dinosaur Lords
42806562,3614,
41266082,3615,
24992268,3616,A Knight of the Seven Kingdoms
16280157,3617,The Mystery Knight
21848004,3618,The Sworn Sword
40847773,3619,The Hedge Knight
39939919,3620,The Mirror Empire
41900607,3621,
26039753,3622,Queen of Fire
15648,3623,The Hedge Knight
17780774,3624,A Face Like Glass
2815,3625,Jackaroo
50727815,3626,The Wish Granter
40715259,3627,Truthwitch
41438285,3628,Windwitch
24498341,3629,Walk on Earth a Stranger
6647677,3630,The Celestial Globe
31175868,3631,The Winner's Kiss
48449359,3632,The Great Pursuit
49816849,3633,The Beast Is an Animal
43601150,3634,Beastly Bones
28147221,3635,Jackaby
26595739,3636,Manners & Mutiny
21398040,3637,Curtsies & Conspiracies
41848987,3638,The Great Hunt
25083870,3639,Drowned
41240830,3640,The Sin Eater's Daughter
31174003,3641,The Winner's Crime
24334190,3642,Waistcoats & Weaponry
6696947,3643,Guardian of the Dead
40902835,3644,Crimson Bound
23577407,3645,Beloved
23577397,3646,
24581796,3647,
754351,3648,The Swan Maiden
21858427,3649,Stitching Snow
21861118,3650,Lark Rising
21842187,3651,Caller
26330735,3652,The Glass Sentence
19196417,3653,Raven Flight
13316351,3654,Shadowfell
13837403,3655,
4668756,3656,The Poison Throne
25969808,3657,The Castle Behind Thorns
7279986,3658,The Princess and the Snowbird
2519210,3659,Airborn
6564263,3660,Another Faust
13210557,3661,Timeless
13210545,3662,Heartless
25037375,3663,The King's Guard
19161968,3664,Royal Airs
6256823,3665,Gateway
19220138,3666,Taste of Death
19234949,3667,
17589076,3668,Mind Games
21811419,3669,Shadows
21772238,3670,
6967610,3671,Nightspell
21552214,3672,The Girl with the Iron Touch
19077189,3673,
19115106,3674,Death Sworn
4498278,3675,Assassin Study
16280489,3676,
28162970,3677,
16686497,3678,The Treachery of Beautiful Things
12908741,3679,Poison
18221998,3680,Vessel
18147783,3681,
17589154,3682,Perfect Lies
21451371,3683,Shadow Scale
15330147,3684,The Darkening Green
10870305,3685,A Tangle of Magicks
7173017,3686,The Magic Thief: Found
5973719,3687,The Magic Thief: Lost (Magic Thief)
6159404,3688,Watersmeet
1808499,3689,The Magic Thief
17756322,3690,
18024913,3691,
14810604,3692,Witchlanders
14341418,3693,Shadows on the Moon
20385782,3694,The Shadow Cats
16176521,3695,The Snow Child
6874251,3696,Thief Eyes
13677912,3697,The Drowned Cities
1085315,3698,The Ropemaker
320257,3699,The Harp of Imach Thyssel
1047555,3700,Daughter of Witches
164041,3701,Caught in Crystal
612447,3702,
1047557,3703,Shadow Magic
164042,3704,The Raven Ring
17831609,3705,The Peculiars
3888605,3706,The Amaranth Enchantment
335966,3707,Summers at Castle Auburn
2876867,3708,The Cabinet of Wonders
12369,3709,Cast in Shadow
13233048,3710,The Floating Islands
7164521,3711,Warped
14475179,3712,
11180191,3713,
3281708,3714,What-the-Dickens: The Story of a Rogue Tooth Fairy
15026916,3715,Prophecy
7113785,3716,
6629179,3717,A Most Improper Magick
14278755,3718,Winterling
10282140,3719,Clementine
1124460,3720,Boneshaker
2356884,3721,Flora Segunda
17268253,3722,
7204384,3723,
15248261,3724,Liar's Moon
6507271,3725,Ice
14401470,3726,"The Hidden Goddess (Veneficas Americana, #2)"
6626657,3727,The Hundred Thousand Kingdoms
11555408,3728,
94425,3729,"Mystic and Rider (Twelve Houses, #1)"
10463674,3730,Blameless
7165488,3731,Changeless
7160746,3732,Plain Kate
1223474,3733,Black Juice
6958017,3734,The False Princess
10682445,3735,Enchanted Ivy
7860127,3736,"Warrior (The Blades of the Rose, #1)"
2904438,3737,
948409,3738,Cybele's Secret
3159815,3739,Storm Born
2878966,3740,A Posse of Princesses
7148944,3741,"Shadow Hills (Shadow Hills, #1)"
4239940,3742,The Glass Maker's Daughter
2687395,3743,Tender Morsels
7371505,3744,Ascendant
13067963,3745,Steel
7182095,3746,Angel Star
7268820,3747,The Poison Diaries
4030676,3748,Green Angel
10161960,3749,Stork
6699366,3750,The Wish Stealers
11068967,3751,StarCrossed
7788877,3752,The Keepers' Tattoo
7134137,3753,Hunger
7954841,3754,Wintercraft
6539275,3755,
10547012,3756,"Tyger Tyger (Goblin Wars, #1)"
6508348,3757,Fever Crumb
9336076,3758,
6745926,3759,Voices of Dragons
3221515,3760,Impossible
9504970,3761,Extraordinary
384252,3762,Beauty Sleep
7147745,3763,
6479580,3764,The Thirteenth Princess
506063,3765,Enchantment
6773942,3766,Brightly Woven
39902273,3767,Sneewittchen
318095,3768,The Godmother
1055857,3769,White as Snow
384258,3770,"Snow: A Retelling of ""Snow White and the Seven Dwarfs"""
1953064,3771,"The Frog Princess (The Tales of the Frog Princess, #1)"
445875,3772,"The Rose Bride: A Retelling of ""The White Bride and the Black Bride"""
6532095,3773,The Magician's Elephant
6238259,3774,Libyrinth
2670258,3775,Into the Wild
5805380,3776,"Homecoming (Ghostgirl, #2)"
2724936,3777,Ghostgirl
5521064,3778,Darkwood
1280997,3779,Sirena
4398231,3780,Crown Duel
2197767,3781,"Before Midnight: A Retelling of ""Cinderella"""
6064516,3782,The Princess and the Bear
3189585,3783,Generation Dead
6550542,3784,Ash
2280706,3785,Daughter of the Flames
2689445,3786,Garden Spells
5969561,3787,Thirteenth Child
320248,3788,The Seven Towers
2024857,3789,Wildwood Dancing
301652,3790,St. Lucy's Home for Girls Raised by Wolves: Stories
3032862,3791,Skin Hunger
2375207,3792,Black Pearls: A Faerie Strand
2129646,3793,The Swan Kingdom
5749199,3794,Silver Phoenix
1113949,3795,The Legend of Holly Claus (Julie Andrews Collection)
5338444,3796,"Prophecy of the Sisters (Prophecy of the Sisters, #1)"
3389821,3797,Shadowed Summer
3862155,3798,Eyes Like Stars
2854698,3799,Chalice
1006388,3800,The MasterHarper of Pern
1592020,3801,"Dragondrums (Pern: Harper Hall, #3)"
78713,3802,"Mira, Mirror"
1460966,3803,Tithe: A Modern Faerie Tale
1177144,3804,The Purple Emperor
2598824,3805,The Magicians and Mrs. Quent
1131006,3806,Mirror Mirror
845295,3807,Son of a Witch
15955,3808,Young Warriors: Stories of Strength
273755,3809,"Fearless Girls, Wise Women, and Beloved Sisters: Heroines in Folktales from Around the World"
1656177,3810,100 Cupboards
1114147,3811,The Ordinary Princess
15777985,3812,The Annotated Alice
25704,3813,"Wicked: The Grimmerie, a Behind-the-Scenes Look at the Hit Broadway Musical"
514561,3814,"Dreams of the Ringed Vale (Luthiel's Song, #1)"
944338,3815,The Fairy's Mistake (The Princess Tales)
2583,3816,Princess Sonora and the Long Sleep (The Princess Tales)
654675,3817,The Princess Test (The Princess Tales)
2979854,3818,Just Ella
2769926,3819,The Sea of Trolls
2826242,3820,The Night Tourist
322381,3821,Keturah and Lord Death
1008784,3822,Ingo
625411,3823,The Princess and the Hound
1758112,3824,Confessions of an Ugly Stepsister
1219592,3825,"An Acceptable Time (Time Quintet, #5)"
1575871,3826,"The Time Quartet Box Set (A Wrinkle in Time, A Wind in the Door, A Swiftly Tilting Planet, Many Waters)"
1196024,3827,A Swiftly Tilting Planet
869986,3828,Dark Lord of Derkholm
2771,3829,The Homeward Bounders
1121913,3830,Cart and Cwidder
1121912,3831,The Year of the Griffin
1106116,3832,Dogsbody
1121945,3833,Fire and Hemlock
34292,3834,The Chronicles of Chrestomanci: Volume II (The Magicians of Caprona & Witch Week)
1003952,3835,Castle in the Air
34288,3836,The Chronicles of Chrestomanci: Volume I (Charmed Life & The Lives of Christopher Chant)
3111323,3837,
4251,3838,The Shape-Changer's Wife
1044747,3839,The Tough Guide to Fantasyland: The Essential Guide to Fantasy Travel
2321290,3840,
2321311,3841,A Knot in the Grain and Other Stories
2321275,3842,The Door in the Hedge
2321320,3843,The Outlaws of Sherwood
2321287,3844,Rose Daughter
948585,3845,First Among Sequels
948606,3846,Something Rotten
1116054,3847,The Well of Lost Plots
1918119,3848,Lost in a Good Book
42704733,3849,Fool's Quest
26474462,3850,Fool's Assassin
18282611,3851,Blood of Dragons
819610,3852,Paladin of Souls
1129349,3853,The Curse of Chalion
6146896,3854,"Fables, Volume 12: The Dark Ages"
6517583,3855,The Prisoner in the Oak
6517584,3856,The King Stag
6517582,3857,The High Queen
655619,3858,M.Y.T.H. Inc. Link
591574,3859,Little Myth Marker
486331,3860,Myth-ing Persons
539589,3861,Hit or Myth
1526042,3862,Myth Directions
357364,3863,Myth Conceptions
1417626,3864,Another Fine Myth
284734,3865,The Harvest
2155947,3866,The Book of Fours
813,3867,The Illuminatus! Trilogy
979095,3868,The Worthing Saga
2528139,3869,Shadow of the Hegemon
5994366,3870,Harry Potter Boxed Set Books 1-4
16359409,3871,
1282681,3872,The Hollow Hills
1105347,3873,The Last Enchantment
1864677,3874,The Crystal Cave
4108,3875,Heartfire (Tales of Alvin Maker #5)
98069,3876,"Red Prophet (Tales of Alvin Maker, #2)"
1193303,3877,Alvin Journeyman (Tales of Alvin Maker #4)
4110,3878,The Crystal City
2589269,3879,Prentice Alvin (Tales of Alvin Maker #3)
1852455,3880,Buffy the Vampire Slayer Omnibus Vol. 3
25076704,3881,Kiss of Venom
24510795,3882,The Spider
21955430,3883,Heart of Venom
19694381,3884,
18333180,3885,Odd Apocalypse
2313023,3886,Odd Hours
2789370,3887,Forever Odd
2568912,3888,"High Druid of Shannara, vol. 1: Jarka Ruus"
1209703,3889,Straken
1266243,3890,Tanequil
1920122,3891,The Ancient
202037,3892,"Devlin's Luck (Sword of Change, #1)"
271308,3893,Discover the Destroyer
2239308,3894,Realm of the Reaper
6113540,3895,"Third Watch: Acorna's Children (Acorna, #10)"
3439,3896,"Acorna's Triumph (Acorna, #7)"
1003721,3897,"Acorna's Rebels (Acorna, #6)"
861639,3898,"Acorna's Search (Acorna, #5)"
479233,3899,Acorna's World
6191274,3900,"Acorna's People (Acorna, #3)"
60230,3901,"Acorna's Quest (Acorna, #2)"
6191272,3902,Acorna
3913624,3903,Dogs and Goddesses
3247696,3904,
181369,3905,
2109626,3906,
1622998,3907,Whisper of Evil
112074,3908,The Highwayman
801181,3909,The Legend of Luke
1178787,3910,Loamhedge
801203,3911,The Long Patrol
1193886,3912,Taggerung
1193896,3913,Marlfox
1179753,3914,The Bellmaker
1193907,3915,Martin the Warrior
810431,3916,Lord Brocktree
551326,3917,Salamandastron
1178215,3918,Mattimeo
1178237,3919,Outcast of Redwall
1177243,3920,Mariel of Redwall
486980,3921,Redwall
2419073,3922,Morgawr
2990120,3923,Antrax
589782,3924,Ilse Witch
1561784,3925,"Innocence Lost (Kingmaker, Kingbreaker, #2)"
2984402,3926,Mossflower
271104,3927,
10458410,3928,
7792859,3929,Gregor and the Marks of Secret
860418,3930,Gregor and the Curse of the Warmbloods
16162481,3931,The Dread
13398716,3932,
7108990,3933,Dark Lady's Chosen
3884872,3934,Dark Haven: Book Three in the Chronicles of the Necromancer
1467374,3935,The Blood King: Book Two in the Chronicles of the Necromancer
312085,3936,The Summoner
21619525,3937,
15201053,3938,"Neverwinter (Forgotten Realms: Neverwinter, #2; Legend of Drizzt, #21)"
11076657,3939,"Gauntlgrym (Forgotten Realms: Neverwinter, #1)"
6284404,3940,The Ghost King
2751022,3941,The Pirate King
2811854,3942,The Wish List
7598150,3943,Crimes by Moonlight
21396257,3944,Saint Odd
51057146,3945,
44080112,3946,Hunted
45268929,3947,The Bear and the Nightingale
7136853,3948,"Death's Excellent Vacation (Night Huntress, #4.5, Sookie Stackhouse, #9.5, Aisling Grey #4.5)"
39906081,3949,
12929109,3950,The Sookie Stackhouse Companion
1119636,3951,Patternmaster
463005,3952,Summerlong
48545023,3953,Island of Glass
1330000,3954,"Wild Seed (Patternmaster, #1)"
111957,3955,Mind of My Mind
48635404,3956,The Forgetting
6449955,3957,Among Others
39841651,3958,
3948,3959,A Fine and Private Place
25441273,3960,Games Creatures Play
47250889,3961,Bay of Sighs
2393843,3962,Magic Street
135940,3963,The Trouble With Witches: An Ophelia and Abby Mystery Book 3
43635283,3964,Stars of Fortune
638893,3965,Raintree: Sanctuary
714117,3966,Raintree: Haunted
2478137,3967,Raintree: Inferno
21908325,3968,
2998370,3969,First Meetings in Ender's Universe
17375170,3970,Undeadly
1164024,3971,The Book of Lost Things
43111196,3972,Odd Thomas: You Are Destined To Be Together Forever
2596896,3973,A Certain Slant of Light
256948,3974,Floating Dragon
1842237,3975,Lucifer's Hammer
522872,3976,The Snow Queen
890916,3977,A Night in the Lonesome October
28209429,3978,
8386733,3979,The Fire Lord's Lover
18147798,3980,"Shadow's Claim (The Dacians, #1)"
1140491,3981,The Fifth Sacred Thing
2819180,3982,Kitty and the Dead Man's Hand
1618940,3983,Kitty and the Silver Bullet
1486094,3984,Player's Handbook
1209968,3985,Serpent Mage
2306480,3986,The Hand of Chaos
252258,3987,The Seventh Gate
1251507,3988,Into the Labyrinth
728299,3989,Fire Sea
1919217,3990,"Elven Star (The Death Gate Cycle, #2)"
81629,3991,Lady of the Trillium
900424,3992,Black Trillium
2494,3993,The Oracle's Queen
2492,3994,Hidden Warrior
71863,3995,The Bone Doll's Twin
1219151,3996,Dragons of a Lost Star
17570516,3997,United Eden
17058863,3998,
15868141,3999,
45301289,4000,Lady Renegades
13986452,4001,
6530623,4002,Intertwined
6967602,4003,Unraveled
24241248,4004,The Goblin Emperor
7377150,4005,The Left Hand of God
250896,4006,"Elvenborn (Halfblood Chronicles, #3)"
15502514,4007,
341267,4008,The Worst Witch
17415004,4009,
1779108,4010,Midwinter of the Spirit
14066802,4011,Beauty
1886015,4012,The Fairy Rebel
2118671,4013,Shades of Grey
179264,4014,"Pendragon (The Pendragon Cycle, #4)"
1940016,4015,Arthur
179265,4016,Merlin
497654,4017,Taliesin. Book I of the Pendragon Cycle
1913074,4018,Willow
4030671,4019,Practical Magic
1828810,4020,Veronica
160705,4021,A Taste of Blood Wine
859144,4022,The Hounds of the Morrigan
1083404,4023,Glimmering
1407454,4024,Winterlong
68744,4025,Red Dwarf Omnibus
1177936,4026,The Magic of Oz: Books Eleven Through Fifteen of the Oz Series
1785448,4027,Rinkitink in Oz
3004895,4028,The Scarecrow of Oz
1177991,4029,The Lost Princess of Oz
1038511,4030,Glinda of Oz
3177899,4031,Tik-Tok of Oz
173557,4032,The Patchwork Girl of Oz
2269930,4033,The Emerald City of Oz
1038552,4034,The Road to Oz
21430714,4035,The Marvelous Land of Oz
891152,4036,Ozma of Oz
12307536,4037,Darkness Falls
10135086,4038,Immortal Beloved
2063379,4039,The Redemption of Althalus
6382826,4040,Her Fearful Symmetry
745466,4041,Waking the Moon
44689831,4042,Nocturnes 2
16685995,4043,Boy's Life
9411420,4044,Jane Slayre
6504423,4045,"Jumper Cable (Xanth, #33)"
14299506,4046,
24947602,4047,The Creeps
4625240,4048,"Snow, Glass, Apples"
6609852,4049,Dracula The Un-Dead
3354341,4050,
1249260,4051,Books of Blood: Volume One
2156257,4052,Books of Blood: Volume Two
3135654,4053,Island of the Sequined Love Nun
2092260,4054,
1202952,4055,Conspiracies (Repairman Jack)
3354340,4056,"The Tomb (Adversary Cycle, #2; Repairman Jack, #1)"
3354329,4057,The Keep
3076652,4058,By the Sword: A Repairman Jack Novel
1167706,4059,L'ile mysterieuse
498223,4060,Harry Potter and the Chamber of Secrets: Sheet Music for Flute with C.D
14656391,4061,Hell's Bells
89928,4062,The Story of King Arthur
10157640,4063,Stories: All New Tales
6752024,4064,Bite Me
6600382,4065,The Gates
2619804,4066,Hosts (Repairman Jack)
6835609,4067,Timequake
60787,4068,Legacies: A Repairman Jack Novel (Repairman Jack)
836044,4069,"Eragon & Eldest (Inheritance, #1-2)"
1625130,4070,Peter and the Starcatchers
891282,4071,"Being a Green Mother (Incarnations of Immortality, #5)"
2919130,4072,Nocturnes
1573176,4073,The Lust Lizard of Melancholy Cove
2915038,4074,Practical Demonkeeping
2015399,4075,You Suck
4116777,4076,The Stupidest Angel: A Heartwarming Tale of Christmas Terror
1799438,4077,Bloodsucking Fiends
14190696,4078,"The Book of Dust, Volume One: La Belle Sauvage"
52472813,4079,The Stone Sky
3088909,4080,The Ladies of Grace Adieu and Other Stories
16704,4081,The King of Elfland's Daughter
1205843,4082,The Broken Sword
46213537,4083,The Obelisk Gate
26115977,4084,The Fifth Season
2210482,4085,The Perilous Gard
24152270,4086,Gilded Ashes
1030874,4087,"InuYasha, Volume 3"
26959610,4088,The Bone Clocks
1030873,4089,"InuYasha, Volume 2"
9695029,4090,Akata Witch
1484561,4091,How to train your dragon
22277074,4092,The Ghost Bride
21533019,4093,Between
7160164,4094,The Battle Sylph
17505,4095,On Stranger Tides
6478937,4096,Rosemary and Rue
1344024,4097,The Sword-Edged Blonde
10170311,4098,The Ring of Solomon
1520541,4099,Beguilement
1170737,4100,Beast
6793408,4101,A Study in Emerald
7786669,4102,tsubasa-RESERVoir CHRoNiCLE- 27
12426894,4103,tsubasa-RESERVoir CHRoNiCLE- 28
6596296,4104,tsubasa-RESERVoir CHRoNiCLE- 26
2774871,4105,tsubasa-RESERVoir CHRoNiCLE- 23
1004393,4106,Unexpected Magic: Collected Stories
2954831,4107,The Game
1004381,4108,Wild Robert
1333600,4109,Feng noHai  Mi Gong noAn
2042610,4110,tsubasa-RESERVoir CHRoNiCLE- 17
1073929,4111,tsubasa-RESERVoir CHRoNiCLE- 16
133458,4112,tsubasa-RESERVoir CHRoNiCLE- 14
133478,4113,tsubasa-RESERVoir CHRoNiCLE- 15
133457,4114,tsubasa-RESERVoir CHRoNiCLE- 13
15719,4115,tsubasa-RESERVoir CHRoNiCLE- 12
15708,4116,tsubasa-RESERVoir CHRoNiCLE- 11
15711,4117,tsubasa-RESERVoir CHRoNiCLE- 10
15718,4118,tsubasa-RESERVoir CHRoNiCLE- 9
15715,4119,tsubasa-RESERVoir CHRoNiCLE- 8
15720,4120,tsubasa-RESERVoir CHRoNiCLE- 7
15716,4121,tsubasa-RESERVoir CHRoNiCLE- 6
15717,4122,tsubasa-RESERVoir CHRoNiCLE- 4
112063,4123,Prospero's Children
2619343,4124,Raising Dragons
1279399,4125,Did You Say Chicks?!
2224590,4126,"Chicks 'n Chained Males (Chicks in Chainmail, #3)"
1153620,4127,"The Chick is in the Mail (Chicks in Chainmail, #4)"
451523,4128,"Chicks in Chainmail (Chicks in Chainmail, #1)"
170435,4129,"The Taste of Night (Dangerous Girls, #2)"
2261936,4130,Dangerous Girls
2246993,4131,"Tales From the Vulgar Unicorn, Part 1 (Thieves' World, #2)"
1253865,4132,The Twelve Kingdoms: Sea of Shadow
15713,4133,tsubasa-RESERVoir CHRoNiCLE- 5
15709,4134,tsubasa-RESERVoir CHRoNiCLE- 3
15714,4135,tsubasa-RESERVoir CHRoNiCLE- 2
2913457,4136,Jing Ling noShou riRen
5347605,4137,Hei Zhi Shi  IV [Kuroshitsuji IV]
18277,4138,Vampire Hunter D Vol. 01
529691,4139,Lord of the Fire Lands
52218,4140,Sky of Swords
56199,4141,The Gilded Chain
390862,4142,Villains by Necessity
10452429,4143,The Bartimaeus Trilogy
1123715,4144,The Elenium: The Diamond Throne   The Ruby Knight   The Sapphire Rose
673448,4145,"In the Hall of the Dragon King (The Dragon King, Book 1)"
1195018,4146,Dhampir
403121,4147,Thief of Lives
403188,4148,Sister of the Dead
1037133,4149,Dream Thief
1774048,4150,Tarzan of the Apes
1003986,4151,Eight Days of Luke
143057,4152,"Phule Me Twice (Phule's Company, #4)"
3216420,4153,"A Phule and His Money (Phule's Company, #3)"
2442366,4154,"Phule's Paradise (Phule's Company, #2)"
2044388,4155,"Phule's Company (Phule's Company, #1)"
42028477,4156,The Hitchhiker's Guide to the Galaxy: A Trilogy in Five Parts
21493935,4157,London Falling
50648742,4158,
45442685,4159,
40801856,4160,The Hanging Tree
52308714,4161,The Furthest Station
52153500,4162,
42499104,4163,The Watchmaker of Filigree Street
18418816,4164,
43702534,4165,No Time Like the Past
42046365,4166,A Trail Through Time
26737517,4167,When a Child Is Born
43198715,4168,A Second Chance
25739756,4169,A Symphony of Echoes
25626746,4170,Just One Damned Thing After Another
25345243,4171,
374420,4172,The Philosophical Strangler
47397094,4173,Soulblade
46071961,4174,Raptor
45313806,4175,
43457682,4176,
42278126,4177,
41051808,4178,Balanced on the Blade's Edge
41699121,4179,
1048713,4180,Bitterwood
24881889,4181,The Cure
23754519,4182,The Change
21818052,4183,
47202581,4184,
40067181,4185,
19043716,4186,Spirit's End
15748974,4187,The Spirit War
13288379,4188,The Spirit Eater
12863050,4189,The Spirit Rebellion
12861382,4190,The Spirit Thief
52697535,4191,
41383236,4192,Carniepunk: The Demon Barker of Wheat Street
49338431,4193,Voice of Mars
51898792,4194,
41266221,4195,Republic
24336639,4196,
21961469,4197,
15118057,4198,
21750219,4199,Baby
44875618,4200,
1939931,4201,A Shadow on the Glass
16931414,4202,"The Blacksmith's Son (Mageborn, #1)"
46844129,4203,Hand of Mars
43458645,4204,Starship's Mage: Omnibus
1703274,4205,"Earth, Air, Fire and Custard"
217453,4206,In Your Dreams
2504600,4207,The Portable Door
2004018,4208,Black Powder War
2213322,4209,Throne of Jade
15871769,4210,Flash Gold
24571399,4211,A Lady of Spirit
24351399,4212,
21949495,4213,Brilliant Devices
19129778,4214,
18534698,4215,Her Own Devices
16436114,4216,Lady of Devices
21578739,4217,Soulless
21578746,4218,Untouched
19195628,4219,
41184172,4220,Voyage of the Basilisk
25095531,4221,The Tropic of Serpents
18132937,4222,A Natural History of Dragons
16632685,4223,Dragon Stones: Book One of the Dragon Stone Saga
18258529,4224,Azuri Fae
16199659,4225,Blood Faerie
21815238,4226,
7220380,4227,
17995680,4228,"Libriomancer (Magic Ex Libris, #1)"
8587765,4229,
34142449,4230,Foxglove Summer
21875874,4231,Broken Homes
13983641,4232,
17751892,4233,
242107,4234,The Green Man: Tales from the Mythic Forest
14864236,4235,Whispers Under Ground
42280064,4236,Sixth of the Dusk
25807847,4237,The First Fifteen Lives of Harry August
26228603,4238,
23860678,4239,
28144112,4240,
25144208,4241,Forged in Blood II
21744579,4242,Forged in Blood I
23743683,4243,
21591570,4244,
19197606,4245,
18208944,4246,
16617961,4247,
14926833,4248,
27679568,4249,"The Way of Kings, Part 1"
26959595,4250,
1877480,4251,"Stormwarden (The Cycle of Fire, #1)"
1964565,4252,The Ancient Future: The Dark Age
1021605,4253,"Treason Keep (The Hythrun Chronicles: Demon Child Trilogy, Book 2)"
1769920,4254,"Blue Dragon (Dark Heavens, #3)"
224705,4255,Starman (The Axis Trilogy Book 3)
905256,4256,
29184,4257,"Keeper of the Keys (The Cycle of Fire, #2)"
2197,4258,The Mageborn Traitor
171406,4259,A Time of Exile
1026843,4260,Fugitive Prince
13169953,4261,
14299514,4262,
583183,4263,The Power That Preserves
1105522,4264,The Illearth War
409548,4265,The One Tree
3082278,4266,The White Gold Wielder
2177176,4267,The Wounded Land
23871,4268,A Man Rides Through
593724,4269,The Mirror of Her Dreams
501465,4270,Rincewind the Wizzard
583642,4271,The Dark Side of the Sun
2817970,4272,Strata
583699,4273,The Carpet People
1945432,4274,The Curse of the Mistwraith
1589732,4275,The Ships of Merior
21386311,4276,
14299578,4277,
14299572,4278,
14299568,4279,
14299561,4280,The Dreaming Place
19079485,4281,Happy Hour in Hell
15663613,4282,The Blight of Muirwood
15693991,4283,The Wretched of Muirwood
15693994,4284,The Scourge of Muirwood
19051439,4285,Magician's End
16782127,4286,A Crown Imperiled
1031737,4287,"Drink Down the Moon (Jack of Kinrowan, Book 2)"
58024456,4288,
283227,4289,Seven Wild Sisters
14299580,4290,
14299586,4291,Muse and Reverie (Newford #23)
10873365,4292,The Painted Boy
215871,4293,Promises to Keep
14299573,4294,
14299544,4295,
14299548,4296,Into the Green
14299547,4297,The Wild Wood
14299566,4298,
14299575,4299,
14299557,4300,
14299532,4301,
14299546,4302,
14299528,4303,
14299525,4304,The ivory and the horn
14299524,4305,Spirits in the Wires
14299545,4306,
14299526,4307,Greenmantle
14299513,4308,
14299512,4309,
14299492,4310,
14299483,4311,
14299487,4312,Someplace to be Flying
14299473,4313,Moonheart
14299464,4314,Dreams Underfoot
14299461,4315,
2893,4316,The Blue Girl
180835,4317,The World of Robert Jordan's The Wheel of Time
1876891,4318,Little Fuzzy
18164154,4319,The Long Earth
1924572,4320,"Darkspell (Deverry, #2)"
348392,4321,"Key of Valor (Key Trilogy, #3)"
15321946,4322,Birthright
15321962,4323,Wedding Bell Hell
21902969,4324,
15321919,4325,Rebirth
15321724,4326,Demonology
30644,4327,Dates From Hell
10997187,4328,Counterfeit Magic
45317006,4329,
1366432,4330,Key of Light
856940,4331,Battleaxe (The Axis Trilogy #1)
34270,4332,Peter Pan in Scarlet
45363464,4333,Xiao noyona 18
1645428,4334,"Rave Master, Volume 1"
24956449,4335,noragami 1
42919229,4336,Bi Fang kara 3
6546257,4337,Enchanted Glass
44889273,4338,Xiao noyona 16
44889280,4339,Xiao noyona 17
42676389,4340,hushiginaTu Shu Guan   Fushigi na toshokan
42972482,4341,Xiao noyona 15
40776724,4342,Xiao noyona 13
40776715,4343,Xiao noyona 12
40776731,4344,Xiao noyona 14
26984694,4345,Xiao noyona 10
40776708,4346,Xiao noyona 11
21603591,4347,Xiao noyona 9
21603572,4348,Xiao noyona 8
472487,4349,"Qian Nian noXue , 1"
7008096,4350,Arata Kangatari
1683034,4351,"Hunter X Hunter, Vol. 3"
1960071,4352,Hunter x Hunter Vol. 18 (Hunter X Hunter (Graphic Novels))
7008139,4353,Jigi Peppa e no tegami (zigipetsupahenoShou Zhi ) ( tegamibachi #2)
440273,4354,hantaxhanta 4
6688023,4355,Xue Yuan arisu 13 (Hua toyumeCOMICS)
14929683,4356,Shugo Chara! #11
6549716,4357,Xue Yuan arisu11
6544695,4358,"pandorahatsu, #7"
7414540,4359,
5013055,4360,Xue Yuan arisu6
4950116,4361,Shugo Chara! 6
1108196,4362,Huan Xiang Mo Chuan Zui You Ji  4
1715220,4363,Pandora Hearts 3
8097499,4364,Qing noFu Mo Shi  2
1057241,4365,ZOMBIELOAN 1
1057243,4366,ZOMBIELOAN 2
2665944,4367,Pandora Hearts 4
556481,4368,"D.Gray-man, Volume 2"
6479674,4369,tegamitotegamibachi (tegamibachi #1)
13010426,4370,Qing noFu Mo Shi  3
6544696,4371,"pandorahatsu, #5"
463517,4372,"D.N.Angel, Volume 11"
13097259,4373,
6197578,4374,Xue Yuan arisu8
3499584,4375,Shugo Chara! 5
1900553,4376,vuanpaiaQi Shi  4
1821438,4377,Shugo Chara! 2 (Shugo Chara!)
2853908,4378,merupuri meruhenpurinsu 3
6197577,4379,Xue Yuan arisu7
1394694,4380,merupuri meruhenpurinsu 2
1394693,4381,merupuri meruhenpurinsu 4
17813914,4382,Bo Jue toYao Jing  1
2704362,4383,rudovuitsuhiGe Ming  1
555516,4384,"D.Gray-man, Volume 1"
1034786,4385,Yao shinoseresu 1
6740112,4386,kadokiyaputasakura 7 [Cardcaptor Sakura 7]
8789529,4387,magi 1
6597437,4388,Xia Mu You Ren Zhang  1
1715222,4389,Pandora Hearts 2
939158,4390,Mu Yin shinoGuo  1
2535765,4391,Snedronningen
21984517,4392,Percy Jackson Ultimate Collection
19426990,4393,The Time Keeper
26206,4394,The Silver Crown
49831006,4395,Cold Reign
42458791,4396,
28553739,4397,
41814997,4398,Lucky Break
18115358,4399,House Rules
38696086,4400,
38695984,4401,
38695924,4402,Dark Debt
18115373,4403,Blood Games
18115366,4404,Wild Things
18115361,4405,Biting Bad
17420633,4406,Silence
45603863,4407,Shadow Rites
24064358,4408,Magic Binds
24064353,4409,Magic Shifts
44600531,4410,
17088822,4411,Magic Breaks
16484134,4412,Magic Rises
25482920,4413,Unbound
43894582,4414,
44701525,4415,Silence Fallen
42058953,4416,Dark Heir
21593575,4417,
16887689,4418,
42165561,4419,Cast in Flight
42165557,4420,Cast in Honor
17088789,4421,Steel's Edge
15468342,4422,Fate's Edge
7392860,4423,Bayou Moon
21554984,4424,Codex Born
28914655,4425,
39919447,4426,Broken Soul
40706283,4427,
5107001,4428,Dayhunter
2431355,4429,Nightwalker
26949988,4430,Dead Heat
3276073,4431,Magic to the Bone
23986888,4432,"The Third Kingdom (Richard and Kahlan, #2)"
15767096,4433,Stormdancer
25478104,4434,Cast in Flame
20391520,4435,
17556407,4436,
13551149,4437,Cast in Ruin
7177170,4438,Cast in Chaos
3346834,4439,Cast in Fury
4733325,4440,Cast in Silence
628100,4441,Cast in Secret
2942719,4442,Cast in Courtlight
19046356,4443,Black Lament
21376684,4444,Black City
21533416,4445,Black Heart
14458226,4446,Blood Rights
16560037,4447,Black Howl
14658267,4448,Black Night
21995734,4449,Blood of Tyrants
21412444,4450,Blood Trade
18043632,4451,Death's Rival
24502785,4452,Black Arts
15321609,4453,Raven Cursed
10885471,4454,Mercy Blade
6853921,4455,Blood Cross
10898657,4456,Black Wings
6874182,4457,"The Spirit Lens (Collegia Magica, #1)"
3464214,4458,Horizon
2118314,4459,Passage
3036423,4460,"Legacy (The Sharing Knife, #2)"
1458314,4461,"Hood (King Raven, Book 1)"
6515186,4462,On the Edge
5757031,4463,Skinwalker
1992715,4464,Fudoki
2453722,4465,The Fox Woman
3070550,4466,Earth Logic: Elemental Logic: Book 2 (Elemental Logic)
630504,4467,Fire Logic
1053095,4468,"Harshini: the Hythrun Chronicles (The Demon Child Trilogy, Book 3)"
170776,4469,"Holder of Lightning (The Cloudmages, Book 1)"
2279226,4470,The Last Dragonlord
6639708,4471,Wolfbreed
3442,4472,Freedom's Ransom (Catteni Sequence)
966031,4473,Freedom's Challenge (Catteni 3)
966018,4474,Freedom's Choice (Catteni 2)
678069,4475,Freedom's Landing (Catteni Vol. 1)
1575925,4476,Deluge
2368675,4477,Maelstrom: Book Two of The Twins of Petaybee
4428,4478,Changelings
3440,4479,"Power Lines (Petaybee, #2)"
939296,4480,"Powers That Be (Petaybee, #1)"
939297,4481,"Second Wave: Acorna's Children (Acorna, #9)"
939284,4482,"First Warning: Acorna's Children (Acorna, #8)"
2393467,4483,"Watcher of the Dead (Sword of Shadows, #4)"
1396366,4484,"A Sword from Red Ice (Sword of Shadows, #3)"
29602,4485,"A Fortress of Grey Ice (Sword of Shadows, #2)"
2134973,4486,"Redeeming The Lost (Tale of Lanen Kaelar, #3)"
2134972,4487,The Lesser Kindred (A Tale of Lanen Kaelar)
229589,4488,Song in the Silence (The Tale of Lanen Kaelar)
276722,4489,Masques
6527880,4490,
5360280,4491,Hunting Ground
10997299,4492,Wolfsbane
16015193,4493,Crucible of Gold
2585973,4494,Empire of Ivory
3102331,4495,"Victory of Eagles (Temeraire, #5)"
7287326,4496,Tongues of Serpents
13468352,4497,"The Omen Machine (Richard and Kahlan, #1)"
241888,4498,Medalon
47679338,4499,Extermination
45230553,4500,Black Coven
41947327,4501,Fimbulwinter
47874864,4502,
42530007,4503,
26492385,4504,
21362136,4505,
41426688,4506,NPCs
42816414,4507,
42816413,4508,
42330479,4509,
42329914,4510,AlterWorld
43682462,4511,Secrets of a D-List Supervillain
48285188,4512,
45512944,4513,
41419594,4514,
41902853,4515,Origins of a D-List Supervillain
16262945,4516,Confessions of a D-List Supervillain
46488965,4517,
49962994,4518,
42853433,4519,
53044675,4520,
56370574,4521,Super Sales on Super Heroes
527886,4522,The Man Who Sold the Moon
52785793,4523,
48784861,4524,
53106081,4525,
52724049,4526,
53260555,4527,
47451557,4528,
45080689,4529,
47798624,4530,
54772050,4531,
51865807,4532,Catharsis (Awaken Online #1)
43057299,4533,
60460,4534,The Elves of Cintra
42819726,4535,The Book of Phoenix
43458061,4536,Barsk: The Elephants' Graveyard
19022566,4537,"The Dark Defiles (A Land Fit for Heroes, #3)"
4767881,4538,The Cold Commands
3352006,4539,The Steel Remains
9886333,4540,The Quantum Thief
895195,4541,
1827857,4542,Grimspace
723652,4543,"Kutath (The Faded Sun, Book 1) (Alliance-Union Universe)"
348796,4544,Shon'jir
280168,4545,Balance of Trade
5756422,4546,"Fledgling (Theo Waitley, #1) (Liaden Universe)"
9673658,4547,Shards of Honor
820134,4548,Cyteen
89334,4549,Worlds of Exile and Illusion
14066792,4550,Grass
1065861,4551,The Illustrated Man
40578,4552,Sword & Citadel
1174485,4553,This Immortal
975994,4554,Crystal Soldier
1129624,4555,A Princess of Mars
18279847,4556,The Last Colony
715928,4557,The Sword of the Lictor
21519245,4558,
19122499,4559,Thorn
89549,4560,The Dawning of a New Age
943645,4561,
89552,4562,"Dragonlance Saga, The Fifth Age: The Eve of the Maelstrom"
236347,4563,"The Medusa Plague (Dragonlance: Defenders of Magic, #2)"
89572,4564,"The Black Wing (Dragonlance: Villains, #2)"
89548,4565,"The Dragons (Dragonlance: Lost Histories, #6)"
352868,4566,
1127373,4567,"Before the Mask (Dragonlance: Villains, #1)"
2971012,4568,"The Dargonesti (Dragonlance: Lost Histories, #3)"
89551,4569,
89578,4570,"Riverwind, the Plainsman"
89583,4571,"Dark Heart (Dragonlance: Meetings Sextet, #3)"
89565,4572,"The Cataclysm (Dragonlance: Tales II, #2)"
104940,4573,The Oath and the Measure
398096,4574,"The Qualinesti (Dragonlance: Elven Nations, #3)"
1156498,4575,"The Kinslayer Wars (Dragonlance: Elven Nations, #2)"
89557,4576,"The Companions (Dragonlance: Meetings Sextet, #6)"
1156499,4577,"Firstborn (Dragonlance:  Elven Nations, #1)"
89580,4578,"Steel and Stone (Dragonlance: Meetings Sextet, #5)"
1098602,4579,"Tanis, the Shadow Years (Dragonlance: Preludes  #6; Preludes II, #3)"
467187,4580,Stormblade
29639,4581,"The Dragons at War (Dragonlance Dragons, Vol. 2)"
352830,4582,"The Dragons of Krynn (Dragonlance Dragons, Vol. 1)"
857039,4583,
681885,4584,Dragons of the Highlord Skies (Dragonlance: The Lost Chronicles #2)
17083622,4585,Fury's Kiss
10966876,4586,"Vicious Grace (The Black Sun's Daughter, #3)"
6503530,4587,"Darker Angels (The Black Sun's Daughter, #2)"
13366290,4588,
7206873,4589,Wait for Dusk
6474292,4590,Dawnbreaker
7213630,4591,Pray for Dawn
6409681,4592,Dragon Age: The Stolen Throne
15498308,4593,
9724451,4594,Discord's Apple
13470318,4595,Kitty's Big Trouble
10253463,4596,Kitty Goes to War
2819197,4597,Kitty Raises Hell
6328275,4598,"Kitty's House of Horrors (Kitty Norville, #7)"
16497,4599,Kitty Takes a Holiday
16494,4600,Kitty Goes to Washington
2363070,4601,Blood Ties
2595624,4602,The Gypsy Morph
1446217,4603,Angel Fire East
549798,4604,The Tangle Box
1936434,4605,A Knight of the Word
1112930,4606,Armageddon's Children
2587875,4607,Wizard at Large
4525288,4608,Unclean Spirits
6383596,4609,Death's Mistress
3103274,4610,Midnight's Daughter
3598551,4611,Curse the Dawn
200700,4612,Claimed By Shadow
1222082,4613,Embrace the Night
13803434,4614,Hunt the Moon
19017827,4615,
764,4616,The Elf Queen of Shannara
34897,4617,The Druid of Shannara
1245597,4618,First King of Shannara
201738,4619,The Talismans of Shannara
19074880,4620,
16479983,4621,
15465229,4622,
13362631,4623,
12909883,4624,
7368080,4625,Magic on the Storm: An Allie Beckstrom Novel
6548487,4626,"Magic in the Shadows (Allie Beckstrom, #3)"
5331873,4627,"Magic In the Blood (Allie Beckstrom, #2)"
17171235,4628,
57513415,4629,
56825332,4630,Secondborn
43744279,4631,
17429860,4632,Feversong
42694742,4633,Torn
51053514,4634,"LIAM (The Rylee Adamson Epilogues, Book 2)"
48117918,4635,Illusion Town
44781345,4636,
44738249,4637,
43744207,4638,The Curse of Tenth Grave
43458366,4639,The Dirt on Ninth Grave
21900571,4640,Feverborn
45844186,4641,
44515677,4642,Fated
44587286,4643,Darken the Stars
42279878,4644,
40214183,4645,
45576306,4646,Blood of the Lost
43228461,4647,Claimed
41068478,4648,Marked
26218430,4649,Chaos
42490126,4650,Eighth Grave After Dark
27334873,4651,
27129690,4652,
25598538,4653,
25870441,4654,Sleepless
40354656,4655,Sea of Stars
25280045,4656,The Line
24808902,4657,Captive: A Guard's Tale from Malachi's Perspective
26789368,4658,
24663476,4659,Fractured
21849143,4660,Sixth Grave on the Edge
18542985,4661,
19051459,4662,Incendiary
19051451,4663,
19016498,4664,Sanctum
21539864,4665,Fifth Grave Past the Light
18670691,4666,Fourth Grave Beneath My Feet
18971640,4667,
15899099,4668,Third Grave Dead Ahead
14451765,4669,Second Grave on the Left
13662358,4670,First Grave on the Right
56823651,4671,
46922573,4672,Unleash the Storm
45869465,4673,Feed the Flames
44967283,4674,Reap the Shadows
42926174,4675,Bind the Soul
47299889,4676,
42743579,4677,Chase the Dark
19019520,4678,The Changelings
81225,4679,Dragonswan
17054802,4680,The Alpha Alternative
43195851,4681,
19256921,4682,
18711895,4683,The Force of Wind
18198263,4684,This Same Earth
17897317,4685,A Hidden Fire
25589246,4686,Escaping Destiny
25209900,4687,"Taunting Destiny (The Fae Chronicles, #2)"
56522020,4688,
18110931,4689,"Feyland: The Dark Realm (Feyland, #1)"
43111795,4690,Serafina and the Black Cloak
42779419,4691,
39911006,4692,
49846322,4693,Shadow's Seduction
47448612,4694,
14552327,4695,
26102815,4696,
45642449,4697,Mission: Improper
41387832,4698,
49703736,4699,Siege
43127184,4700,
50452768,4701,
45530255,4702,
48360803,4703,
45486604,4704,Smoke and Fire
44086148,4705,Untitled (Immortals of New Orleans #7)
42826425,4706,
45528007,4707,
47291531,4708,
45137862,4709,Of Flame and Promise
44792705,4710,
45655309,4711,
20384842,4712,A Demon and His Witch
20414326,4713,
15749107,4714,
25634634,4715,
41773326,4716,
46002577,4717,
45536102,4718,
45844191,4719,
47341346,4720,
43602301,4721,Sweet Ruin
42580724,4722,
42495707,4723,
42862783,4724,
43333415,4725,
46889460,4726,
41996218,4727,
41996298,4728,
42181187,4729,
42181194,4730,
43296887,4731,Revealing the Dragons
46146893,4732,Invasion
45463840,4733,Enraptured
46213415,4734,
45429336,4735,Shadow Lands
24996744,4736,
26490337,4737,Two Minutes
42803906,4738,Braving Fate
39507160,4739,Cursed by Fire
44566920,4740,Hunted
42499090,4741,The Last True Vampire
42499042,4742,
42675951,4743,
45567518,4744,
45330499,4745,
42742129,4746,Waking the Dragon
43865611,4747,Seducing the Dragon
42812113,4748,
42998063,4749,
42040220,4750,
27675971,4751,
26490335,4752,
42749768,4753,
39890334,4754,
26098033,4755,House of the Rising Sun
40294228,4756,City of Eternal Night
41250436,4757,
40209543,4758,
42401086,4759,
39930900,4760,
42078280,4761,
42357997,4762,
41881619,4763,The Curious Case Of The Clockwork Menace
26490324,4764,
42482696,4765,
40078305,4766,Silver Bullet
42011035,4767,Hotter Than Helltown
25800229,4768,
41115715,4769,
41856636,4770,
41194093,4771,
26108165,4772,
24409584,4773,Tristan's Lyceum Wolves
21893571,4774,
40856655,4775,
41246454,4776,
40848215,4777,Caged Wolf
40772482,4778,
41074294,4779,
21809357,4780,
19052613,4781,
19052609,4782,
15943231,4783,Photographs & Phantoms
15470426,4784,Steam & Sorcery
24109276,4785,Strange Case:  An Urban Fantasy
21416141,4786,Hyde:  An Urban Fantasy
25539454,4787,
25589255,4788,Seducing Destiny
24584601,4789,Bound In Death
28143151,4790,
26740965,4791,
39941821,4792,
24160377,4793,
25539440,4794,Cold Iron
25593763,4795,
23628313,4796,
21998101,4797,
27158530,4798,Evernight
23396707,4799,
26228930,4800,
25594363,4801,
26732414,4802,
24882731,4803,
23635437,4804,
22026915,4805,
21957925,4806,
21883237,4807,
21854983,4808,
17180282,4809,
26743281,4810,
18202149,4811,
16150671,4812,
21488423,4813,Dark Union
18138306,4814,
17631931,4815,Death's Hand
26490339,4816,
26490322,4817,
15439400,4818,Teasing Danger
15353639,4819,The Finding
21863496,4820,Betrayed
13667879,4821,The Keeping
10722156,4822,The Mating
18624080,4823,Bonded
23858424,4824,
23858428,4825,Seduced by Lies
21623538,4826,Chosen
25790272,4827,
23542500,4828,Her Ladyship's Curse
25098745,4829,
25548680,4830,
25109163,4831,
24962594,4832,Burning Dawn
25077771,4833,Forged by Desire
19266584,4834,"The Dark God's Bride (The Dark God's Bride, #1)"
25008078,4835,Entwined
21506941,4836,Shadowdance
14106752,4837,Space Junque
24505190,4838,
16267298,4839,The Hunter
23965877,4840,Lash (Broken Angel)
23846522,4841,The Darkest Craving
19152356,4842,
19152347,4843,
19050134,4844,
18631830,4845,
24573275,4846,
26531517,4847,
26518244,4848,
18297614,4849,
22007347,4850,
24088625,4851,
23858431,4852,
21509432,4853,
21509416,4854,
16037941,4855,Demon Dark
15395965,4856,
14366770,4857,Demon Girl
22034974,4858,
24247604,4859,
21474864,4860,Forever Bound
19214719,4861,"Bound by the Night (Bound, #4)"
18592136,4862,"Bound In Sin (Bound, #3)"
17564787,4863,
15930188,4864,Bound by Blood
19161908,4865,
21798230,4866,Destined
21591309,4867,Awakened
23970725,4868,My Lady Quicksilver
23628799,4869,Tarnished Knight
21732686,4870,
10961166,4871,Tranquility
10945456,4872,Fury
17864005,4873,Bewitching the Werewolf
22442637,4874,
22083270,4875,
21920505,4876,Jekyll:  An Urban Fantasy
17528507,4877,Sterling
23553517,4878,
21428859,4879,The Vampire Narcise
21428848,4880,"The Vampire Dimitri (Regency Draculia, #2)"
21428840,4881,The Vampire Voss
18412929,4882,Moonglow
18612098,4883,
16751534,4884,Firelight
16661690,4885,The Seduction of Phaeton Black
19112827,4886,The Mysterious Madam Morpho
19246875,4887,Wicked as She Wants
17362398,4888,Wicked as They Come
19217214,4889,
18620403,4890,Winterblaze
21766522,4891,
21766528,4892,
21582734,4893,Lords of the Underworld Bundle: The Darkest Fire / The Darkest Night / The Darkest Kiss / The Darkest Pleasure
19181298,4894,
18269838,4895,Bound by the Vampire
17290669,4896,Taming the Vampire
20757603,4897,
20713994,4898,
16982255,4899,To Kill an Angel
16448526,4900,Destined for a Vampire
16111957,4901,For the Love of a Vampire
21405631,4902,Beauty Awakened
13277227,4903,
16072894,4904,
21678148,4905,Heart of Iron
6936089,4906,Heart of Darkness
19379143,4907,
21399652,4908,
19058959,4909,Kiss of Steel
14221490,4910,Dark Beginnings
6781043,4911,"The Darkest Prison (Lords of the Underworld, #3.5)"
13471192,4912,
8578423,4913,
6792556,4914,Breathless: Book One of the Jason and Azazel Trilogy
16936400,4915,The Girl in the Clockwork Collar
16053889,4916,The Strange Case of Finley Jayne
19058567,4917,Expel
17488310,4918,
19155241,4919,Fusion
19050187,4920,Fissure
18450746,4921,
21450709,4922,
16103642,4923,
18193414,4924,
17564579,4925,
17564484,4926,Torn
16004747,4927,
13709627,4928,
17531782,4929,
16194781,4930,A Job From Hell
16914223,4931,Beelzebub Girl
19041212,4932,
18133278,4933,"Angel Evolution (The Evolution Trilogy , #1)"
19011317,4934,Midnight Fire
15666367,4935,
18361315,4936,
14118786,4937,Demon Kissed
6882492,4938,Starfire Angels
19043004,4939,
17998049,4940,
70550,4941,The City of Towers
18190785,4942,
15666746,4943,Vindicated
11016018,4944,
2120194,4945,The Dragonstone
1777389,4946,"King's Property (Queen of the Orcs, #1)"
276704,4947,"Raven's Strike (Raven Set, #2)"
15938166,4948,
1309195,4949,Echoes of the Great Song
1530650,4950,A Sorcerer's Treason
353953,4951,Bazil Broketail
707219,4952,"The Glasswrights' Apprentice (Glasswright, #1)"
170307,4953,The Ladies of Mandrigyn
155260,4954,Shadow Moon
6475254,4955,"Arthas: Rise of the Lich King (Word of Warcraft, #6)"
1868416,4956,Her Majesty's Wizard
1907830,4957,
352960,4958,"Diplomacy of Wolves (The Secret Texts, #1)"
2168409,4959,
835285,4960,The King Beyond the Gate
276705,4961,Raven's Shadow
328539,4962,Wizard of the Grove (Omnibus: Child of the Grove / The Last Wizard)
2566190,4963,Green Rider
128565,4964,"The Phoenix Guards (Khaavren Romances, #1)"
245141,4965,Lord Valentine's Castle
276677,4966,In the King's Service
1031766,4967,The Silver Gryphon
25003,4968,Child of the Dark Prophecy
5222539,4969,The Wizard of Rondo
1298639,4970,"The Ruins of Ambrai (Exiles, #1)"
4092,4971,The Memory of Earth
647483,4972,The Swordsman's Oath
354536,4973,"The One Kingdom (The Swans' War, book 1)"
29296,4974,"The Waterborn (Children of the Changeling, #1)"
124893,4975,Childe Morgan
21525048,4976,Bones of the Dragon
1037067,4977,Well of Darkness
647393,4978,The Thief's Gamble
43113512,4979,As I Descended
23581990,4980,Kings Rising
23581952,4981,Prince's Gambit
1191645,4982,The Firebrand
13479034,4983,Department 19
23840347,4984,The World of Ice and Fire
1270236,4985,The Armageddon Rag
26384073,4986,Percy Jackson's Greek Gods
26561867,4987,
208596,4988,Tales of the Greek Heroes: Retold From the Ancient Authors
2085028,4989,Birdwing
3038235,4990,The Gone-Away World
25128285,4991,The Mistress of Spices
10733651,4992,Deathless
15646,4993,A Song for Lya
14351915,4994,Raising Stony Mayhall
13490583,4995,Allison Hewitt Is Trapped
5725966,4996,The Children of Hurin
23750990,4997,The New Hunger
1189004,4998,The Court of the Air
56623644,4999,
52260279,5000,
55480551,5001,
54759820,5002,Trickery
49151915,5003,
53474294,5004,
47356896,5005,"The Soul Summoner (The Soul Summoner, #1)"
52348961,5006,
51428426,5007,
24566984,5008,Ashes to Ashes (Experiment in Terror #8)
19220748,5009,
18949847,5010,
18226704,5011,
19191181,5012,
23643440,5013,
50392452,5014,
49978061,5015,
21368469,5016,Touching Smoke
21883777,5017,
50252305,5018,
47757316,5019,Windburn
45830132,5020,Firestorm
45308601,5021,Breakwater
18262544,5022,
46307253,5023,
14537859,5024,
17396770,5025,
14706852,5026,
13647806,5027,
46238625,5028,
48197284,5029,
41852499,5030,
43012192,5031,
45568853,5032,"Across The Divide (Collector, #3)"
45631338,5033,The Last of the Firedrakes
44942572,5034,
45866764,5035,
44063410,5036,
43762551,5037,Revolution
42383396,5038,Redemption
41781396,5039,
40126415,5040,Revelation
15474115,5041,"Emblaze (The Violet Eden Chapters, #3)"
14558950,5042,"Enticed (The Violet Eden Chapters, #2)"
44636020,5043,
21732234,5044,
15305022,5045,Storm
27286726,5046,Beyond the Veil
41612051,5047,
43127776,5048,Jinxed
41366559,5049,White Raven
43111411,5050,
26117902,5051,From Gods
44413061,5052,
41547588,5053,King of Me
41366447,5054,King for a Day
18632414,5055,
17025196,5056,
44359339,5057,
43007282,5058,
41892892,5059,
41068833,5060,"Waking the Beast (Awakening Pride, #1)"
42938433,5061,
40136510,5062,
42180997,5063,
42811912,5064,
15348432,5065,
24330723,5066,Killer Frost
21382772,5067,Mythos Academy 5: Midnight Frost
18306447,5068,Crimson Frost
25478430,5069,
43078791,5070,
42670782,5071,
28095112,5072,
12943160,5073,Promise
18930857,5074,Arcane Solutions
42702157,5075,
26528867,5076,Stormrise
19080741,5077,
11367676,5078,
43010586,5079,
42753864,5080,Dog with a Bone
48560305,5081,
18856500,5082,
10128760,5083,
16286238,5084,Darkhouse
14176532,5085,Mate Set
15918993,5086,Shadow Bound
15080228,5087,Blood Bound
24981030,5088,Death Beckons
26730162,5089,
24974011,5090,"(Mis)fortune (Judgement of the Six, #2)"
28983336,5091,
24380106,5092,"Hope(less) (Judgement of the Six, #1)"
21747136,5093,Swift
21575130,5094,
18464728,5095,
40844183,5096,Awaken
40321034,5097,Reckoning: A Fallen Siren Novel
24595293,5098,Cursed
21496434,5099,Dolmarehn
19210951,5100,Faelorehn
27119890,5101,Lost Girl
14665819,5102,
6208747,5103,Desire Untamed
41857970,5104,
25533760,5105,Bite Me
42261243,5106,
26159045,5107,
18965760,5108,
25386783,5109,Cursed by Destiny
21533232,5110,A Cursed Embrace
20565079,5111,Sealed with a Curse
16290007,5112,
43253703,5113,
43134477,5114,
42716385,5115,
23801019,5116,Wild Born
41930688,5117,
40745698,5118,
41048753,5119,
22035033,5120,
21597128,5121,Saving Angel
15101739,5122,
16918507,5123,Whisper Cape
42869559,5124,
42826886,5125,
42791938,5126,"Mate's Lore (Chosen by the Vampire Kings, #0.1)"
41620248,5127,Bad Blood
41233786,5128,Blood Born
43063344,5129,
19071133,5130,The Goddess Legacy
18160064,5131,The Goddess Hunt
17070280,5132,
21990572,5133,
23911084,5134,
13505950,5135,Embrace
24734466,5136,
18524925,5137,Rival Demons
19158590,5138,Demons Forever
16908411,5139,Shadow Demons
15529056,5140,Bitter Demons
14884004,5141,Inner Demons
14496593,5142,Beautiful Demons
41266485,5143,
17590033,5144,
16855703,5145,
21827630,5146,
25050956,5147,
23738660,5148,Lark (Lark #1)
41965402,5149,
41053907,5150,
40226265,5151,
23775833,5152,
42407869,5153,Guardian
41418554,5154,"Wounded (Rylee Adamson, #8)"
41257067,5155,
27455710,5156,Alex (A Rylee Adamson Novel) #5.5
24943336,5157,Raising Innocence
18190931,5158,
40308697,5159,Life Blood
23541181,5160,
17912011,5161,
15140114,5162,"Tall, Dark & Lonely"
41930911,5163,
41770005,5164,
24935873,5165,
24344661,5166,
23980843,5167,
23848574,5168,
29467797,5169,
26325836,5170,
25665586,5171,
39947459,5172,
26520981,5173,
19679288,5174,
24495326,5175,
21586916,5176,
26413766,5177,
25097210,5178,
24164188,5179,
41366487,5180,King's
14099176,5181,Breathless
26532113,5182,Darkness Awakened
41367466,5183,
18604279,5184,
41254308,5185,
13082661,5186,Trial by Fire
17484351,5187,Taken by Storm
41054150,5188,
40786413,5189,
27543683,5190,Shattered
24505718,5191,
24960112,5192,
19056824,5193,
18122416,5194,
26107939,5195,
25686214,5196,
25083956,5197,
24487209,5198,
19140971,5199,Obsidian
18280856,5200,Tiger
18280851,5201,Wrath
18280844,5202,"Brawn (New Species, #5)"
18118903,5203,"Justice (New Species, #4)"
17415036,5204,Valiant
17232098,5205,"Slade (New Species, #2)"
17030827,5206,
16223100,5207,
16695756,5208,Delicate Freakn' Flower
25432895,5209,"New Beginnings (Others of Edenton, #.5)"
40307404,5210,
21934264,5211,"Tempted By the Pack (Blue Moon Brides, #1)"
21713997,5212,
39873446,5213,
24249946,5214,
21925460,5215,
21845212,5216,
21444075,5217,
25061691,5218,The Whispering
21810012,5219,
18531730,5220,
21770941,5221,
19694676,5222,
16994225,5223,Interim Blue
13029341,5224,How to Flirt with a Naked Werewolf
17869712,5225,
18268239,5226,
16464099,5227,
13728578,5228,
25027631,5229,
23961708,5230,
22382376,5231,
15833829,5232,
15833855,5233,
3687996,5234,The Mane Event
14254948,5235,Bloodlines
26098495,5236,
18214575,5237,
17349794,5238,Covet
7129899,5239,Raised by Wolves
24937553,5240,
22024961,5241,
24590640,5242,
21919561,5243,
15248926,5244,
7676710,5245,Touch of Seduction
21469969,5246,Dark Promise
19411720,5247,
19189673,5248,
19074846,5249,
21587454,5250,
22657253,5251,
21909544,5252,Cursed
22409798,5253,
22409791,5254,
21469169,5255,Cursed
15455819,5256,Crave
23956403,5257,Broken Wings
21455089,5258,Hidden Wings
21502833,5259,
24644788,5260,
23698014,5261,
19167841,5262,
24809815,5263,
15566783,5264,
15346786,5265,
23581869,5266,
17194868,5267,
5790090,5268,"Nice Girls Don't Have Fangs (Jane Jameson, #1)"
16017618,5269,
14251816,5270,Conversion
23581257,5271,
18596548,5272,
18580368,5273,
16147012,5274,
13627031,5275,
14688635,5276,Primal Law
1928437,5277,"Here Kitty, Kitty! (Magnus Pack #3)"
108358,5278,"Pack Challenge (Magnus Pack, #1)"
6863789,5279,Pride Mates
18236513,5280,Blood Rites
16231369,5281,Blood Vow
16231368,5282,Blood Right
18273958,5283,
19115301,5284,
16024485,5285,
23576277,5286,
21580548,5287,"Of Blood and Bone (The Minaldi Legacy, #1)"
21544272,5288,
17441876,5289,
18166592,5290,
21461000,5291,Centaur Legacy
20391900,5292,
42705766,5293,Wild and Free
19053589,5294,Lonely Souls
21544228,5295,
18979800,5296,Until the Sun Falls from the Sky
21897501,5297,
18294900,5298,
21412453,5299,
19161106,5300,
18037309,5301,
21942113,5302,
21896686,5303,
21418249,5304,
21863175,5305,
19141225,5306,
17175193,5307,Catalyst
16961596,5308,
16811798,5309,
15812592,5310,
21439292,5311,Chosen (Stained Book 3)
19197438,5312,Stolen
16680541,5313,
17845774,5314,Stained: Stained Series (Volume 1)
21466174,5315,
19445684,5316,
21592781,5317,Iniquity
19177713,5318,
21774875,5319,
17317399,5320,
18752887,5321,
16470427,5322,Requiem (Providence #2)
14601010,5323,Providence
17944089,5324,Dust Girl
26488264,5325,The Gospel of Loki
45677320,5326,Rhapsodic
56437754,5327,
40166949,5328,The Midnight Queen
51969371,5329,The Pale Dreamer
44648689,5330,The Wheel of Osheim
45266741,5331,
51954539,5332,The Scarecrow Queen
25076287,5333,The Song Rising
48857188,5334,The Mirror and the Maze
46130512,5335,Gilded Cage
48838851,5336,
52218770,5337,Hogwarts: An Incomplete and Unreliable Guide
52885176,5338,"Short Stories from Hogwarts of Heroism, Hardship and Dangerous Hobbies"
50590173,5339,
26102686,5340,
48564055,5341,"Nameless (Broken City, #1)"
43988138,5342,Gathering Frost
46660902,5343,The Sleeping Prince
42416602,5344,The Liar's Key
25469468,5345,Sleeping Beauty
42710795,5346,Crossed
28068197,5347,
24067842,5348,
18209346,5349,"A Hint of Frost (Araneae Nation, #1)"
21900404,5350,Cracked
38460836,5351,
45626387,5352,Servant of the Crown
43166218,5353,
26680938,5354,Dark Skye
41130295,5355,
25420795,5356,
22172252,5357,"The Hidden Relic (Evermen Saga, #2)"
21447860,5358,"Enchantress (Evermen Saga, #1)"
22414772,5359,"The Forgotten Ones (The Danaan Trilogy, #1)"
21928978,5360,
42428433,5361,The Shadow of what was Lost
25076284,5362,The Mime Order
19075719,5363,
19075718,5364,
18965602,5365,
16620050,5366,
23643606,5367,
13024385,5368,"Airel (The Awakening; Book 1, Part 1)"
9179634,5369,
40846227,5370,
19256464,5371,
26530697,5372,
19054961,5373,
18959295,5374,
16331631,5375,Brightest Kind of Darkness
22287423,5376,
23753611,5377,
24346735,5378,Bitter Sweet Love
21388959,5379,
19134533,5380,
18148950,5381,
17903513,5382,
16662891,5383,The Underworld
15972972,5384,
19139685,5385,
19115980,5386,
18187458,5387,Darkness Falls
15729324,5388,Marked
18935535,5389,
21861691,5390,Dolly
21399217,5391,Iron's Prophecy
16020910,5392,"Summer's Crossing (Iron Fey, #3.5)"
12771315,5393,"Winter's Passage (Iron Fey, #1.5)"
212781,5394,The Red Church
3092362,5395,Shadowmagic
835943,5396,Supernatural: Nevermore
748246,5397,Blood Debt
16313828,5398,Blood Past
284772,5399,Sins of the Father
284791,5400,
1918700,5401,Blood and Fog
284814,5402,
284765,5403,The Evil That Men Do
284851,5404,Resurrecting Ravana
284838,5405,Queen of the Slayers
740323,5406,Return to Chaos
284820,5407,Cursed
821808,5408,Seven Crows
241907,5409,These Our Actors
16126600,5410,Blood Will Tell
18162190,5411,The Woman Who Died a Lot
14372707,5412,Under Her Skin
21902147,5413,
284738,5414,Revenant
516459,5415,"Tales of the Slayer, Vol. 2"
47378,5416,The Lost Slayer
284767,5417,"Tales of the Slayer, Vol. 1"
284793,5418,Sons of Entropy
284673,5419,"The Watcher's Guide, Volume 3 (Buffy the Vampire Slayer)"
103773,5420,Out of the Madhouse
2336433,5421,"Ghost Roads (Buffy the Vampire Slayer: The Gatekeeper Trilogy, #2)"
631319,5422,"The Watcher's Guide, Volume 2 (Buffy the Vampire Slayer)"
284837,5423,Chosen
3130946,5424,"Night World, No. 1"
662680,5425,Divine by Blood
30576,5426,Divine By Choice
3365,5427,Goddess by Mistake
12927066,5428,One of Our Thursdays is Missing
22244152,5429,Moth and Spark
879710,5430,Raising the Stones
45494280,5431,
45263824,5432,Kingfisher
6526341,5433,Gwenhwyfar: The White Spirit
24075491,5434,
24075494,5435,
18608378,5436,How to Talk to Girls at Parties
14341913,5437,Gibbon's Decline and Fall
11165787,5438,The Broken Kingdoms
7313761,5439,
21858020,5440,The Willful Princess and the Piebald Prince
1246371,5441,The Book of Flying
2085183,5442,Heir of Sea and Fire
1871633,5443,Harpist in the Wind
1711249,5444,The Riddle-Master of Hed
19183938,5445,Wonders of the Invisible World
439090,5446,
16958891,5447,The Master of Heathcrest Hall
10010705,5448,
2484,5449,Melusine
14150069,5450,
3234246,5451,The Magic Circle
1441950,5452,The Fall of the Kings
2505634,5453,The Mysteries
14627771,5454,The Inheritance
238058,5455,The Art of Amy Brown
64565,5456,Butcher Bird: A Novel Of The Dominion
1169349,5457,Firethorn
1236434,5458,Mouse Guard: Fall 1152
3418597,5459,Bones of Faerie
12945117,5460,"Shatter (The Children of Man, #1)"
1261690,5461,Tea with the Black Dragon
3193139,5462,The Light Princess
6103611,5463,Santa Olivia
804727,5464,Auralia's Colors: The Red Strand (The Auralia Thread #1)
820153,5465,Exile's Gate
1915001,5466,"Dzur (Vlad Taltos, #10)"
1059,5467,"Issola (Vlad Taltos, #9)"
842164,5468,"Dragon (Vlad Taltos, #8)"
11131359,5469,
6314063,5470,"The Book of Athyra (Vlad Taltos, #6-7)"
48207,5471,"The Book of Taltos (Vlad Taltos, #4-5)"
3066290,5472,
419763,5473,Goblin Market and Other Poems
1492588,5474,The Faery Reel: Tales from the Twilight Realm
2271181,5475,Tiger Burning Bright
6530872,5476,The Wild's Call
252443,5477,Wit'ch Fire
1856525,5478,The Wood Wife
6493440,5479,The Child Thief
2609868,5480,Dreamdark: Silksinger
11061,5481,The Stone Fey
3799168,5482,Tigermond
583623,5483,Blackbringer
2703562,5484,A Companion to Wolves
305102,5485,Lythande (Thieves World)
3231480,5486,Empress
290172,5487,The Plucker: An Illustrated Novel
2542058,5488,Blood Lines
2542059,5489,Blood Pact
352973,5490,"Talyn (Korre, #1)"
748249,5491,Blood Trail
14341894,5492,The Fresco
180462,5493,"Orphans of Chaos (Chronicles of Chaos, #1)"
94423,5494,Jovah's Angel
3102308,5495,"Archangel (Samaria, #1)"
1171103,5496,White Jenna
1375362,5497,"Sister Light, Sister Dark"
972273,5498,Lilith: A Romance
3193161,5499,The Princess and the Goblin
1105644,5500,Thomas the Rhymer
4003,5501,The Privilege of the Sword
1453593,5502,Swordspoint
1423,5503,Brokedown Palace
2072983,5504,Till We Have Faces
598249,5505,"The Warlords of Nin (The Dragon King, Book 2)"
255933,5506,The Endless Knot
1008415,5507,The Silver Hand
343996,5508,The Paradise War
100357,5509,Ysabel
807305,5510,The Darkest Road
49879,5511,Tam Lin
7345536,5512,The Throme of the Erril of Sherill
2605626,5513,Something Rich and Strange
21019,5514,Harrowing the Dragon
1711258,5515,The Sorceress and the Cygnet
1711270,5516,The Cygnet and the Firebird
659535,5517,Solstice Wood
2605620,5518,The Tower at Stony Wood
21023,5519,Od Magic
1291086,5520,Song for the Basilisk
726213,5521,In the Forests of Serre
767145,5522,Ombria in Shadow
2085180,5523,The Changeling Sea
1105994,5524,The Book of Atrix Wolfe
1323557,5525,Winter Rose
2934,5526,The Forgotten Beasts of Eld
2944592,5527,The Bell at Sealey Head
1405943,5528,Monster Island
121320,5529,Ghost Road Blues
308335,5530,The Freakshow
25602738,5531,
25324215,5532,
9053013,5533,
6226009,5534,The Golem
209362,5535,City Infernal
40013929,5536,
27569674,5537,The Purge of Babylon
18153838,5538,
24895710,5539,Innocence
18161190,5540,
19932678,5541,"Dreadfully Ever After (Pride and Prejudice and Zombies, #2)"
5431515,5542,The First Days
2395465,5543,Infernal Angel
1942375,5544,House Infernal
2939507,5545,La planete des singes
86502,5546,The Summoning
104627,5547,Dominion
2740631,5548,The Walking
16750065,5549,
486253,5550,
21914260,5551,Apocalipsis Z
21744917,5552,
15687669,5553,On the Road
14541670,5554,The Survivors
17923272,5555,
23639092,5556,
19267765,5557,
2860338,5558,Wolfsbane and Mistletoe
22382810,5559,
10296427,5560,
6433885,5561,UR
11163659,5562,
2945551,5563,Ghost Walk
2047149,5564,Dark Hollow
209321,5565,Ghoul
1040058,5566,Bite
467415,5567,Body Rides
18505024,5568,
16756388,5569,
19057154,5570,Alive In A Dead World
18007388,5571,
14449433,5572,
6536772,5573,Fighting to Survive
18293809,5574,
19032315,5575,
21454805,5576,
15782473,5577,
17911696,5578,
18190084,5579,
18600703,5580,
13012947,5581,
56424111,5582,
50875361,5583,Insight
50248672,5584,Firestorm
47807988,5585,Frostblood
51269643,5586,
46204385,5587,
46013160,5588,Smoke & Mirrors
49835149,5589,Blow Down
49474397,5590,Wolfsong
50811315,5591,
47252517,5592,Rag and Bone
50191359,5593,How to Wish Upon a Star
45814118,5594,
46126102,5595,
42242041,5596,Catch a Tiger by the Tail
46064738,5597,Winter Oranges
43988107,5598,
19140918,5599,Sinders and Ash
40017057,5600,It's a Wonderful Death
45335099,5601,
42242039,5602,Against the Grain
46053384,5603,Cronin's Key III
45190166,5604,Cronin's Key II
44473044,5605,Cronin's Key
45230239,5606,Prickly Business
44302287,5607,The Secret Casebook of Simon Feximal
45144678,5608,
21566955,5609,Flukes
43284680,5610,Sacrati
25743912,5611,
19242565,5612,The Persistence of Memory
40141774,5613,Wolf in Gucci Loafers
43616625,5614,
27538135,5615,
6757064,5616,Notturno
24568182,5617,Seeker
42242035,5618,
42242030,5619,Rack & Ruin
22128115,5620,
17758706,5621,An Uncommon Whore
41961444,5622,Blood & Thunder
41645331,5623,Hell & High Water
17352235,5624,Unmarked
10553160,5625,
6241662,5626,Payback
21990725,5627,Alpha Trine
40295469,5628,
41206437,5629,
25742389,5630,
40167817,5631,
19139220,5632,
13460781,5633,
19695596,5634,
26151511,5635,Dangerous Dream
25739154,5636,
24490322,5637,Don't Even Think About It
24584386,5638,Heart of Stone
19183115,5639,
27208058,5640,
25867227,5641,
23964017,5642,
21442385,5643,
19068288,5644,Darkness Awakened
18447240,5645,
19013513,5646,
16791661,5647,Angel Eyes
24592923,5648,Delirium
21571915,5649,In Your Dreams
16936369,5650,Transparent
18129792,5651,
17864554,5652,Open Minds
18129785,5653,Closed Hearts
18086865,5654,
21943929,5655,
44304623,5656,
56027524,5657,
50745635,5658,
46754768,5659,Inception
55433987,5660,
48614558,5661,
21478240,5662,
16491802,5663,
44555515,5664,
46256787,5665,Night of Nyx
46883496,5666,Song of Kai
44068438,5667,"House of Ravens (The Nightfall Chronicles, #2)"
42861212,5668,Court of Nightfall
45540539,5669,
15304508,5670,Witch Song
19216892,5671,My Familiar Stranger: The Vampire Hunters
25892870,5672,
23812013,5673,
25160513,5674,
23907728,5675,
44817446,5676,
25314292,5677,
21975978,5678,Touched
49250534,5679,The Bird and the Sword
18974454,5680,
16959626,5681,
16200376,5682,
22023886,5683,
19013336,5684,
18112918,5685,
17313505,5686,Hopeless Magic
47802951,5687,
21389134,5688,
18475324,5689,
15744271,5690,Reckless Magic (Star-Crossed #1)
15343817,5691,"Claimed (Brides of the Kindred, #1)"
41996071,5692,
25194730,5693,"Cupcakes, Trinkets, and Other Deadly Magic"
42798272,5694,
42902737,5695,
25541215,5696,"(Un)wise (Judgement of the Six, #3)"
4893003,5697,The Guardians
42400661,5698,
25489386,5699,
42440730,5700,
21412006,5701,Audrey's Guide to Witchcraft
40071136,5702,"Mortal Enchantment (Mortal Enchantment, #2)"
25282623,5703,Psychopomp
24945822,5704,
21811778,5705,
37834852,5706,The Shadow Prince
21908661,5707,
21908648,5708,
25524169,5709,
18989198,5710,
29875164,5711,The Immortal Circus: Final Act
24740105,5712,The Immortal Circus: Act Two
21947749,5713,The Immortal Circus: Act One
26787794,5714,
41212567,5715,
21810616,5716,
21502500,5717,
25782924,5718,
19238565,5719,
16411228,5720,
25057474,5721,
24890915,5722,Descent
25634116,5723,Shimmer
23555633,5724,Secret
15375519,5725,
24244199,5726,
21469797,5727,
24165944,5728,
24953519,5729,Extinguish
18579233,5730,Untouched
21435611,5731,
19075721,5732,
21547696,5733,Breathless
17261090,5734,
16989448,5735,
16739725,5736,
17785802,5737,
16930970,5738,
19036077,5739,Spirit
16840536,5740,
18135995,5741,Spark
18714326,5742,Shadows
18197631,5743,Valkyrie Rising
49434964,5744,Magic to the Bone
47330383,5745,
42858570,5746,
43438200,5747,
16715685,5748,
25794871,5749,
16947671,5750,Fyre
9128025,5751,Darke
5001343,5752,Syren
2080750,5753,Queste
47814007,5754,
45284411,5755,Half a Prayer
45284401,5756,
45284397,5757,
45284398,5758,
45284388,5759,
23686188,5760,
25332937,5761,"Night of the Hunter: Companions Codex, I"
24952906,5762,"The Hero, The Sword and The Dragons"
15576152,5763,
21520277,5764,The Last Threshold
1178256,5765,Into Battle
282908,5766,The Forgotten Realms: Campaign Set
860,5767,Dragons of the Dwarven Depths
276743,5768,Forgotten Realms Campaign Setting
434467,5769,"Resurrection (Forgotten Realms:  War of the Spider Queen, #6)"
18419250,5770,Charon's Claw
2795434,5771,
2795435,5772,Above the Veil
1178643,5773,Aenir
1178641,5774,Castle
2795422,5775,The Fall
1149731,5776,Robot Adept
93461,5777,"Out of Phaze (Apprentice Adept, #4)"
16585553,5778,Vale of the Vole
1308972,5779,"Heaven Cent (Xanth, #11)"
1194896,5780,"Man from Mundania (Xanth, #12)"
95888,5781,Juxtaposition
1121373,5782,"Golem in the Gears (Xanth, #9)"
223713,5783,Blue Adept
1318450,5784,"Crewel Lye (Xanth, #8)"
1121371,5785,Dragon on a Pedestal
3007213,5786,The Castle of Llyr
1561725,5787,The High King
2998128,5788,Superior Saturday
6125609,5789,Lord Sunday
805793,5790,Sir Thursday
592466,5791,Lady Friday
3209595,5792,Grim Tuesday
1243291,5793,Mister Monday
6394414,5794,"Cormyr (Forgotten Realms: Cormyr Saga, #1)"
2221257,5795,Elminster in Myth Drannor
517265,5796,"Annihilation (Forgotten Realms: War of the Spider Queen, #5)"
963887,5797,"Extinction (Forgotten Realms: War of the Spider Queen, #4)"
963902,5798,Condemnation
352149,5799,"Insurrection (Forgotten Realms: War of the Spider Queen, #2)"
282830,5800,The Fallen Fortress
805783,5801,Drowned Wednesday
45594605,5802,
18180824,5803,The Hallowed Ones
48992784,5804,City of Miracles
43007917,5805,The Traitor Baru Cormorant
21678206,5806,"Bite Me, Your Grace"
45063868,5807,Arm of the Sphinx
19101555,5808,Three Parts Dead
45387245,5809,
43111586,5810,
24757141,5811,The Golden City
43516764,5812,City of Blades
4007156,5813,"Hammer of God (Godspeaker Trilogy, Book 3)"
28030792,5814,City of Stairs
2447082,5815,The Riven Kingdom
21911391,5816,
21363505,5817,
13567100,5818,The Book of Shadows
22130674,5819,Evermore
21709328,5820,
15483134,5821,Delia's Shadow
21422875,5822,
45051607,5823,The Rising. The Alchemy Wars. Book Two
24775619,5824,Off to Be the Wizard
40167149,5825,
50729274,5826,The Purloined Poodle
42938332,5827,
15707870,5828,Empire State
44804710,5829,
26121406,5830,Updraft
23589581,5831,The Rose and the Thorn
2494832,5832,Eight Skilled Gentlemen
850766,5833,The Story of the Stone
23985336,5834,
16985767,5835,Death's Heretic
958087,5836,Bridge of Birds
40357895,5837,The Mechanical
26965646,5838,The Grace of Kings
45478631,5839,
39890176,5840,
40227944,5841,Legion: Skin Deep
6470079,5842,Retribution Falls
25082699,5843,"Feyland: The First Adventure (Feyland, #0.5)"
2720323,5844,Last Call
2425692,5845,Sign of the Unicorn
1837346,5846,The Hand of Oberon
1105543,5847,The Guns of Avalon
1867046,5848,The Courts of Chaos
6965668,5849,The Book of the New Sun
419987,5850,The Urth of the New Sun
121613,5851,The Charwoman's Shadow
3102782,5852,Running with the Demon
2421825,5853,"The Cerulean Storm (Dark Sun: Prism Pentad, #5)"
2421801,5854,"The Amber Enchantress (Dark Sun: Prism Pentad, #3)"
294480,5855,"The Crimson Legion (Dark Sun: Prism Pentad, #2)"
906139,5856,The Verdant Passage
569821,5857,"Black Wizards (Forgotten Realms: The Moonshae Trilogy, #2)"
743561,5858,"Darkwell (Forgotten Realms: The Moonshae Trilogy, #3)"
2179199,5859,Darkwalker on Moonshae
2964225,5860,Smith of Wootton Major & Farmer Giles of Ham
16050,5861,The Golden Key
1732923,5862,The Swords of Lankhmar
98586,5863,Swords and Ice Magic
4299692,5864,Swords against Wizardry
98587,5865,Swords in the Mist
1807521,5866,Swords Against Death
3171254,5867,To Your Scattered Bodies Go
54169389,5868,Lost in a Book
48577872,5869,As Old As Time
24593698,5870,
127517,5871,Politically Correct Holiday Stories For an Enlightened Yuletide Season
25352781,5872,
42578935,5873,Wicked Charms
7399114,5874,My Name Is Memory
40198250,5875,The Boy Who Drew Monsters
24284974,5876,
7279960,5877,
2523583,5878,The Year of Disappearances
1032141,5879,The Society of S
21762912,5880,The Returned
135058,5881,Night's Edge
20433761,5882,
17251309,5883,Wicked Business
11083239,5884,Wicked Appetite
15227248,5885,Dragon's Oath
5334050,5886,The Reformed Vampire Support Group
18973338,5887,Arena One: Slaverunners
10862275,5888,
15690266,5889,
7346955,5890,"Dawn of the Dreadfuls (Pride and Prejudice and Zombies, #0.5)"
51153790,5891,Sleeping Beauties
21897691,5892,Hex
25649511,5893,"A Game of Thrones: The Graphic Novel, Vol. 2"
55537038,5894,Gwendy's Button Box
6803327,5895,Fires of Eden
1623747,5896,Song of Kali
2015575,5897,Children of the Night
2859851,5898,The Witches of Eastwick
43116154,5899,The Bazaar of Bad Dreams
1249028,5900,Dark Harvest
2354698,5901,Banquet for the Damned
10651413,5902,
1130986,5903,Lost
3155594,5904,A Lion Among Men
2971237,5905,Books of Blood: Volume Three
1049073,5906,20th Century Ghosts
51939251,5907,
45252350,5908,
43823350,5909,Coveted by the Bear
25376309,5910,
46919813,5911,The Hammer of Thor
14600299,5912,
41694601,5913,
40299661,5914,
25979196,5915,
25974556,5916,
24343354,5917,
22022450,5918,
21870065,5919,
21426472,5920,
21565416,5921,
19251252,5922,
43121439,5923,
43567923,5924,
43296172,5925,
42281370,5926,"Enhanced (Brides of the Kindred, #12)"
40874299,5927,
27094588,5928,
25695985,5929,
22011910,5930,
21438037,5931,
48869815,5932,
45641804,5933,
40783317,5934,
26985255,5935,
25596006,5936,
25548248,5937,
25122168,5938,
44295754,5939,
43700424,5940,
43005905,5941,
43103193,5942,
42708684,5943,
42064123,5944,Kodiak's Claim
42226428,5945,
47871312,5946,
47312611,5947,
46871441,5948,In the Roar (Paranormal Dating Agency #9)
46135222,5949,
20393264,5950,Pursued
19056368,5951,Revealed
18045675,5952,
48563916,5953,
23755246,5954,
40802153,5955,Cade Le Beau Shifter Series
42112901,5956,
44948172,5957,
45102067,5958,
44834238,5959,
44683540,5960,
41173514,5961,"Dangerous Protector (Federal Paranormal Unit, #2)"
44480961,5962,
43531746,5963,
43196072,5964,
43127247,5965,
24245678,5966,
21753771,5967,
44858497,5968,
44803235,5969,
15548769,5970,Dreaming Awake
11557579,5971,Falling Under
32562916,5972,
26160572,5973,
44659429,5974,
43682235,5975,
23908691,5976,
21486006,5977,
19250666,5978,
19150662,5979,
23747472,5980,
17895353,5981,
17895317,5982,
16258189,5983,
15119582,5984,
13496152,5985,
13043841,5986,
42788898,5987,
29340343,5988,
24963015,5989,
21491270,5990,Croc And The Fox
18317208,5991,Swan and the Bear
17336419,5992,Bunny and the Bear
27470820,5993,
21985245,5994,
21881830,5995,
17986811,5996,Already Freakn' Mated
17986805,5997,Jealous And Freakn'
19256196,5998,Seeking Pack Redemption
17472793,5999,Betraying The Pack
21359199,6000,
20609447,6001,
20409913,6002,Snow White Blood Red
16227953,6003,Alice in Zombieland
19927175,6004,All Hallows
21360917,6005,
21379561,6006,
21379534,6007,
21379631,6008,
16140502,6009,
18945867,6010,
15486472,6011,
21584335,6012,
13828200,6013,
15398237,6014,
18878460,6015,
16886965,6016,
21878552,6017,
19186168,6018,
11060828,6019,Dead Beautiful
15457890,6020,Life Eternal
348381,6021,Key of Knowledge
52567766,6022,
15457671,6023,Isle of Night
43588200,6024,Yield the Night
12937194,6025,Bloodshot (Cheshire Red Reports #1)
465559,6026,Blue Is for Nightmares
16246371,6027,
21457576,6028,
16520318,6029,
6800220,6030,J.R. Ward Box Set
16491019,6031,Lenobia's Vow
39054,6032,"Stake That! (Blood Coven, #2)"
25597608,6033,
6440631,6034,Three Days to Dead
18866286,6035,
16127841,6036,Deadly Descendant
14429452,6037,
6480329,6038,Dying Bites: The Bloodhound Files
2325890,6039,
275658,6040,
3104195,6041,
255084,6042,Real Vampires Have Curves
49589,6043,"Mona Lisa Awakening (Monere, #1)"
16269271,6044,
21763520,6045,
21754799,6046,Secret Unleashed
19206529,6047,
17470305,6048,
15019516,6049,
20009001,6050,
17515261,6051,Tempt the Stars
12814703,6052,Bond with Me
14452325,6053,Grave Dance
7303479,6054,Stormwalker
10456819,6055,"Dead, Undead, or Somewhere in Between (Rhiannon's Law, #1)"
18313365,6056,Forbidden
15880523,6057,Moonlight
10865876,6058,Grave Witch
294252,6059,Wicked: Witch & Curse
285261,6060,Dark Reunion
7216551,6061,The Forbidden Game
2584556,6062,"Night Shift (Jill Kismet, #1)"
2729819,6063,The Turning
82852,6064,Mona Lisa Blossoming (Monere: Children of the Moon #2)
3007852,6065,Succubus Dreams
5215692,6066,Succubus Heat
1305924,6067,Succubus On Top
10083611,6068,Sin Undone
6444288,6069,Ruined
6504434,6070,Bite Me!
25597575,6071,
6240946,6072,The Splendor Falls
7068583,6073,
2621331,6074,A Quick Bite
45600,6075,High Stakes
6638686,6076,Firespell
10619497,6077,Soulbound
3037534,6078,A Girl's Guide to Vampires
7351449,6079,
7356499,6080,
13047451,6081,A Brush of Darkness
2414028,6082,Vamps
607948,6083,Bitten & Smitten
5950530,6084,Never Cry Werewolf
1388048,6085,Howling at the Moon
7110760,6086,Mind Games
6514973,6087,Vicious Circle
38326,6088,Boys that Bite
6700643,6089,Succubi Like It Hot
6643524,6090,Gentlemen Prefer Succubi
2915226,6091,"In the Blood (The Maker's Song, #2)"
15880369,6092,Full Moon
15880466,6093,Dark of the Moon
15880510,6094,
6794661,6095,Jealousy
336572,6096,Bloodlust
6015285,6097,Meridian
275657,6098,
6578268,6099,Tempest Rising
6181610,6100,Strange Angels
3142,6101,
2086847,6102,"A Rush of Wings (The Maker's Song, #1)"
21984489,6103,
16028692,6104,The Mortal Instrument Series: City of Bones / City of Ashes / City of Glass / City of Fallen Angels
25487983,6105,Howling For You
21496595,6106,
19150119,6107,"Tall, Dark & Heartless"
181989,6108,"An Enchanted Season (Includes: Psy-Changeling, #0.5; Murphy Sisters, #1)"
42427695,6109,
5461162,6110,Alpha & Omega
26645636,6111,Blood Magick
40378408,6112,Pia Saves the Day
40378481,6113,Peanut Goes to School
40062977,6114,
21596674,6115,Legacy of the Witch
19113277,6116,Mark of the Witch
25496381,6117,Dragos Takes a Holiday
26233574,6118,Shadow Spell
7221165,6119,"Masked by Moonlight (Moonlight, #1)"
21998974,6120,Dark Witch
7133882,6121,Burning Lamp
1615606,6122,Enchanted
2109516,6123,Charmed
1615617,6124,Entranced
6489824,6125,Fired Up
3005168,6126,Running Hot
1847297,6127,White Lies
2835954,6128,Sizzle and Burn
668580,6129,Captivated
6984019,6130,Out of this World
46117528,6131,With Blood Upon the Sand
25869584,6132,
25652373,6133,Twelve Kings in Sharakhai
49560,6134,
1086143,6135,Fire Me Up
44044683,6136,Blood of the Earth
276707,6137,The Hob's Bargain
57343886,6138,Fused in Fire
47472732,6139,Wildfire
49517218,6140,
17649475,6141,Silver Shark
6584559,6142,Silent Blade
25947391,6143,Menagerie
55857331,6144,
55577462,6145,
46200778,6146,Archangel's Heart
44394042,6147,Wintersong
12732774,6148,Geist
15083431,6149,
46616537,6150,
55324937,6151,Born in Fire
48576605,6152,
47852483,6153,
54709325,6154,
53183472,6155,
53248837,6156,
49310817,6157,Keystone
45688417,6158,Harmony Black
50441200,6159,
50270342,6160,
49970254,6161,
6279274,6162,Balkan Magic
52812937,6163,Moonshadow
52488792,6164,Red Winter
15083372,6165,
14735184,6166,One Salt Sea
44712641,6167,The Queen of Blood
27473756,6168,The Vanishing Throne
24044734,6169,
50713753,6170,
11069282,6171,
8194139,6172,Blood song
42747312,6173,A Shadow Bright and Burning
24252401,6174,Archangel's Shadows
47064525,6175,A Promise of Fire
6646299,6176,Secondhand Spirits
40693453,6177,The Forbidden Wish
26492094,6178,The Copper Promise
2945043,6179,Heir to Sevenwaters
26170367,6180,The Storyspinner
43127391,6181,
21564188,6182,
26030382,6183,Silber - Das zweite Buch der Traume
13362625,6184,Late Eclipses
6984568,6185,An Artificial Night
6984561,6186,A Local Habitation
42243157,6187,Cold Burn of Magic
42795212,6188,Flamecaster
42755751,6189,Owl and the Japanese Circus
45957557,6190,Once Upon a Dream
27621610,6191,
42273698,6192,The Collectors' Society
44737528,6193,Eidolon
40716767,6194,The Veil
40780371,6195,Radiance
26746176,6196,Entreat Me
24882327,6197,
853134,6198,Fantasy Fix
9184204,6199,
9320400,6200,
21998981,6201,
1307970,6202,Dragon's Bait
43981602,6203,Hunter
49528,6204,Star of the Morning
578387,6205,The Djinn in the Nightingale's Eye
41692791,6206,White hot
43082719,6207,The Drafter
16334571,6208,Discount Armageddon
24501753,6209,Silber: Das erste Buch der Traume
15391255,6210,"The Winter King (Weathermages Of Mystral, #1)"
15234224,6211,Blood Spirits
19201561,6212,Sora's Quest
40072985,6213,
25640397,6214,
41794636,6215,Darkest Before Dawn
22035629,6216,Doon
21848801,6217,
12918466,6218,
26112300,6219,
17406570,6220,City of Blaze
40025563,6221,Burn For Me
24037683,6222,The Burning Sky
19114731,6223,Tangled Web
13008233,6224,
142678,6225,"The High King's Tomb (Green Rider, #3)"
142679,6226,First Rider's Call
11017918,6227,
18132344,6228,The Falconer
26424665,6229,The Key
19238297,6230,
15509965,6231,Shadow Heir
7018843,6232,Master of Crows
25223481,6233,The Forbidden Library
1003821,6234,The Magicians of Caprona
190045,6235,"Bras & Broomsticks (Magic in Manhattan, #1)"
697268,6236,An Earthly Knight
2246376,6237,Queen of the Wolves
1115873,6238,Wolf Star Rise
10893363,6239,Coronets and Steel
433081,6240,The Named
552706,6241,Old Magic
6632644,6242,"Seducing the Wolf (Wulf's Den, #3)"
13876185,6243,Quicksilver
665900,6244,Madeleine L'Engle's Time Trilogy
1474309,6245,Ilias ; Odusseia
6594671,6246,Charmed Life
137723,6247,The Hollow Kingdom
6674835,6248,The Den of Shadows Quartet
1025546,6249,Wolfcry
6459697,6250,Elfland
17649917,6251,Grave Memory
21595633,6252,A Conspiracy of Alchemists
3073816,6253,Firesong
1487248,6254,Slaves of the Mastery
2919537,6255,The Wind Singer
1279335,6256,Law of the Wolf Tower
588218,6257,Tithe: A Modern Faerie Tale
1577873,6258,Lord of the Fading Lands
2987930,6259,The Singer of All Songs
40431126,6260,Half the World
30157568,6261,The Witch with No Name
25651980,6262,
23958871,6263,Thief's Magic
2727,6264,"Dark Moon Defender (Twelve Houses, #3)"
94421,6265,"The Thirteenth House (Twelve Houses, #2)"
17264774,6266,Gunmetal Magic
4982233,6267,The Mammoth Book of Paranormal Romance
4493959,6268,A Mere Formality
6820547,6269,Days of Swine and Roses
24814213,6270,
19072807,6271,
18295604,6272,
16287059,6273,
24885550,6274,
17897531,6275,Water
2591148,6276,Alcatraz Versus the Evil Librarians
3381062,6277,The Magician's Apprentice
1257765,6278,Voice of the Gods
4350,6279,Last of the Wilds
8436364,6280,"Ice Study (Study, #3.6)"
40081455,6281,
1293083,6282,Priestess of the White
7846048,6283,Divided Souls
6817309,6284,Blood Ties
6546668,6285,Secret Lives
100829,6286,The Key
433080,6287,The Dark
42248371,6288,Dragonbane
47291547,6289,
14919696,6290,Yvette's Haven
14698846,6291,Gabriel's Mate
17387614,6292,Zane's Redemption
26155113,6293,How to Seduce a Vampire (Without Really Trying)
25517554,6294,Son of No One
19060165,6295,Phantom Lover;  Winter Born; A Dark-Hunter Christmas;  Until Death We Do Part; A Hard Day's Night Searcher; Shadow of the Moon; Where Angels Fear to Tread; Fear the Darkness; House of the Rising Son; Love Bytes; Santa Wears Spurs
19024981,6296,Redemption
28083151,6297,"Second Chances  (Dark-Hunter, #7.5)"
10368787,6298,Winter Born
7091964,6299,A Dark-Hunter Christmas
7091839,6300,The Beginning
3467347,6301,Fear the Darkness
21473047,6302,Styxx
15558522,6303,The Guardian
1329431,6304,Upon the Midnight Clear
1329428,6305,Sins of the Night
81236,6306,Dark Side of the Moon
25888796,6307,Thomas's Choice
21442007,6308,Darkness Unmasked
24034707,6309,The Vampire With the Dragon Tattoo
21823587,6310,Vampires Gone Wild
17248231,6311,
18983694,6312,Wild About You
21590246,6313,Quinn's Undying Rose
218573,6314,Vamps and the City
6738107,6315,The Vampire and the Virgin
4359529,6316,"Secret Life of a Vampire (Love at Stake, #6)"
218574,6317,Be Still My Vampire Heart
2820728,6318,All I Want for Christmas Is a Vampire
16371613,6319,Wanted: Undead or Alive
12507980,6320,Vampire Mine
15333257,6321,Sexiest Vampire Alive
17045364,6322,Time Untime
3153516,6323,One Silent Night
13943349,6324,Retribution
6965033,6325,No Mercy
1878138,6326,Dream Chaser
69984,6327,When Darkness Comes
9868143,6328,Eat Prey Love
4400647,6329,Bad Moon Rising
3022533,6330,Dream Warrior
3280979,6331,Born of Fire
7191041,6332,Paradise CIty
3015943,6333,"Night World, No. 2"
5748279,6334,"Forbidden Nights With a Vampire (Love at Stake, #7)"
3678073,6335,"Vampire, Interrupted"
255117,6336,How to Marry a Millionaire Vampire
1282555,6337,The Undead Next Door
26107309,6338,
40703712,6339,
25640915,6340,Sacrifice of Love
21913851,6341,Fate and Fury
15954482,6342,
19012489,6343,
21942016,6344,
19190956,6345,"Flutter, The Discover Series"
53188904,6346,
19046941,6347,The Departed
18189458,6348,The Haunted
16874816,6349,The Deepest Cut
18737848,6350,
15750855,6351,
17228085,6352,
17526660,6353,
13688634,6354,
21415414,6355,Beyond the Veil
19028216,6356,Out of the Dark
18591913,6357,Just One Drop
16351210,6358,
17839629,6359,Blood of Anteros
19206497,6360,
17006027,6361,
16804858,6362,
15954518,6363,Slumber
16127139,6364,"Every Last Kiss (The Bloodstone Saga, #1)"
9694646,6365,
19016540,6366,
17763526,6367,
17271735,6368,
16732218,6369,
13455041,6370,
15455197,6371,Betrayal
14566529,6372,Midnight Frost
14566509,6373,
14527271,6374,
13498677,6375,
12770522,6376,Bitter Frost
18306096,6377,
24331457,6378,
24331447,6379,
14749921,6380,The Mind Readers
14175269,6381,
17389401,6382,
17389400,6383,
15997411,6384,
17055173,6385,Devour
15666680,6386,The Childe
17049819,6387,Foretold
17049783,6388,Central
17049755,6389,Becoming
16284463,6390,
18367660,6391,The Ascended
16069312,6392,
15710429,6393,
2846394,6394,The Fionavar Tapestry
2070311,6395,
6785719,6396,"To The Blight: The Eye of the World, part 2"
71864,6397,Traitor's Moon
2496,6398,Stalking Darkness
21952704,6399,Widdershins
2495,6400,Luck in the Shadows
51198788,6401,"Immortal Unchained (Argeneau, #25)"
49842759,6402,Wicked Abyss
20434241,6403,The Queen Is Dead
45537337,6404,Runaway Vampire
44279371,6405,
15424160,6406,The Bite Before Christmas
31832015,6407,
24582030,6408,
24582021,6409,
23588281,6410,
21568012,6411,
18958700,6412,
18326786,6413,Christmas Moon
15309065,6414,
15309060,6415,
14368026,6416,Vampire Moon
10388027,6417,Moon Dance
18742039,6418,The Kingmakers
25337542,6419,Vampire Most Wanted
24065528,6420,One Lucky Vampire
21397455,6421,Immortal Ever After
18282674,6422,The Lady Is a Vamp
16470051,6423,Under a Vampire Moon
6694706,6424,The Reluctant Vampire
6694711,6425,Hungry for You
6694704,6426,Born to Bite
6421777,6427,The Renegade Hunter
3988236,6428,The Immortal Hunter
3002711,6429,The Rogue Hunter
2968948,6430,Vampires are Forever
2729556,6431,The Accidental Vampire
38291,6432,Bite Me If You Can
38324,6433,A Bite to Remember
376701,6434,"Tall, Dark & Hungry"
38310,6435,Love Bites
255087,6436,Single White Vampire
15702457,6437,The Rift Walker
12937172,6438,
2621763,6439,A Connecticut Yankee in King Arthur's Court
58507,6440,Michael Moorcock's Elric: Tales of the White Wolf
2274167,6441,I Sing the Body Electric!
3064821,6442,Topper
548999,6443,"Encyclopedia of Fairies: Hobgoblins, Brownies, Bogies, & Other Supernatural Creatures"
51770,6444,Guia de lugares imaginarios: Edicion abreviada
469830,6445,The Howling
19221219,6446,
1687434,6447,The Dreaming Jewels
2394125,6448,The Jewel in the Skull
1383196,6449,"The Doors of His Face, the Lamps of His Mouth and Other Stories"
1204561,6450,People of the Black Circle
13607275,6451,
1713407,6452,Strange Wine: Fifteen New Stories from the Nightside of the World
98427,6453,The Emperor of Dreams (Fantasy Masterworks)
2653871,6454,Leven en werken van de Kabouter
1819645,6455,Sandkings
29110,6456,Alien Sex: 19 Tales by the Masters of Science Fiction and Dark Fantasy
1978586,6457,The Final Programme
787208,6458,The Warlord of the Air
759315,6459,Doorways in the Sand
936760,6460,Cities of the Red Night
1555086,6461,The Bear Went Over the Mountain
349101,6462,Bubba Ho-Tep
98476,6463,Dead in the West
632105,6464,Morlock Night
48716,6465,"Infernal Devices (Infernal Devices, #1)"
1308829,6466,The Birthgrave
119102,6467,An Alien Heat
523968,6468,"Of Saints and Shadows (The Shadow Saga, #1)"
98664,6469,Vampire$
2354173,6470,Masterpieces of Terror and the Supernatural: A Treasury of Spellbinding Tales Old and New
70163,6471,"The Dracula Tape (Dracula Series, #1)"
211691,6472,The Hungry Moon
660985,6473,Sunglasses After Dark (Borealis)
15481180,6474,Left Hand Magic: A Novel of Golgotham
289513,6475,In the Blood
289515,6476,A Dozen Black Roses
6444229,6477,After Dark
10898626,6478,Right Hand Magic: A Novel of Golgotham
6186331,6479,Night Life
123754,6480,Midnight Blue: The Sonja Blue Collection
1048840,6481,Hotel Transylvania
915009,6482,Conjure Wife
343688,6483,Hot Blood: Tales of Erotic Horror
829647,6484,The Light at the End
776724,6485,Tales of the Cthulhu Mythos
16695901,6486,Mystery Walk
15834854,6487,
701529,6488,Darkness Weaves
16692687,6489,
292120,6490,The Elementals
2564105,6491,Fevre Dream
1879450,6492,Thieves' World
44842200,6493,The Eternal Champion
16686655,6494,The Wolf's Hour
1159130,6495,The Incomplete Enchanter
2506960,6496,The Tomb and Other Tales
2298366,6497,"Varney the Vampire; or, The Feast of Blood"
2588003,6498,The Willows
388812,6499,Elric of Melnibone
347873,6500,Cold Hand in Mine: Strange Stories
449577,6501,Swords and Deviltry
1397373,6502,The Doom That Came to Sarnath and Other Stories
349102,6503,By Bizarre Hands
734664,6504,Under the Fang
1903528,6505,Dark Gods
776731,6506,"Tales of the Cthulhu Mythos, Vol 2"
3265037,6507,The Haunted Looking Glass: Ghost Stories (New York Review Books Classics)
89873,6508,Best Ghost Stories of Algernon Blackwood
954927,6509,The King in Yellow and Other Horror Stories
22857450,6510,
1246393,6511,Zahrah the Windseeker
21930225,6512,Of Beast and Beauty
21383294,6513,
18229805,6514,The Assassin's Curse
17769102,6515,The Enchanter Heir
376002,6516,Magic or Madness
18462176,6517,Exile
719086,6518,Dragon's Egg
13018019,6519,Magic Under Stone
1170951,6520,Hatching Magic
6652208,6521,Magic Under Glass
1361713,6522,Now You See It . . .
13380425,6523,The Last Dragonslayer
353491,6524,Half-human
18957051,6525,Let the Sky Fall
17993650,6526,Keeper of the Lost Cities
6640036,6527,Dragonfly
488848,6528,The Wizard Heir
1011388,6529,Lord of Light
12903791,6530,A Beautiful Evil
21975366,6531,
973,6532,The Moorchild
6563516,6533,The Dragon Book: Magical Tales from the Masters of Modern Fantasy
488765,6534,Close Kin
417312,6535,In the Coils of the Snake
15367524,6536,The Pledge
13760521,6537,Black Heart
13136697,6538,
6264661,6539,White Cat
17234900,6540,
23744003,6541,
123227,6542,Star Wars: From the Adventures of Luke Skywalker
21372021,6543,The First Confessor
421482,6544,Slave Girl of Gor
1994879,6545,Marauders of Gor
1916541,6546,Hunters of Gor
1994848,6547,Priest-Kings of Gor
1964337,6548,Captive of Gor
1994862,6549,"Raiders of Gor (Gor, #6)"
266205,6550,Assassin of Gor
1994850,6551,Nomads of Gor
2921251,6552,"Outlaw of Gor (Gor, #2)"
2527845,6553,Tarnsman of Gor
283026,6554,"The Ring of Winter (Forgotten Realms: The Harpers, #5)"
743541,6555,"Crypt of the Shadowking (Forgotten Realms: The Harpers, #6)"
626147,6556,"Unclean (Forgotten Realms: The Haunted Lands, #1)"
1251451,6557,The Wyvern's Spur (Finder's Stone #2)
282953,6558,Prince of Lies (Avatar #4)
283052,6559,"Azure Bonds (Forgotten Realms: Finder's Stone, #1)"
2789369,6560,Spellfire
2370697,6561,The Brega Path
541983,6562,Dragondoom
613052,6563,"Omnivore (Of Man and Manta, #1)"
2016705,6564,OX
17308,6565,"Orn (Of Man and Manta, #2)"
398394,6566,Shadows of Sanctuary
539600,6567,"Storm Season, Part 2 (Thieves' World)"
1932613,6568,Myth-Nomers and Im-Pervections
3103465,6569,M.Y.T.H. Inc. in Action
1472816,6570,"Robert Asprin's Myth Adventures Vol. 1 (Myth Adventures, #1-6)"
803245,6571,"Teckla (Vlad Taltos, #3)"
2056682,6572,"Taltos (Vlad Taltos, #4)"
1521838,6573,Jhereg
1058,6574,"Yendi (Vlad Taltos, #2)"
6496787,6575,The Law of Nines
15386587,6576,Happily Never After
15736615,6577,Reckoning: From Unbound
43111779,6578,Dragon Fall
47261476,6579,
16817072,6580,"Nice Girls Don't Sign a Lease Without a Wedding Ring (Jane Jameson, #3.5)"
6514958,6581,Nice Girls Don't Live Forever
6173971,6582,"Nice Girls Don't Date Dead Men (Jane Jameson, #2)"
47328239,6583,
10263582,6584,Vesper
12794654,6585,Fairy Bad Day
2349651,6586,Oh. My. Gods.
17751533,6587,Team Human
6803537,6588,Violet Eyes (Once Upon a Time)
362729,6589,User Unfriendly
17348487,6590,A Christmas Carol and Other Christmas Writings
6551250,6591,Malice
44701550,6592,At Blade's Edge
1178772,6593,For Biddle's Sake (The Princess Tales)
678324,6594,"Golden: A Retelling of ""Rapunzel"""
3006609,6595,"The Night Dance: A Retelling of ""The Twelve Dancing Princesses"""
120223,6596,"Midnight Pearls: A Retelling of ""The Little Mermaid""  (Once Upon a Time)"
41874981,6597,
15088324,6598,
25873114,6599,
27268386,6600,Ticker
13155646,6601,Texas Gothic
6556598,6602,Lips Touch: Three Times
16999783,6603,"Soulless: The Manga, Vol. 1"
712022,6604,"Water Song: A Retelling of ""The Frog Prince"" (Once Upon a Time)"
99163,6605,"Scarlet Moon: A Retelling of ""Little Red Riding Hood"""
102646,6606,"The Storyteller's Daughter: A Retelling of ""The Arabian Nights"""
505,6607,Sorcery and Cecelia or: The Enchanted Chocolate Pot
14610053,6608,Dark Souls
28143123,6609,The Game of Love and Death
15556137,6610,Mei Shao Nu Zhan Shi seramunXin Zhuang Ban  10 [Bishojo Senshi Sailor Moon Shinsoban 10]
1791718,6611,Mei Shao Nu Zhan Shi seramunXin Zhuang Ban  9 [Bishojo Senshi Sailor Moon Shinsoban 9]
41556552,6612,
15704136,6613,Forbidden
26371778,6614,Deep Blue
18462174,6615,
42062185,6616,Siren's Fury
26737326,6617,
21861745,6618,Fire & Flood
16778447,6619,
17259372,6620,Between the Lines
6227933,6621,Lunatic
2239854,6622,Chaos
2239855,6623,Renegade
1614866,6624,Infidel
1614867,6625,Chosen
25441797,6626,Blood Ties
26100382,6627,
23801235,6628,
23899823,6629,Hunted
5992787,6630,"Dragon's Breath (Tales of the Frog Princess, #2)"
6520340,6631,Emily Windsnap and the Siren's Secret
903485,6632,Emily Windsnap and the Castle in the Mist
17016507,6633,A Hero for WondLa
8944726,6634,The Search for WondLa
13436522,6635,Athena the Wise
10681995,6636,Artemis the Brave
7869407,6637,Aphrodite the Beauty
7869408,6638,
6992256,6639,Athena The Brain
6288490,6640,13 Treasures
1916993,6641,"Song Quest (The Echorium Sequence, Book 1)"
367130,6642,Black Unicorn
293517,6643,"On Fire's Wings (Final Dance, #1)"
2338065,6644,Fire Bringer
353905,6645,"The Book of Earth (Dragon Quartet, #1)"
151019,6646,Sing the Four Quarters
274556,6647,The Squire's Tale
1004371,6648,Conrad's Fate
7122639,6649,Witch Week
11097541,6650,Intrigue
170878,6651,Reserved for the Cat
1904439,6652,Fortune's Fool
2616,6653,The Serpent's Shadow
2598,6654,"One Good Knight (Tales of the Five Hundred Kingdoms, #2)"
16082,6655,"The Fairy Godmother (Tales of the Five Hundred Kingdoms, #1)"
550537,6656,A Sending of Dragons
286186,6657,Fire Arrow: The Second Song of Eirren
1178754,6658,
170559,6659,A Wizard Alone
2917519,6660,The Pilgrims of Rayne
17234924,6661,
1003876,6662,The Lives of Christopher Chant
3304766,6663,The Phantom Menace
42670459,6664,
26574170,6665,
51246585,6666,Kings of the Wyld
53403170,6667,
45880091,6668,The Waking Fire
6537338,6669,The Night Angel Trilogy
25327975,6670,
45216688,6671,Dawn of Wonder
43127910,6672,Ruin
26208659,6673,Valor
21444710,6674,Malice
17306930,6675,Seven Wonders
12873035,6676,Pathfinder
15448653,6677,Infamous
6966233,6678,Invincible (Chronicles of Nick #2)
6892257,6679,Infinity
9505671,6680,
15152134,6681,The Sacred Band
6254038,6682,The Other Lands
3302611,6683,Acacia: The War with the Mein
1044059,6684,El principe de la niebla
45880124,6685,
6337275,6686,"Prospero Lost: Prospero's Daughter, Book I"
26873933,6687,Of Noble Family
18147165,6688,Valour and Vanity
18147162,6689,Without a Summer
45878017,6690,The Guns of Empire
49045893,6691,
49026464,6692,Sins of Empire
42676987,6693,The Dread Wyrm
24817137,6694,The Fell Sword
46369286,6695,
15291130,6696,
15291124,6697,The Coldest War
7099786,6698,Bitter Seeds
41796499,6699,Half a War
5799846,6700,Fall of Thanes (The Godless World)
3281752,6701,Bloodheir
18067409,6702,El prisionero del cielo
1452879,6703,Winterbirth
6160399,6704,"The Golden City (Fourth Realm, #3)"
2652453,6705,"The Dark River (Fourth Realm, #2)"
816845,6706,"The Traveler (Fourth Realm, #1)"
19217996,6707,The Red Knight
19079490,6708,Sleeping Late on Judgement Day
17131945,6709,"Glamour in Glass (Glamourist Histories, #2)"
8624218,6710,Shades of Milk and Honey
17376418,6711,Sworn in Steel
1497942,6712,La Compagnia dei Celestini
15092211,6713,Miserere: An Autumn Tale
13675652,6714,"Among Thieves (Tales of the Kin, #1)"
46630,6715,Across the Wall: A Tale of the Abhorsen and Other Stories
1030466,6716,"The Born Queen (Kingdoms of Thorn and Bone, #4)"
1375925,6717,"The Blood Knight (Kingdoms of Thorn and Bone, #3)"
88707,6718,"The Charnel Prince (Kingdoms of Thorn and Bone, #2)"
2393607,6719,The Briar King
13533590,6720,So Silver Bright
7652031,6721,Perchance to Dream
41633306,6722,The Fallen Kingdom
41396000,6723,Vassa in the Night
222245,6724,The Chosen (Nine Lives of Chloe King)
1099361,6725,The Fallen (Nine Lives of Chloe King)
46139468,6726,The Drowning Eyes
26731281,6727,Death Marked
50872848,6728,
48249484,6729,
4548192,6730,Sapphique
39894876,6731,
16636003,6732,
47289180,6733,
42174741,6734,The Golden Specific
6824834,6735,Johannes Cabal the Detective
48102457,6736,The Jewel and Her Lapidary
24802179,6737,
19232746,6738,Shattered Pillars
46932536,6739,The Ballad of Black Tom
45421968,6740,
10023426,6741,Darkfall
10023410,6742,Blue Fire
23757097,6743,
990114,6744,Epic
17078423,6745,Range of Ghosts
44079578,6746,"Vermilion: The Adventures of Lou Merriwether, Psychopomp"
45488310,6747,The Paladin Caper
1154846,6748,Day of the Scarab
323289,6749,The Sphere of Secrets
24035910,6750,Something More Than Night
21548533,6751,
41700110,6752,
37810668,6753,Artful
24090247,6754,
19056087,6755,Krampus - The Yule Lord
41226383,6756,The Prophecy Con
299699,6757,A Glory Of Unicorns
409522,6758,The Road to Balinor
21758324,6759,The Beating of His Wings
41367985,6760,The Legends of King Arthur and his Knights
21772097,6761,The Palace Job
24034779,6762,
6239392,6763,The Girl with Glass Feet
17109359,6764,Archon
1219625,6765,Sea Dragon Heir
52156706,6766,
41407712,6767,All Of me
52668382,6768,
24877645,6769,Until Forever Comes
46616009,6770,
20392908,6771,
45247363,6772,The Shadow
45738329,6773,
44825290,6774,Johnnie
42401502,6775,
41194520,6776,In His Keeping
42677531,6777,
42856242,6778,Blue Mountain
41914101,6779,
42264411,6780,The Raven
21734008,6781,Soul Avenged
24349246,6782,Red Hill
4073306,6783,New Year's Kiss
294844,6784,Sexy Beast
2419897,6785,Wolf Tales VI
1736489,6786,Wolf Tales V
339841,6787,Wolf Tales IV (Wolf Tales #4)
287167,6788,Wolf Tales III (Wolf Tales #3)
339840,6789,Wolf Tales II (Wolf Tales #2)
97848,6790,Wolf Tales
6570974,6791,The Eternal Kiss: 13 Vampire Tales of Blood and Desire
21115,6792,"Over The Moon (Monere: Children of the Moon, #1.5, Mageverse, #3.5)"
8055848,6793,
6247458,6794,"Lucinda, Dangerously (Demon Princess)"
276710,6795,On the Prowl
750777,6796,"Lucinda, Darkly: The Demon Princess Chronicles"
3516223,6797,"Mona Lisa Darkening (Monere, #4)"
1263307,6798,
16370367,6799,Bring Out Your Dead
7352759,6800,
6756422,6801,My Zombie Valentine
10897121,6802,Got Fangs? + Circus of the Darned
6748912,6803,Zen and the Art of Vampires
1561119,6804,The Last of the Red-Hot Vampires
49594,6805,"Sex, Lies and Vampires (Dark Ones, #3)"
49567,6806,Even Vampires Get the Blues
49591,6807,Sex and the Single Vampire
10682121,6808,
6941336,6809,
6605975,6810,Dark Secrets 1 : Legacy of Lies and Don't Tell
13229154,6811,Mercy
10563433,6812,Infinite Days
17942152,6813,
18171113,6814,Consume
10035416,6815,In the Company of Vampires
15302248,6816,Much Ado About Vampires
13572899,6817,Evercrossed
54307440,6818,Monstress Volume 2
41115424,6819,The Buried Giant
216334,6820,Stories of Your Life and Others
44803674,6821,Lovecraft Country
18330291,6822,Alif the Unseen
21916225,6823,
268138,6824,Werewolf: The Apocalypse (Revised Edition)
352812,6825,"Dragonlance: Adventures (Advanced Dungeons & Dragons 1st Edition, Stock #2021)"
945396,6826,Descent into Hell
44737652,6827,
421843,6828,Deities and Demigods (Dungeons & Dragons Supplement)
1127398,6829,Manual of the Planes
56634,6830,Advanced Dungeons & Dragons: Dungeon Master's Guide
723591,6831,Eberron: Campaign Setting (Eberron Campaign Setting (D&D): Core Rules)
56624,6832,Advanced Dungeons & Dragons: Player's Handbook
9860542,6833,Monster Manual
959801,6834,Dungeon Master's Guide
45593145,6835,
449345,6836,Monster Manual (Dungeons & Dragons 3rd Edition)
1908199,6837,"Dungeons & Dragons Player's Handbook: Arcane, Divine and Martial Heroes"
6531286,6838,Pathfinder Roleplaying Game Core Rulebook (Pathfinder RPG)
41559233,6839,
3036421,6840,The Hallowed Hunt
1039658,6841,The Language of the Night: Essays on Fantasy and Science Fiction
1085107,6842,Towing Jehovah
2816507,6843,The Gods of Mars
241157,6844,beruseruku 9
241147,6845,beruseruku 10
653981,6846,beruseruku 8
241158,6847,beruseruku 7
241159,6848,beruseruku 6
241156,6849,beruseruku 5
241145,6850,beruseruku 4
241148,6851,beruseruku 2
241149,6852,beruseruku 3
241146,6853,beruseruku 1
981350,6854,The Book of Merlyn
170819,6855,"Fortress of Frost and Fire (Bard's Tale, #2)"
833300,6856,"Castle of Deception (Bard's Tale, #1)"
1903902,6857,A Fisherman of the Inland Sea
639316,6858,The Birthday of the World and Other Stories
2109684,6859,The Wind's Twelve Quarters
1873378,6860,The Telling
7589983,6861,
283053,6862,"Horselords (Forgotten Realms: Empires, #1)"
2637148,6863,"Hammer and Axe (Dragonlance: Dwarven Nations, #2)"
947800,6864,"The Swordsheath Scroll (Dragonlance: Dwarven Nations, #3)"
521977,6865,"Galen Beknighted (Dragonlance: Heroes: Volume 6, Heroes II: Volume 3)"
521988,6866,"Weasel's Luck (Dragonlance: Heroes, #3)"
557992,6867,The Chaos Curse
2034374,6868,Dragons of the Hourglass Mage
460093,6869,The Sandman: Book of Dreams
6695339,6870,"Fables, Volume 13: The Great Fables Crossover"
52836970,6871,
332457,6872,The Kitchen Witch
6232536,6873,"Larceny And Lace (Vintage Magic Mysteries, #2)"
3516365,6874,A Veiled Deception
45670939,6875,Bitter Bite
21543171,6876,Grave Visions
47769820,6877,Magic Stars
45518605,6878,
47466390,6879,
11184452,6880,Accidentally Catty
3756644,6881,The Accidental Human
3152467,6882,Accidentally Dead
1388063,6883,The Accidental Werewolf
16110462,6884,Dead Case In Deadwood
16109969,6885,
44878496,6886,Grim Offerings
45240554,6887,Witch Me Luck
42951188,6888,Something to Witch About
40809812,6889,Witching on a Star
27117164,6890,Witching You Were Here
24747407,6891,
23588524,6892,Any Witch Way You Can
24077916,6893,
3019372,6894,Dark Gold (Dark #3)
44601621,6895,
44320244,6896,
24734415,6897,
13466372,6898,
21431621,6899,Tempest Reborn
15717242,6900,
7179490,6901,Tracking the Tempest
27323084,6902,
21977854,6903,Darkness Splintered
41130474,6904,"Crouching Tiger, Forbidden Vampire"
26627076,6905,Black Widow
26627072,6906,Poison Promise
15063921,6907,Head Rush
10622077,6908,Double Cross
26647183,6909,Better Homes and Hauntings
26015253,6910,Rusted Veins
17283004,6911,Blue-Blooded Vamp
14992000,6912,
15396954,6913,Violet Tendencies
10617568,6914,Green-Eyed Demon
6622221,6915,The Mage in Black
11130846,6916,
18299866,6917,
16444203,6918,
23743743,6919,
19237408,6920,
16974399,6921,
15230708,6922,A Tale of Two Goblins
25386938,6923,
18773850,6924,What a Ghoul Wants
14982665,6925,Ghoul Interrupted
10041378,6926,
6808290,6927,Ghouls Gone Wild
3516224,6928,Ghouls Just Haunt to Have Fun
1273097,6929,Demons Are a Ghoul's Best Friend
3194401,6930,What's a Ghoul to Do?
24074596,6931,How to Run with a Naked Werewolf
21869263,6932,Ritual Magic
18172041,6933,
21432684,6934,Rogue Descendant
13431010,6935,"Dark Descendant (Descendants, #1)"
13392611,6936,The Art of Seducing a Naked Werewolf
21955608,6937,Must Love Fangs
15559821,6938,Beauty Dates the Beast
19058857,6939,Desperately Seeking Shapeshifter
15559790,6940,Succubi Are Forever
14504225,6941,
10797068,6942,My Fair Succubi
21517755,6943,
19035167,6944,
18007256,6945,
17650594,6946,
17328056,6947,
17032261,6948,
21947034,6949,
18984125,6950,
18956016,6951,
8827825,6952,Twice Dead
6329076,6953,Once Bitten
22002273,6954,
14784420,6955,
10885696,6956,Cross Your Heart
6279545,6957,Come Hell or High Water
5835583,6958,Over My Dead Body
3529800,6959,Wait Till Your Vampire Gets Home
2523633,6960,Because Your Vampire Said So
322963,6961,Don't Talk Back To Your Vampire
10788641,6962,Succubus Revealed
6527884,6963,Succubus Shadows
255114,6964,"I'm the Vampire, That's Why"
17983529,6965,A Dark Kiss of Rapture
78807,6966,Mortal Danger
1705290,6967,Night Season
10187843,6968,Blood Challenge
14973175,6969,Death Magic
18185776,6970,Mortal Ties
16487679,6971,Shadow's Fall
21469406,6972,Of Shadow Born
14529811,6973,Shadowflame
10105819,6974,
11130809,6975,
14343962,6976,
6130204,6977,Buying Trouble
18225395,6978,
14343945,6979,
11130678,6980,Shadowland
12799995,6981,Eternal Rider
15185119,6982,Eternity Embraced
14760560,6983,Immortal Rider
16448858,6984,Lethal Rider
15710600,6985,"Nice Girls Don't Bite Their Neighbors (Jane Jameson, #4)"
16448859,6986,Rogue Rider
403361,6987,Bloodring
741395,6988,Seraphs
744657,6989,Host
4902357,6990,Percy Jackson and the Sword of Hades
42815482,6991,The Crown of Ptolemy
45218637,6992,
27006068,6993,
24254589,6994,The Elemental Trilogy #2
24254593,6995,The Immortal Heights
19161275,6996,
41122766,6997,Hidden Huntress
13686005,6998,Working Stiff
21533052,6999,
17002505,7000,Brownies and  Broomsticks
10261084,7001,Treason
15322002,7002,Dangerous
8767007,7003,Hourglass
6958044,7004,The Grimm Legacy
403779,7005,Temeraire: In the Service of the King
14736485,7006,The Blood Keeper
7160763,7007,The Iron Witch
14750661,7008,Something Strange and Deadly
1255322,7009,Dinotopia: Windchaser
11989242,7010,Love You to Death: The Unofficial Companion to The Vampire Diaries
6580741,7011,The Dark-Hunters Vol.1  (manga)
10489950,7012,
48657886,7013,
53193289,7014,Glass Predator
48000389,7015,Red Knight Falling
45940004,7016,The Killing Floor Blues
44141143,7017,A Plain-Dealing Villain
42544625,7018,The Living End
41911052,7019,Redemption Song
41333196,7020,The Long Way Down
45924093,7021,
18000766,7022,Haven
3673811,7023,Blood Sins
3242889,7024,
2692493,7025,
6736299,7026,
21532949,7027,Hostage
44222776,7028,
27311259,7029,
43312432,7030,Blood Infernal
40167223,7031,Haunted
39938827,7032,
24757140,7033,
25003590,7034,Innocent Blood
19228554,7035,A Darkness Strange and Lovely
18187177,7036,The Prophet
16086233,7037,The Kingdom
1561678,7038,"The Trouble With Magic (A Bewitching Mystery, #1)"
48118993,7039,Ghostly Echoes
26241830,7040,
21505929,7041,
19239159,7042,
1965767,7043,Winter's Tale
41371598,7044,
47950,7045,The Bloody Chamber & Other Stories
828772,7046,"The Magic Bedknob, Bonfires and Broomsticks"
1179040,7047,Rowan Hood: Outlaw Girl of Sherwood Forest
1281488,7048,Lionclaw
45487118,7049,The Sorcerer of the Wildeeps
56632,7050,The Art of George R.R. Martin's A Song of Ice and Fire
22895,7051,The Silent Gondoliers
1311039,7052,The Wish
809325,7053,The Salmon of Doubt: Hitchhiking the Galaxy One Last Time
824544,7054,Magic or Not?
452393,7055,Seven-Day Magic
62283,7056,The Colour of Magic & The Light Fantastic
46552,7057,Mapping the World of Harry Potter: An Unauthorized Exploration of the Bestselling Fantasy Series of All Time
1019569,7058,The Time Garden
752222,7059,Knight's Castle
824543,7060,Magic by the Lake
1441544,7061,Half Magic
14734231,7062,
27116012,7063,
23755788,7064,
8124303,7065,Blood Feud
9071350,7066,Kisses from Hell
18153729,7067,Night Marchers
16004137,7068,
23561736,7069,
18631380,7070,"Sophie's Secret (Whispers, Book 1)"
24652635,7071,
16720161,7072,Enchantment
14295668,7073,
22082841,7074,
24082680,7075,Mindsiege
40296390,7076,
16923575,7077,Imperium: A Caulborn Novel
47989074,7078,
47790561,7079,
47469258,7080,
28133280,7081,
21488493,7082,
13570769,7083,Immortal
16237035,7084,Into the Black (Odyssey One #1)
1498772,7085,Warrior Spirit
165834,7086,God of Thunder
2378259,7087,The Lost Scrolls
2563630,7088,Forbidden City
43722999,7089,A Shattered Empire
102706,7090,The Chosen
26475406,7091,Blood of Innocents
2563629,7092,The Spider Stone
2389321,7093,Solomon's Jar
102738,7094,Destiny
18442466,7095,False Covenant
16204047,7096,Thief's Covenant
25893307,7097,
21533143,7098,
19106933,7099,
19071266,7100,
43034146,7101,
45491135,7102,
40935368,7103,Finder
1877799,7104,Miecz przeznaczenia
45068724,7105,College Arcane
26584435,7106,Forced Ascent
25146237,7107,
21772069,7108,
15399924,7109,
13700490,7110,
13595186,7111,
40206476,7112,Instinct
22937338,7113,Illusion
19060160,7114,Inferno
21846255,7115,The Mongoliad: Book Three (The Foreworld Saga)
19285506,7116,The Mongoliad: Book Two
18004624,7117,The Mongoliad: Book One
16909239,7118,The Gate Thief
1398332,7119,Brilliance of the Moon
2376430,7120,Heaven's Net Is Wide
44805656,7121,1Q84 Book 3 [Ichi-kyu-hachi-yon]
24954116,7122,Moonlight
17456222,7123,Hunted
54881779,7124,Blackwing
52534858,7125,Silver's Silence
52808787,7126,
49605901,7127,The Monstrous Child
45658143,7128,
44856479,7129,
41684971,7130,The Edge of Everything
64346,7131,The Master of Rampling Gate: A Graphic Tale of Unspeakable Horror by the Author of the Vampire
1278731,7132,The Rats in the Walls
26213512,7133,The Shadow Over Innsmouth
45049850,7134,Forevermore
41817572,7135,
135197,7136,The Haunting of Alaizabel Cray
17393303,7137,The Nightmare Affair
19105998,7138,Nameless
21388912,7139,The Demonologist
26485357,7140,
2113600,7141,Odd and the Frost Giants
26365928,7142,
26198827,7143,Thorn Jack
694825,7144,Time Stops for No Mouse
3218951,7145,The Ninth Circle
9279332,7146,Ecstasy in Darkness
25352612,7147,
27680058,7148,Revenant
25756666,7149,"Forged (The World of Nightwalkers, #4)"
14768236,7150,"Caressed by Moonlight (Rulers of Darkness, #1)"
4119006,7151,Ecstasy
39860197,7152,
21527276,7153,Chained by Night
23587038,7154,
41739586,7155,The Glass Magician
36428567,7156,"The Accidental Highwayman: Being the Tale of Kit Bristol, His Horse Midnight, a Mysterious Princess, and Sundry Magical Persons Besides (Adventures of Kit Bristol, #1)"
372912,7157,Be Mine Tonight
864206,7158,Cupid: A Tale of Love and Desire
26503863,7159,The Casquette Girls
26392065,7160,
100348,7161,Silverlock
22016548,7162,Clockwork Heart
15632599,7163,Lord of the Vampires
333632,7164,Enslave Me Sweetly
5747330,7165,Seduce the Darkness
141626,7166,Jewel of Atlantis
534049,7167,Dark Seduction
6208737,7168,"A Taste of Magic (Magic, # 1)"
1348308,7169,Grendel
17335301,7170,
19153713,7171,
98598,7172,Playing with Fire
1830383,7173,The Bromeliad (Omnibus: Truckers/Diggers/Wings)
18175487,7174,
9686589,7175,
21596076,7176,Grimm Tales for Young and Old
16111988,7177,
15481473,7178,
3104479,7179,El palacio de la medianoche
922084,7180,"Lolly Willowes, or, The Loving Huntsman"
2354867,7181,Beyond The Reflection's Edge
2497824,7182,Watcher in the Woods
2337441,7183,House of Dark Shadows
6466906,7184,Angel Time
1889,7185,The Pearls of Lutra
1032790,7186,Triss
196179,7187,In the Night Garden
6749837,7188,The Girl Who Circumnavigated Fairyland in a Ship of Her Own Making
13403281,7189,"The Book of Deacon (The Book of Deacon, #1)"
980612,7190,"The Dark Tower, Books 1-3: The Gunslinger, The Drawing of the Three, and The Waste Lands"
423378,7191,Monster Blood Tattoo: Foundling
6954916,7192,The Dream of Perpetual Motion
6505616,7193,The Amazon's Curse
464729,7194,Awaken Me Darkly
4844439,7195,The Vampire's Bride
464731,7196,Heart of the Dragon
997754,7197,"Days of Magic, Nights of War"
46309051,7198,
16749083,7199,Ward Against Death
51681900,7200,Tower of Dawn
21947300,7201,
46757820,7202,RoseBlood
21956967,7203,"Soulless: The Manga, Vol. 3"
18476483,7204,"Soulless: The Manga, Vol. 2"
50128281,7205,Dungeon Crawl
51903098,7206,
50035001,7207,
46025287,7208,Everland
50360273,7209,
18241731,7210,
17856713,7211,
19059103,7212,
49563862,7213,
48107393,7214,
18985364,7215,
46935,7216,Sebastian
42959604,7217,Red Hot Steele
26213348,7218,Fairy Debt
24957489,7219,
26492607,7220,
42701001,7221,
21509319,7222,The Kraken King
18643874,7223,Riveted
20550744,7224,
14654952,7225,Heart of Steel
18643887,7226,Mina Wentworth and the Invisible City
18281170,7227,Here There Be Monsters
17955220,7228,Marine Biology
45794016,7229,
42102609,7230,The Curious Case of the Werewolf That Wasn't
45565043,7231,
24938490,7232,
21835484,7233,Firefly Hollow
42077740,7234,
23911834,7235,
588655,7236,"Forgotten Vows...? (Silhouette Intimate Moments, #598)"
24813433,7237,"Grumpy Old Wizards (Grumpy Old Wizards, #1)"
41441973,7238,
26338109,7239,
601532,7240,Wit'ch Storm
24083307,7241,Cobweb Bride
18239462,7242,
18538737,7243,
15496561,7244,
41895465,7245,The Diamond Conspiracy
26111157,7246,
1973743,7247,BeSwitched
40236329,7248,
19108530,7249,Eternal Vows
24512896,7250,Dawn's Early Light
16455016,7251,
15088017,7252,"Anathema (Cloud Prophet Trilogy, #1)"
20960919,7253,
21593557,7254,Flame Moon
19201047,7255,
24067725,7256,
19140333,7257,Tegan's Return
18970826,7258,
27075324,7259,
19082023,7260,Out for Blood
21760440,7261,Last Blood
15872232,7262,Bad Blood
14458232,7263,Flesh and Blood
21508322,7264,
7150817,7265,The Bookman
21512398,7266,The Red Plague Affair
16108383,7267,
17947746,7268,Imprudence
17947731,7269,Prudence
19071091,7270,The Silvered
14532733,7271,Dead Iron
15482842,7272,
14303958,7273,Songs of the Earth
17961877,7274,The Iron Wyrm Affair
18256337,7275,"The Janus Affair (Ministry of Peculiar Occurrences, #2)"
4315790,7276,"Witches Incorporated (Rogue Agent, #2)"
6472266,7277,"Wizard Squared (Rogue Agent, #3)"
549027,7278,Heart of Valor
385346,7279,The Night of the Solstice
462189,7280,Destiny
495895,7281,"Infinity (Immortal Witches, #2)"
607355,7282,Eternity
3315367,7283,The Kingdom Beyond the Waves
11018050,7284,Stranger
1047568,7285,Book of Enchantments
1047578,7286,"Magician's Ward (Mairelon, #2)"
1047576,7287,Mairelon the Magician
1174563,7288,"A Secret Atlas (The Age of Discovery, #1)"
788928,7289,The Glass Dragon (The Dragon Nimbus #1)
338684,7290,The Child Queen: The Tale of Guinevere and King Arthur
987828,7291,"Wild Magic (Fool's Gold, Book 2)"
17120,7292,Sorcery Rising
362037,7293,"Children of the Serpent Gate (Tears of Artamon, #3)"
362038,7294,"Prisoner of the Iron Tower (Tears of Artamon, # 2)"
209942,7295,Lord of Snow and Shadows
29286,7296,The Heart of Stars: Book Three of Rhiannon's Ride
29287,7297,The Shining City: Book Two of Rhiannon's Ride
1549909,7298,"The Tower of Ravens (Rhiannon's Ride, Book 1)"
255987,7299,The Skull of the World: Witches of Eileanan (Book 5)
4290355,7300,Dragonclaw
17937923,7301,
16215244,7302,
170861,7303,The Free Bards
29231,7304,"A Cast of Corbies (Bardic Choices, #1)"
834070,7305,"Four & Twenty Blackbirds (Bardic Voices, #4)"
10432332,7306,The Sleeping Beauty
2206671,7307,"The Snow Queen (Tales of the Five Hundred Kingdoms, #4)"
1059376,7308,"The Last Wizard (Wizard of the Grove, book 2)"
1300548,7309,"The Child of the Grove (Wizard of the Grove, book 1)"
219254,7310,"Of Darkness, Light, and Fire"
15685030,7311,The Wild Ways
328546,7312,"Gate of Darkness, Circle of Light"
170443,7313,The Quartered Sea
328538,7314,The Fire's Stone
169345,7315,No Quarter
169357,7316,"Fifth Quarter (Quarters, Book 2)"
328526,7317,Long Hot Summoning
86504,7318,The Second Summoning
5723305,7319,The Enchantment Emporium
1300549,7320,Summon the Keeper
2169353,7321,"Hinterland (Godslayer Chronicles, #2)"
295954,7322,Shadowfall
1618706,7323,Wit'ch Star
1165126,7324,Wit'ch Gate
252444,7325,Wit'ch War
16120328,7326,Bridge of Dreams
46934,7327,Belladonna
14685275,7328,"Phoenix Rising (Ministry of Peculiar Occurrences, #1)"
255990,7329,The Fathomless Caves: The Witches of Eileanan (Book 6)
4290354,7330,The Cursed Towers: The Witches of Eileanan (Book 3)
353854,7331,The House of Gaian
255988,7332,The Pool of Two Moons: The Witches of Eileanan (Book 2)
17460037,7333,
17833212,7334,Clockwise
12917539,7335,"Glimpse (Zellie Wells, #1)"
11363233,7336,This Isn't What It Looks Like
50450205,7337,The Darkest Promise
7300501,7338,Kiss of Moonlight
44685474,7339,
25593552,7340,
21483386,7341,
18641486,7342,
19015649,7343,Forbidden Magic
14532801,7344,Sinful Magic
13415235,7345,
6578564,7346,"Soul Magic (Wing Slayer Hunters, Book 2)"
6208739,7347,"Blood Magic (Wing Slayer Hunters, Book 1)"
3292965,7348,Dark Magic
1992769,7349,"Shadow Magic (Magic Series, #4)"
513849,7350,"Wicked Magic (Magic Series, Book 3)"
491595,7351,"Seduced by Magic (Magic Series, #2)"
19059526,7352,A Trace of Moonlight
16890511,7353,A Sliver of Shadow
25373447,7354,
44193790,7355,Autumn Thorns
43205966,7356,Flight from Death
85407,7357,Forbidden Magic
5992203,7358,Demons Not Included
25373438,7359,
14520389,7360,Hexed
40781047,7361,
23633692,7362,Crave the Night
18349971,7363,Edge of Dawn
22064782,7364,After Dark: The Darkest Angel/Shadow Hunter
6443942,7365,Catching Caroline
21431596,7366,Night Vision
13558352,7367,Fated
18207132,7368,Etched in Silver
6534316,7369,Twice as Hot
92653,7370,The Nymph King
12788673,7371,Night Seeker
612211,7372,One Hex of a Wedding
1213210,7373,Murder Under a Mystic Moon
717770,7374,Legend of the Jade Dragon: A Chintz 'n China Mystery
10427444,7375,Night Veil
180654,7376,
7296470,7377,Night Myst
13386246,7378,
22429787,7379,Demon At My Door
18257365,7380,The Legacy of Kilkenny
24939835,7381,Forever Changed
23532411,7382,Testing Fate
18303654,7383,Forget Me Not
19262242,7384,The Mystic Wolves
23755472,7385,
17994515,7386,
16194573,7387,Claimed
15329851,7388,Mirrorlight
23842258,7389,
1157294,7390,Rutledge Werewolves: Scent of Passion (Book 1)
11365842,7391,Emerald Green
13723409,7392,Her Dark Angel
7220999,7393,A Faerie Fated Forever (Forever #1)
3445126,7394,Pentacles of Magick: The Bonding
7910279,7395,Ral's Woman
21547706,7396,Dying to Forget
15664859,7397,
680399,7398,Summer Heat
53188917,7399,
53188926,7400,
16313841,7401,
18430370,7402,Mortal Defiance
18931225,7403,Taken
18971554,7404,"Darkness, Kindled"
39891152,7405,
18282029,7406,Scorched Skies
17389441,7407,
51879110,7408,Ilvermorny School of Witchcraft and Wizardry
52535072,7409,Pottermore Presents (3 Book Series)
1188455,7410,Bloodchild and Other Stories
41341687,7411,
1112741,7412,The Earthsea Quartet
59257,7413,Fledgling
49030873,7414,
48012501,7415,The Dark Prophecy
13810543,7416,Harry Potter: The Prequel
47294674,7417,Red Queen
27251661,7418,The Little Android
40159220,7419,Carswell's Guide to Being Lucky
21871423,7420,The Queen's Army
18455512,7421,Glitches
48635024,7422,
39839163,7423,The Hogwarts Library
45644727,7424,
41915721,7425,
59256,7426,Seed to Harvest (Wild Seed / Mind of My Mind / Clay's Ark / Patternmaster)
1357368,7427,Rocannon's World
21923730,7428,
89324,7429,The Ones Who Walk Away from Omelas
846970,7430,Koyasan
25696212,7431,The Monarch of the Glen
41726452,7432,Harry Potter: The Creature Vault
19251417,7433,The Crane Wife
15664,7434,Wicked & Son of a Witch
6109298,7435,American Gods/Anansi Boys
21525856,7436,
7269944,7437,Instructions
18212082,7438,
6588789,7439,The Candle in the Wind
675123,7440,The Ill Made Knight
14528262,7441,
6588779,7442,The Witch in the Wood
19255858,7443,San Diego 2014: The Last Stand of the California Browncoats
21525854,7444,The Sandman and the War of Dreams
88871,7445,Bone: The Complete Cartoon Epic in One Volume
46171825,7446,
3568899,7447,Once Upon a Time in the North
21588303,7448,
19112288,7449,
19112233,7450,
2948679,7451,E. Aster Bunnymund and the Warrior Eggs at the Earth's Core!
15802416,7452,
15293932,7453,The Man in the Moon
2556437,7454,James Potter and the Hall of Elders' Crossing
18079829,7455,Brothers to the Death
855961,7456,Big Fish: A Novel of Mythic Proportions
3323351,7457,Tales from Watership Down
6521952,7458,Hell's Horizon
15806498,7459,
14341432,7460,Ocean of Blood
3070629,7461,Procession of the Dead
10868180,7462,Birth of a Killer
6748862,7463,Hell's Heroes
6326398,7464,Dark Calling
3060454,7465,Wolf Island
2174932,7466,Death's Shadow
2169936,7467,Demon Apocalypse
575503,7468,Blood Beast
1052714,7469,Bec
3214266,7470,Slawter
3214256,7471,Demon Thief
3214275,7472,Lord Loss
19060540,7473,Mortal Danger
18770948,7474,"Death, and the Girl He Loves"
18770939,7475,"Death, Doom and Detention"
43082415,7476,
24666061,7477,Thief of Lies
45466455,7478,Down with the Shine
42990995,7479,Riders
18644832,7480,
19163833,7481,Rooms
25606007,7482,Illusionarium
44223587,7483,The Dead Girls of Hysteria Hall
21898919,7484,
43977786,7485,Clear
26156208,7486,
18086691,7487,Between the Devil and the Deep Blue Sea
24237799,7488,Beastkeeper
18522327,7489,Scorch
16791637,7490,Croak
25384385,7491,
25791215,7492,
25973318,7493,
26034736,7494,
26365849,7495,(Don't You) Forget About Me
40031729,7496,
6486826,7497,"Caleb (Shadow Wranglers, #1)"
21936326,7498,Firebug
7187869,7499,Bad Taste in Boys
6544454,7500,Sisters Red
17826003,7501,
14324794,7502,The President's Vampire
6857193,7503,Blood Oath
18147619,7504,Forsaken
14810791,7505,
5581464,7506,Aerie
717172,7507,Leviathan
14604425,7508,
14394559,7509,
17780480,7510,Another Little Piece
19055352,7511,
24954161,7512,
19127701,7513,
10965894,7514,The Catastrophic History of You and Me
16990352,7515,Teeth
19033873,7516,Dream Eyes
478507,7517,The Dark-Hunter Companion
81248,7518,Midnight Pleasures
464931,7519,Stroke of Midnight
3297436,7520,Dead After Dark
119497,7521,Pleasures of the Night
108557,7522,Into the Dreaming
18146118,7523,Death and the Girl Next Door
38284,7524,Love at First Bite
18641697,7525,Necromancing the Stone
50354236,7526,Mask of Shadows
46003340,7527,Last call at the Nightshade Lounge
40166922,7528,Pennyroyal Academy
48575244,7529,
797130,7530,The Secret Life of Sparrow Delaney
3201807,7531,City of Secrets
44116682,7532,Never Never
42817037,7533,Off the Page
42422169,7534,
14615333,7535,Liesl & Po
2529437,7536,The Dragon Heir
2482869,7537,"The Last Days (Peeps, #2)"
1641139,7538,Peeps
25576,7539,"Blue Noon (Midnighters, #3)"
944240,7540,"Touching Darkness (Midnighters, #2)"
17973055,7541,God Save the Queen
15769214,7542,"Witch & Wizard: The Manga, Vol. 1"
55375908,7543,
7314702,7544,
6788394,7545,The Demon's Covenant
5753516,7546,Mercy Thompson: Homecoming
15634782,7547,xxxHOLiC #19
13152549,7548,xxxHOLiC #17
11571654,7549,"Nightschool: The Weirn Books, Vol. 4"
13578278,7550,
6874180,7551,"Iorich (Vlad Taltos, #12)"
4427,7552,Changeling
7083414,7553,"Nightschool: The Weirn Books, Vol. 3"
6594900,7554,"Nightschool, Vol. 2: The Weirn Books"
6855830,7555,"Rin-Ne, Volume 1"
2908940,7556,Blood+
50765232,7557,
5388950,7558,"Nightschool: The Weirn Books, volume 1"
2425310,7559,Xin  Petshop of Horrors 1
4803009,7560,Troll's Eye View: A Book of Villainous Tales
11434042,7561,Heart no Kuni no Alice
50764498,7562,
5910727,7563,
6264660,7564,Kind
7915919,7565,Heart no Kuni no Alice
7916099,7566,Heart no Kuni no Alice
462130,7567,The Silent Strength of Stones (A Chapel Hollow Novel)
7036603,7568,Who Fears Death?
6264657,7569,"Kith (The Good Neighbors, Book Two)"
39843,7570,Instead of Three Wishes: Magical Short Stories
10547664,7571,xxxHOLiC #16
6830900,7572,xxxHOLiC #15
3268255,7573,Obernewtyn
6518737,7574,xxxHOLiC #14
2840089,7575,Vampire High
2807,7576,Being Dead
5708057,7577,Fall of Light
486639,7578,Blood and Honor
2257034,7579,Shadows Fall
3056586,7580,Flora's Dare
6491560,7581,"Heroes at Risk (Hero Series, #4)"
263078,7582,Choice of the Cat
273837,7583,Way of the Wolf
964289,7584,"The Throne of Scone (Keltiad, #2)"
6302600,7585,Dragon's Heart
833322,7586,"Owlflight (Valdemar: Darian's Tale, #1)"
1115679,7587,The Thread That Binds the Bones (A Chapel Hollow Novel)
16083,7588,The Wizard of London
150057,7589,"The Man With the Golden Torc (Secret Histories, #1)"
3134978,7590,Moving Targets and Other Stories of Valdemar
352265,7591,Song of the Saurials (Finder's Stone #3)
3640889,7592,"The Stepsister Scheme (Princess, #1)"
681851,7593,"Goblin Quest (Jig the Goblin, #1)"
2085455,7594,Treason
1502522,7595,Firefly
1401031,7596,The Spirit Ring
1561768,7597,The Darkangel Trilogy
2824238,7598,
3812827,7599,xxxHOLiC #13
124260,7600,"The Legend of Nightfall (Nightfall, #1)"
1086634,7601,Lonely Werewolf Girl
556864,7602,With a Single Spell
1761917,7603,The Misenchanted Sword
170340,7604,The Silent Tower
2501180,7605,"The Silicon Mage (Windrose Chronicles, Book 2)"
170350,7606,Dragonsbane
43884,7607,Kissing the Witch: Old Tales in New Skins
23899,7608,Spirits That Walk in Shadow
915097,7609,Finder
3305523,7610,Monster Blood Tattoo: Lamplighter
1516174,7611,"Heroes Adrift (Hero Series, #3)"
1637893,7612,"A Fistful of Sky (LaZelle, #1)"
2542028,7613,Smoke and Shadows
1229981,7614,Those Who Hunt the Night
1003754,7615,Dinosaur Planet Survivors
1053103,7616,mawangilgi 6
1053106,7617,mawangilgi 5
29949,7618,mawangilgi 7
29953,7619,mawangilgi 4
29951,7620,mawangilgi 3
29952,7621,mawangilgi 2
29950,7622,mawangilgi 1
2810567,7623,xxxHOLiC #12
1791354,7624,xxxHOLiC #11
220896,7625,xxxHOLiC #10
1791360,7626,xxxHOLiC #9
1791361,7627,xxxHOLiC #8
1698688,7628,xxxHOLiC #7
2988668,7629,xxxHOLiC #6
220889,7630,xxxHOLiC #5
1698691,7631,xxxHOLiC #4
106935,7632,"Princess at Sea (Princess, #2)"
255660,7633,"The Decoy Princess (Princess, #1)"
106945,7634,First Truth
1154196,7635,"Already Dead (Joe Pitt, #1)"
2371216,7636,Cyberiada
556375,7637,"Full Moon ni Sasayaite, Volume 1"
308170,7638,The Isle of Glass
69154,7639,Midnight Robber
56024,7640,Brown Girl in the Ring
3245318,7641,The Boggart and the Monster
843796,7642,The Boggart
2984315,7643,Days of Blood and Fire
1924582,7644,"The Bristling Wood (Deverry, Book 3)"
174325,7645,"The Son of Summer Stars (Firebringer, #3)"
56549,7646,"Dark Moon (Firebringer, #2)"
1349278,7647,"Birth of the Firebringer (Firebringer, #1)"
3284714,7648,Treasure at the Heart of the Tanglewood (Action Packs)
469916,7649,The Woman Who Loved Reindeer
89413,7650,The Pearl of the Soul of the World
391430,7651,A Gathering of Gargoyles
164037,7652,"The Mislaid Magician or Ten Years After: Being the Private Correspondence Between Two Prominent Families Regarding a Scandal Touching the Highest Levels of Government and the Security of the Realm (Cecelia and Kate, Book 3)"
164040,7653,"The Grand Tour: Being a Revelation of Matters of High Confidentiality and Greatest Importance, Including Extracts from the Intimate Diary of a Noblewoman and the Sworn Testimony of a Lady of Quality"
973002,7654,"The Hero Strikes Back (Hero Series, #2)"
973001,7655,"Resenting the Hero (Hero Series, #1)"
1049755,7656,The Gilda Stories
966723,7657,The Wizardry Compiled
2617095,7658,Wizard's Bane
1387706,7659,Time Master Trilogy III. The Master.
87638,7660,The Outcast
166318,7661,The Initiate.
467595,7662,Nemesis
148747,7663,Everybody Comes to the Nightside
43685,7664,Firebirds Rising: An Original Anthology of Science Fiction and Fantasy
135107,7665,Cowboy Feng's Space Bar and Grille
1281031,7666,God Stalk
67028,7667,Dark of the Moon
615405,7668,The Bones of Haven
497308,7669,Guard Against Dishonor
486648,7670,Wolf in the Fold
486656,7671,"The God Killer (Hawk & Fisher # 3) (Hawk & Fisher, No 3)"
497299,7672,"Winner Takes All (Hawk & Fisher, #2)"
2739609,7673,Hawk & Fisher
3173960,7674,Beyond the Blue Moon
1350551,7675,Blue Moon Rising
1056111,7676,Drinking Midnight Wine
914162,7677,The Gypsy
128564,7678,"Five Hundred Years After (Khaavren Romances, #2)"
1817638,7679,"Athyra (Vlad Taltos, #6)"
128568,7680,"Orca (Vlad Taltos, #7)"
1817640,7681,"Phoenix (Vlad Taltos, #5)"
67025,7682,Seeker's Mask
67022,7683,To Ride a Rathorn
48877745,7684,Wrong Side of Hell
578566,7685,Traitor to the Blood
25142328,7686,A Taste Fur Murder
18713774,7687,Rite of Passage
15711276,7688,
14917209,7689,Coyote's Kiss
14698063,7690,
6966555,7691,
3022711,7692,
6966542,7693,
341261,7694,Witch's Canyon
19153841,7695,Fresh Meat
11013640,7696,
14633278,7697,
561950,7698,
561943,7699,Abby Cooper: Psychic Eye
17623510,7700,In a Witch's Wardrobe: A Witchcraft Mystery
2181118,7701,"Spectre (Zoe Martinique, Book 2)"
352910,7702,Wraith
718553,7703,"Premonitions (Premonitions, #1)"
6747256,7704,"Charlie Bone and the Red Knight (Children of the Red King, # 8)"
46861,7705,"Charlie Bone and the Beast (The Children of the Red King, # 6)"
433190,7706,"Charlie Bone and the Castle of Mirrors (The Children of the Red King, # 4)"
847798,7707,"Charlie Bone and the Invisible Boy (The Children of the Red King, # 3)"
1149648,7708,Charlie Bone and the Time Twister
3344054,7709,Switch
7177586,7710,
26526181,7711,
14617612,7712,
13641934,7713,Hush Money (Talent Chronicles)
6804457,7714,Demon Possessed
6319050,7715,"Demon Inside (Megan Chase, #2)"
2334167,7716,Personal Demons
3278874,7717,Blood Bargain (Blood Lines. #2)
1477248,7718,Matters Of The Blood (Blood Lines 1)
10261847,7719,The Mermaid's Mirror
6741942,7720,Player's Ruse
3072751,7721,Rogue's Home (Knight and Rogue)
1171200,7722,The Last Knight
13361365,7723,"Absolutely, Positively: A Lucy Valentine Novel"
14547720,7724,Hexes and Hemlines: A Witchcraft Mystery
7374951,7725,A Cast-Off Coven: A Witchcraft Mystery
14306141,7726,
13301420,7727,Flip this zombie
10450081,7728,Married With Zombies
13276540,7729,All Spell Breaks Loose
13276527,7730,Con & Conjure
7416059,7731,Bewitched & Betrayed
5268814,7732,The Trouble with Demons
2317373,7733,Armed & Magical
608067,7734,"Magic Lost, Trouble Found"
4506064,7735,"Undead on Arrival (Crimson Moon, #3)"
4505975,7736,The Thirteenth
3017330,7737,"Bite the Bullet (Crimson Moon, #2)"
2609436,7738,The Shadows
1469073,7739,The Darkness
525788,7740,The Cursed
2756763,7741,The Wicked
636502,7742,The Forsaken
39017,7743,The Damned
525790,7744,"Bad Blood (Crimson Moon, #1)"
39015,7745,The Forbidden
525789,7746,The Bitten
1413423,7747,The Hunted
39014,7748,The Awakening
1171651,7749,Minion
81237,7750,Night Pleasures/Night Embrace
478404,7751,"The Wicked and the Wondrous (Includes: Drake Sisters, #2; Christmas Series, #1 & #2)"
476486,7752,"Dark Hunger (Dark, #14)"
13185442,7753,"Ruthless Game (GhostWalkers, #9)"
14636209,7754,Dark Predator
15433346,7755,
6326568,7756,
6771186,7757,Street Game
304165,7758,The Scarletti Curse
7164936,7759,"Dark Peril (Carpathians, #18)"
2417251,7760,"The Twilight Before Christmas (Includes: Drake Sisters, #2; Christmas, #2)"
478365,7761,Dark Dreamers
3595839,7762,Murder Game
2958208,7763,"Wild Rain (Leopard People, #2)"
2451331,7764,"Deadly Game (GhostWalkers,  #5)"
1650940,7765,"Conspiracy Game (GhostWalkers, #4)"
607976,7766,"Night Game (GhostWalkers, #3)"
279064,7767,Mind Game
6357284,7768,Dark Slayer
2903602,7769,Dark Curse
2639048,7770,Dark Possession
2799714,7771,"Dark Secret (Carpathians, #15)"
1242019,7772,Dark Melody
2612567,7773,Dark Celebration
157628,7774,Dark Symphony
3140586,7775,"Dark Destiny (Carpathians, #13)"
21109,7776,"Master of Wolves (Mageverse, #5)"
299405,7777,"Master of Ecstasy (Mackenzie Vampires series, Book 1)"
1241948,7778,
478442,7779,The Only One
1740535,7780,Petshop of Horrors 1
921887,7781,Wish 1
2964226,7782,Farmer Giles of Ham
2963789,7783,Bilbo's Last Song
113614,7784,Kabalmysteriet
1485483,7785,Bibbi Bokkens Magiske Bibliotek
2892636,7786,Os Sete
1089566,7787,hushigiYou Xi  18
1790612,7788,hushigiYou Xi  17
555650,7789,hushigiYou Xi  15
1790603,7790,hushigiYou Xi  14
1790602,7791,hushigiYou Xi  13
556264,7792,hushigiYou Xi  12
1398640,7793,hushigiYou Xi  11
2098958,7794,hushigiYou Xi  10
2098946,7795,hushigiYou Xi  9
555642,7796,hushigiYou Xi  8
1790614,7797,hushigiYou Xi  7
555656,7798,hushigiYou Xi  6
555653,7799,hushigiYou Xi  5
2098891,7800,hushigiYou Xi  4
556354,7801,hushigiYou Xi  3
1790613,7802,hushigiYou Xi  2
1731834,7803,Anno Dracula
17161,7804,"The Magical Worlds of Lord of the Rings: The Amazing Myths, Legends and Facts Behind the Masterpiece"
10491121,7805,How to Live Safely in a Science Fictional Universe
1170046,7806,O Centauro no Jardim
43113504,7807,
44901216,7808,
46061074,7809,
43196374,7810,Die Buchspringer
44425139,7811,The Abyss Surrounds Us
14849405,7812,The Isle of Blood
47250933,7813,
45662506,7814,
47250255,7815,Smoke
44814717,7816,La vie des elfes
43324088,7817,An Inheritance of Ashes
42694586,7818,The Fog Diver
25784713,7819,The Cuckoo Song
41951499,7820,
10682443,7821,The Curse of the Wendigo
18081183,7822,
26431642,7823,The Luck Uglies
41612073,7824,
42169206,7825,Jacaranda
25630152,7826,
41125528,7827,First Frost
2738696,7828,Labyrinth: A Novel
24586184,7829,
19161274,7830,Pantomime
19258981,7831,
6190346,7832,Rose
19929493,7833,The Water Castle
21869241,7834,The True Blue Scouts of Sugar Man Swamp
24566430,7835,Ghost Train to New Orleans
19285956,7836,Emilie and the Hollow World
24035907,7837,Fiddlehead
19206674,7838,Doll Bones
21512450,7839,
7164512,7840,
18983909,7841,The Peculiar
21584972,7842,
18097461,7843,Some Kind of Fairy Tale
21526188,7844,
13420646,7845,Sea Hearts
14399969,7846,The Inexplicables
19110010,7847,Empyrean
51824512,7848,Dusk or Dark or Dawn or Day
52108863,7849,And the Trees Crept In
42472829,7850,Labyrinth Lost
45648255,7851,
44534336,7852,
43015987,7853,
43239096,7854,Rolling in the Deep
13747781,7855,I Don't Want to Kill You
7542680,7856,
42165340,7857,
19267664,7858,Last Days
22617550,7859,Blood and Salt
17468767,7860,Dark Metropolis
2970290,7861,Pegasus in Flight
42505940,7862,No One Gets Out Alive
40236397,7863,The Lesser Dead
984888,7864,The Scarlet Gospels
27554189,7865,
3224200,7866,Pandemonium
2153013,7867,666
95225,7868,"A Field Guide to Demons, Fairies, Fallen Angels and Other Subversive Spirits"
770217,7869,Vampire Book: The Encyclopedia of the Undead
21846188,7870,Love in the Time of Global Warming
21936708,7871,
17352232,7872,Unbreakable
43216,7873,Anne Rice's The Tale of the Body Thief (Graphic Novel)
6130020,7874,Graveminder
674547,7875,Everlost
7134311,7876,Everwild
16342483,7877,The Pearl Savage
16709363,7878,
3965558,7879,The Fetch
2868909,7880,Suck It Up
21748871,7881,
41081,7882,
1121132,7883,The Living Blood
41083,7884,My Soul to Keep
46010373,7885,
48249573,7886,The Secret Ingredient of Wishes
18462029,7887,Some Kind of Happiness
15776231,7888,Level 2
2305062,7889,"The Sword in the Grotto (Araminta Spookie, #2)"
2057093,7890,"My Haunted House (Araminta Spookie, #1); The Sword in the Grotto (Araminta Spookie, #2)"
40062013,7891,
26032938,7892,
21521602,7893,Mouse Bird Snake Wolf
41870852,7894,The Imaginary
24034540,7895,The Real Boy
13533441,7896,A Corner of White
26366052,7897,
17348369,7898,
21938396,7899,
19158383,7900,All Our Pretty Songs
19354068,7901,
7410636,7902,Lovesick
19058165,7903,Winterspell
19184200,7904,Summer and Bird
17435671,7905,
18305207,7906,The Year of Shadows
15809029,7907,The Cavendish Home For Boys and Girls
21545629,7908,
21471584,7909,
21495195,7910,A Tangle of Knots
18522338,7911,
19082177,7912,
12061762,7913,Small Persons With Wings
3320520,7914,Zorgamazoo
16284685,7915,
10874302,7916,A Tale Dark and Grimm
19092689,7917,Splendors and Glooms
19068734,7918,
8262461,7919,The Shadows
15418855,7920,Through to You
18946159,7921,The Spindlers
1103585,7922,The Pinhoe Egg
15546655,7923,Breadcrumbs
10281972,7924,
9694809,7925,Scumble
6853342,7926,Falling In
26829810,7927,
43063302,7928,The Home Crowd Advantage
3599885,7929,Gormenghast
3171286,7930,"And Eternity (Incarnations of Immortality, #7)"
42579664,7931,
930983,7932,The Escapement
2167139,7933,Evil for Evil
195958,7934,Devices and Desires
9706514,7935,
6228042,7936,The Unseen
1699290,7937,The Rediscovery Of Man
54731467,7938,
49584035,7939,
54850843,7940,
49996985,7941,Dating the Undead
48183733,7942,Iron Cast
49179044,7943,The Littlest Bigfoot
45844282,7944,
48118988,7945,
48316512,7946,Immortal Nights
42362451,7947,Furthermore
47824680,7948,
43167918,7949,Legacy of Kings
44987413,7950,
42967221,7951,
44960908,7952,Ashley Bell
43266179,7953,Siren's Call
24948406,7954,A History of Glitter and Blood
43456315,7955,Nightfall
26457997,7956,The Bees
41303405,7957,
26213318,7958,Nightbird
40031771,7959,Egg & Spoon
40167128,7960,The Hot Zone
23582669,7961,The Beautiful Ashes
26154481,7962,Vampire Trouble
21693849,7963,"Tall, Dark, and Vampire"
26680350,7964,
25808131,7965,Willing Sacrifice
4649870,7966,The Magic Knot
23592767,7967,"A Very Unusual Pursuit (City of Orphans, #1)"
19115417,7968,The Cloak Society
21911325,7969,
23535264,7970,
19228262,7971,
16907093,7972,
21430265,7973,Falling Blind
21536022,7974,Deception Cove
19278522,7975,
17519336,7976,
15796225,7977,The Amoveo Legacy
21468147,7978,
18127772,7979,"The Hero's Guide to Saving Your Kingdom (The League of Princes, #1)"
19239488,7980,
15155389,7981,Claimed
18265056,7982,Immortally Yours
19017916,7983,The Lost Night
18266560,7984,Hearts of Darkness
19022572,7985,Albert of Adelaide
16370337,7986,Incubus
12785399,7987,Angels of Darkness
15689944,7988,Copper Beach
7134937,7989,The Boneshaker
14959653,7990,A touch of crimson
14891196,7991,Dark Awakening
15173853,7992,Canyons of Night
7294256,7993,"Burning Up (Includes: Iron Seas, #0.5; Children of the Sea, #3.5; Psy-Changeling #8.5)"
2914569,7994,The Magical Christmas Cat
13162053,7995,Moon Burning
12764164,7996,
7844846,7997,
13181406,7998,In Too Deep
8200956,7999,
5770312,8000,Sea Change
6443873,8001,Immortal Sins
3428658,8002,Nature of the Beast
6645754,8003,Claim to Fame
3204029,8004,Dark Highland Fire
81266,8005,Tapestry
6458793,8006,Obsidian Prey
1533094,8007,Like a Charm
6172222,8008,"Out of the Light, Into the Shadows"
2846471,8009,"Deadly Little Secret (Touch, #1)"
3918538,8010,Zombie Queen of Newbury High
2746808,8011,Eternal Pleasure
6232439,8012,"Demon Can't Help It (New Orleans Vampires, #3)"
3419216,8013,"Servant: The Acceptance (Servant Series, Book #2)"
1705292,8014,"Servant: The Awakening (Servant Series, #1)"
3071235,8015,The Missing
2095997,8016,The Girl Who Could Fly
10968,8017,Homebody
2351007,8018,The Death Dealer
430907,8019,"Question Quest (Xanth, #14)"
95876,8020,Isle of View
1098801,8021,The House with a Clock in Its Walls
868566,8022,The Arkadians
34036491,8023,
21748688,8024,
15414344,8025,
431340,8026,The Quest of the Fair Unknown
431338,8027,The Lioness and Her Knight
180343,8028,"The Princess, the Crone, and the Dung-Cart Knight"
913653,8029,The Ballad of Sir Dinadan
761474,8030,Parsifal's Page
1090467,8031,The Savage Damsel and the Dwarf
431339,8032,"The Squire, His Knight, and His Lady"
1681976,8033,Muddle Earth
9694925,8034,Museum of Thieves
18368047,8035,
209552,8036,
1737268,8037,Truckers: The First Book of the Nomes
1121902,8038,The Time of the Ghost
1121891,8039,Power of Three
1121869,8040,Hexwood
1106183,8041,A Tale of Time City
1004338,8042,The Merlin Conspiracy
25882193,8043,"The Hero's Guide to Being an Outlaw (The League of Princes, #3)"
21856130,8044,"The Hero's Guide to Storming the Castle (The League of Princes, #2)"
18127809,8045,Ordinary Magic
138929,8046,Dinotopia: The World Beneath
575461,8047,Dinotopia: A Land Apart from Time
454134,8048,Fergus Crane
1108497,8049,Freeglader
1589445,8050,Vox
1108496,8051,The Curse of the Gloamglozer
593987,8052,The Last of the Sky Pirates
1589435,8053,Stormchaser
593955,8054,Beyond the Deepwoods
324508,8055,Midnight Over Sanctaphrax
12479679,8056,"Petty Magic: Being the Memoirs and Confessions of Miss Evelyn Harbinger, Temptress and Troublemaker"
41209756,8057,
52120452,8058,
47215502,8059,
45105464,8060,
42955197,8061,
44829328,8062,
43101258,8063,
41385283,8064,
24757170,8065,
26321286,8066,
19077833,8067,Murder On The House
15655441,8068,
21542279,8069,Tarnished And Torn
32046867,8070,The Last American Vampire
16014010,8071,Heart of Atlantis
26031836,8072,
41969429,8073,
26542471,8074,
1236096,8075,The Brass Bed
29786,8076,The Catswold Portal
25548310,8077,
13121244,8078,Halfway Hexed
6474283,8079,"Barely Bewitched (Southern Witch, Book 2)"
4768235,8080,"Would-Be Witch (Southern Witch, Book 1)"
25095533,8081,The Last Witch of Fitzroy Square
14520606,8082,Wickedly Charming
559406,8083,Utterly Charming
1328439,8084,Witch in the House
11098708,8085,
6474279,8086,"Silent Night, Haunted Night (Nicki Styx, #4)"
3516233,8087,"You're the One That I Haunt (Nicki Styx, #3)"
17867186,8088,Billy the Kid and the Vampyres of Vegas
1204699,8089,High Rhulain
1822814,8090,"Eulalia! (Redwall, #19)"
801148,8091,Rakkety Tam
14384069,8092,
2547225,8093,Wild  &  Hexy
572966,8094,Over Hexed (Hex series #1)
6564483,8095,Hex in High Heels
6174795,8096,Wicked by Any Other Name
3516372,8097,Hex Appeal
15755613,8098,A Demon Does It Better
10411073,8099,The Best Hex Ever
2332195,8100,"A Match Made in Hell (Nicki Styx, #2)"
6759903,8101,"The Seventh Witch (An Ophelia and Abby Mystery, Book 7)"
3406943,8102,Witch's Grave (Ophelia & Abby #6)
188330,8103,"Witch Hunt (An Ophelia and Abby Mystery, Book 4)"
135934,8104,Charmed to Death: An Ophelia and Abby Mystery  Book 2
514591,8105,The Witch Is Dead: An Ophelia and Abby Mystery Book 5
815104,8106,Dead Girls Are Easy
3174726,8107,Death Perception
6542896,8108,Doom with a View
13339527,8109,Home for a Spell
3296924,8110,No Rest for the Wiccan (Bewitching Mystery #4)
7360591,8111,
633098,8112,Crime Seen
5776233,8113,Where There's a Witch (Bewitching Mystery #5)
221905,8114,"Witch Way to Murder (Ophelia & Abby Mystery, book 1)"
124755,8115,Killer Insight
124756,8116,
500364,8117,Hex Marks the Spot (Bewitching Mystery #3)
1182867,8118,A Charmed Death (Bewitching Mystery #2)
6874083,8119,A Witch In Time (A Bewitching Mystery)
6776106,8120,Chick with a Charm
6776713,8121,Blonde With a Wand
265813,8122,Charmed & Ready
2644588,8123,Charmed and Dangerous
265823,8124,Charmed & Deadly
7352761,8125,
6776112,8126,Naked Dragon: A Works Like Magick Novel
3516361,8127,"Never Been Witched (Triplet Witch Trilogy, #3)"
826928,8128,"Sex and the Psychic Witch (Triplet Witch Trilogy, #1)"
341111,8129,My Favorite Witch
2388053,8130,"Gone with the Witch (Triplet Witch Trilogy, #2)"
336343,8131,"The Scot, the Witch and the Wardrobe (Accidental Witch Trilogy, #3) (Berkley Sensation)"
6622277,8132,Inked
18477576,8133,Snow White and The Huntsman
905253,8134,Escape (Sons of the Dark: Book 2)
567793,8135,Sisters of Isis: Divine One
606270,8136,Barbarian (Sons of the Dark: Book 1)
606268,8137,Sisters of Isis: The Summoning
1006548,8138,"The Final Eclipse (Daughters of the Moon, Book 13)"
175308,8139,"The Becoming (Daughters of the Moon, Book 12)"
57676,8140,"The Talisman (Daughters of the Moon, Book 10)"
175312,8141,"The Choice (Daughters of the Moon, Book 9)"
175318,8142,"The Prophecy (Daughters of the Moon, Book 11)"
18472514,8143,Natural Reaction
48522061,8144,
17833269,8145,Darkness Exposed
16801856,8146,Final Call
15720046,8147,Never Forgotten
1193226,8148,The Story of the Amulet
859023,8149,The Children of Green Knowe
1677050,8150,Aria of the Sea
384251,8151,Sunlight and Shadow
1115313,8152,The Phoenix and the Carpet
975095,8153,Five Children and It
1214027,8154,The Akhenaten Adventure
1900,8155,A Redwall Winter's Tale (Redwall)
1188478,8156,Dream Angus: The Celtic God of Dreams
6357187,8157,"The Sable Quean (Redwall, #21)"
7366702,8158,"The World Above: A Retelling of ""Jack and the Beanstalk"" (Once Upon A Time)"
14471984,8159,
44430631,8160,Ghosts of Tsavo
6669144,8161,When Autumn Leaves
3650283,8162,"The Wild Orchid: A Retelling of ""The Ballad of Mulan"" (Once Upon a Time Series)"
25204182,8163,The Year of the Ladybird
619740,8164,Runemarks
13732326,8165,Loose Ends
85702,8166,Trollkarlens hatt
1341447,8167,A String in the Harp
6417090,8168,The Women of Nell Gwynne's
2505778,8169,The Silver Bough
15458735,8170,
2824669,8171,The Farthest-Away Mountain
1003424,8172,"The Shadows of Christmas Past (Includes: Christmas Series, #3; Primes, #2.5)"
627909,8173,Child of the Northern Spring
2882264,8174,"Doomwyte (Redwall, #20)"
948571,8175,The Fourth Bear
2504943,8176,The Big Over Easy
50882544,8177,
44061547,8178,The Lightning-Struck Heart
48633304,8179,
56481268,8180,
54660596,8181,Darkest Hour Before Dawn
53297949,8182,Thick & Thin
49993955,8183,
27143623,8184,
27143416,8185,
26175853,8186,
50548983,8187,THIRDS Beyond the Books: Volume 1
47106510,8188,
19251914,8189,
27143579,8190,
26175856,8191,
26175842,8192,
25891599,8193,
25747009,8194,The Littlest Assassin-Shifters
23979571,8195,
23979565,8196,
23978435,8197,
23678285,8198,Betrayed (Assassin/ Shifter # 14)
15874418,8199,Natural Instincts
21911190,8200,
21911304,8201,
21911293,8202,
21911228,8203,
21844883,8204,
21662375,8205,
21497326,8206,
21205645,8207,
19264730,8208,
19185119,8209,
19143198,8210,
18964494,8211,
14425025,8212,
27215265,8213,Pretty Poison
10785816,8214,"Dark Side of the Veil (Dark Court, #1)"
13362769,8215,
44968978,8216,Just Desserts
23894606,8217,
4891941,8218,An Unnatural Worth
3227269,8219,Alliance In Blood
3809267,8220,vuanpaiaQi Shi  6
9217818,8221,Skin Deep
40316163,8222,
19167316,8223,
40069860,8224,
18076282,8225,Spellbound
6099894,8226,
19170521,8227,Shadowhunters and Downworlders: A Mortal Instruments Reader
18089515,8228,
17927204,8229,
17142254,8230,Remembrance
18220741,8231,
18244689,8232,vuanpaiaQi Shi  15
16655109,8233,vuanpaiaQi Shi  14
10417007,8234,vuanpaiaQi Shi  13
13551723,8235,vuanpaiaQi Shi  12
6247269,8236,vuanpaiaQi Shi  10
5214039,8237,vuanpaiaQi Shi  8
3813623,8238,vuanpaiaQi Shi  7
6245936,8239,vuanpaiaQi Shi  9
2331446,8240,vuanpaiaQi Shi  5
770224,8241,vuanpaiaQi Shi  3
255111,8242,vuanpaiaQi Shi  2
21503638,8243,
21549877,8244,
312364,8245,"The Power of love (Kissed by an angel, #2)"
14367089,8246,Kissed By An Angel
17914786,8247,
17319054,8248,
17371726,8249,Burning Emerald
13367210,8250,Hymn to the Fallen
16546267,8251,
17367919,8252,When Copper Suns Fall
17352118,8253,Kill Me Softly
13367196,8254,Wings of the Wicked
16673931,8255,Kissed by an Angel
19109181,8256,
19024114,8257,An Iron Fey Valentine
14612562,8258,"Letters to Elise: A Peter Townsend Novella (My Blood Approves, #4.5)"
13444179,8259,
13202110,8260,Flutter
13024053,8261,Fate
12688312,8262,My Blood Approves
45843828,8263,Cruel Crown
17845486,8264,
6358472,8265,The Girl on the Dock: A Dark Fairy Tale
18200461,8266,Harry's First Christmas
25377467,8267,
21771164,8268,
19115716,8269,
9619604,8270,
15466372,8271,Down These Strange Streets
14525293,8272,
1324389,8273,"Hot Mama (Bigtime, Book 2)"
1180806,8274,Karma Girl
8621948,8275,
11580916,8276,Harry Potter: Film Wizardry
15248487,8277,
13663150,8278,
9675026,8279,
6404174,8280,"Deadly Little Lies (Touch, #2)"
26406959,8281,
23357804,8282,
18323806,8283,
19052833,8284,Fearless
18769953,8285,Elemental
7416863,8286,
6563937,8287,"Whirlwind (Dreamhouse Kings series, Book #5)"
6135599,8288,"Timescape: Dreamhouse Kings, Book #4 (Dreamhouse Kings)"
4485086,8289,Gatekeepers
11006809,8290,Hexbound
10764641,8291,
2887005,8292,Holy Smokes
10924638,8293,The Seer of Sevenwaters
17770723,8294,Flame of Sevenwaters
46727266,8295,
45835781,8296,
49894931,8297,Zenith
26174247,8298,Radiance
44094715,8299,Slade House
26213250,8300,
41122777,8301,
24797641,8302,Reawakened
41186237,8303,
21846293,8304,The House of the Four Winds
21859799,8305,
21456971,8306,
26484337,8307,The Dragon King and I
7373286,8308,Under Heaven
21533313,8309,Assassin's Gambit
22427615,8310,Becoming Red
21809347,8311,
25789597,8312,
19136890,8313,
23906790,8314,
20923719,8315,
14644732,8316,The Straight Razor Cure
20386810,8317,The Prey
21769890,8318,
887894,8319,Selling Out: Quantum Gravity: Book Two
15830154,8320,The Hunt
6035808,8321,Blood of Ambrose
14655684,8322,"The Falling Machine (The Society of Steam, #1)"
1891142,8323,"Keeping It Real (Quantum Gravity, #1)"
7185972,8324,Shadow's Son
13100750,8325,
8590363,8326,The Strange Affair of Spring Heeled Jack
16151349,8327,Expedition to the Mountains of the Moon
14629956,8328,The Curious Case of the Clockwork Man
49844163,8329,A Million Junes
52129918,8330,
42926561,8331,The Darkest Magic
42818809,8332,Avenged
42794689,8333,Ruined
43456243,8334,The Appearance of Annie van Sinderen
42037808,8335,A Book of Spirits and Thieves
43067029,8336,
43888289,8337,Alpha Owned
45809468,8338,
45312374,8339,
45258114,8340,
6399493,8341,Lucas
43172800,8342,
1470488,8343,North Wolf
41365663,8344,
41326068,8345,
46148851,8346,
44706255,8347,
44706242,8348,
44706230,8349,
18696934,8350,
26656552,8351,"An Alpha's Kiss (Untamed, #1)"
25753117,8352,
50381786,8353,
14410124,8354,
6224210,8355,Beowulf and Roxie
25043626,8356,
6770286,8357,"Serengeti Heat (Serengeti Shifters, #1)"
692656,8358,
40011431,8359,
24801925,8360,
19395957,8361,"Claiming Shayla (True Mates, #6)"
25482543,8362,
32011648,8363,
18738091,8364,"Harvest (The Druid Breeders, # 3)"
18373665,8365,"Bled (The Druid Breeders, #2)"
17590251,8366,Reapers
48197279,8367,
48197270,8368,
48197273,8369,
23974511,8370,
21836056,8371,"Marked (The Wolf's Den, #1)"
24879271,8372,Caught by Menace
206045,8373,The Perfect Prince
909002,8374,The Barbarian Prince
6883902,8375,The Ornament - Book Three (Adrian and Sheri)
6883899,8376,The Ornament - Book Two (Simon and Becky)
6883901,8377,The Ornament - Book One (Max and Emma)
6642328,8378,Alphas' Mate
26405550,8379,Lucien's Mate
6072769,8380,Accidentally Were?
14665497,8381,Sleeping With the Wolf
51257302,8382,
49943793,8383,Growling For Mine
46898008,8384,Riding Red
26334556,8385,
6468413,8386,Big Bad Wolf
3688350,8387,"Ascension (Cherchez Wolf Pack, #1)"
47441583,8388,
50821626,8389,Born to be Broken
50229273,8390,
1813544,8391,"No Escape (Trek Mi Q'an, Book 4)"
1041125,8392,"Enslaved (Trek Mi Q'an, #3)"
1218534,8393,"No Mercy (Trek Mi Q'an, Book 2)"
569533,8394,"The Empress' New Clothes (Trek Mi Q'an, #1)"
1233000,8395,Heart Mate
21881587,8396,
21363439,8397,
19121365,8398,
19022245,8399,"Jason & Cadence (The Wolf's Mate, #1)"
238642,8400,"Seeing Eye Mate (Mates, Book 1)"
16303709,8401,His Purrfect Mate
19254026,8402,
48574799,8403,
43476961,8404,
40728424,8405,The Queen of All that Dies
66390,8406,Warlord
75393,8407,Warsworn
2114760,8408,"Warprize (Chronicles of the Warlands, #1)"
602380,8409,"Secrets, Volume 6"
19266349,8410,
19056138,8411,
17495533,8412,
13163404,8413,Finding Sky
250710,8414,Night of the Wolf
250709,8415,The Silver Wolf
1868553,8416,The Halloween Tree
24803707,8417,The Magpie Lord
7205605,8418,
21599271,8419,L'Empire des anges
1266827,8420,La ciudad de las bestias
6799527,8421,The Vampire Diaries: The Return: Midnight
62357,8422,The Science of Discworld II: The Globe
49647672,8423,
600104,8424,At the Back of the North Wind
19098532,8425,A Blink of the Screen: Collected Short Fiction
8272349,8426,
34499,8427,"Johnny and the Dead (Johnny Maxwell, #2)"
17438939,8428,
13486714,8429,Fateful
17052313,8430,City of a Thousand Dolls
722575,8431,
1215780,8432,The Great Divorce
48253660,8433,Borne
18483999,8434,The Croning
41344636,8435,
929590,8436,Veniss Underground
836000,8437,The Brief History of the Dead
41086,8438,The Good House
250708,8439,"The Raven Warrior (Tales of Guinevere, #2)"
2440721,8440,"The Dragon Queen (Tales of Guinevere, #1)"
4334943,8441,Fated
4506003,8442,Standoff
3923428,8443,Wolf Unbound
26159354,8444,
55219851,8445,
23754707,8446,
47467435,8447,
26732702,8448,
50697801,8449,
42808388,8450,Prince Lestat and the Realms of Atlantis
52032628,8451,
45774034,8452,
52001413,8453,
51732005,8454,
51296354,8455,
50820985,8456,
50630269,8457,
50400634,8458,
50124092,8459,
49796118,8460,
49471487,8461,
48862082,8462,
48299771,8463,
47816426,8464,
47314282,8465,
46861413,8466,
46127773,8467,
45923503,8468,
45672963,8469,
45528910,8470,
45294677,8471,
45133708,8472,
44909003,8473,
44654565,8474,
44480410,8475,
43939349,8476,
44314363,8477,
43208893,8478,
42263441,8479,
43684082,8480,
43406054,8481,
46727690,8482,
46030383,8483,Allegiance of Honor
48647728,8484,
48141573,8485,
20386269,8486,Omega
20386268,8487,"Absolution (Penton Legacy, #2)"
41815266,8488,
28067635,8489,
24802259,8490,
44360419,8491,
19064133,8492,
17866516,8493,
15382960,8494,Sacred Evil
45846728,8495,Arcana Rising
15361593,8496,
42906683,8497,
44988975,8498,
44726458,8499,
44997233,8500,
42439891,8501,
42991656,8502,Boundary Crossed
44044899,8503,White Trash Zombie Gone Wild
39943161,8504,
40713679,8505,Prince Lestat
26629659,8506,Dead of Winter
42797145,8507,Shards of Hope
21766185,8508,
41366104,8509,
23584227,8510,Shield of Winter
39943157,8511,
24953499,8512,
26154721,8513,
42395633,8514,
25981456,8515,Hunt the Darkness
24904368,8516,Born in Blood
16448864,8517,Reaver
21558722,8518,Red Moon
22728595,8519,The Wolves of Midwinter
26177807,8520,
24750231,8521,"Possession (Fallen Angels, #5)"
21423409,8522,White Trash Zombie Apocalypse
17910832,8523,Even White Trash Zombies Get the Blues
178773,8524,Dancing with the Devil
24815686,8525,"Forsaken (The World of Nightwalkers, #3)"
24552572,8526,Hunter
21382084,8527,Darkness Avenged
23686450,8528,Levet
21496528,8529,
21543173,8530,Hunter's Heart
19023208,8531,
19023274,8532,
16479819,8533,
21436544,8534,Forever
19118237,8535,Forbidden
21996696,8536,The Wolf Within
16750067,8537,"Nightborn (Lords of the Darkyn, #1)"
18516336,8538,Last Kiss Goodnight
18204838,8539,Rapture
19061706,8540,Fear the Darkness
19211417,8541,Nocturnal
18340496,8542,Vowed
15768539,8543,Hidden
14998447,8544,Blood Of A Leo
16719487,8545,My Lord Vampire
17972446,8546,"Betrothed (Vampire Journals, #6)"
15322668,8547,"Angel of Darkness (The Fallen, #1)"
6174945,8548,Immortal Danger
10336808,8549,"Eternal Flame (Night Watch, #3)"
7270438,8550,
6765939,8551,Eternal Hunter
14141232,8552,Never Cry Wolf
6357209,8553,"Midnight's Master (Midnight, #3)"
3331086,8554,"Midnight Sins (Midnight, #2)"
17218849,8555,Desired (Vampire Journals #5)
16402288,8556,
16026461,8557,"Betrayed (Vampire Journals, #3)"
16872448,8558,
15685530,8559,
15142500,8560,
15456759,8561,
18984235,8562,
15234137,8563,The vampire journals. Book 1. Turned & Book 2. Loved
6767420,8564,"Inferno (Tales of the the Were, #2)"
6788873,8565,PHANTOM DESIRES
6875993,8566,"Rare Vintage: Brotherhood of Blood, Book 2"
5941075,8567,"One and Only (Brotherhood of Blood, #1)"
3050742,8568,Sweeter Than Wine
317795,8569,Lords of the Were
958139,8570,Dark Thirst (The Brethren #1)
14723643,8571,Bound By Darkness
10342774,8572,Devoured by Darkness
7174225,8573,Beyond the Darkness
6609463,8574,Darkness Unleashed (Guardians of Eternity #5)
5142673,8575,"Darkness Revealed (Guardians of Eternity, #4)"
2306021,8576,"Darkness Everlasting (Guardians of Eternity, #3)"
1592489,8577,"Embrace The Darkness (Guardians of Eternity, #2)"
15027452,8578,
14650236,8579,Adam
13402087,8580,
9694379,8581,Drink of Me
7188573,8582,"Stealing Kathryn (Gatherers, #2)"
6875653,8583,"Hunting Julian (Gatherers, #1)"
6314163,8584,Pleasure
6140099,8585,Rapture
6914813,8586,Siege
6474297,8587,Demon Ex Machina
3787033,8588,"Predatory Game (GhostWalkers, #6)"
3147269,8589,Vampire Zero
2145444,8590,Deja Demon
255481,8591,13 Bullets
2738433,8592,The Wild Road
1933716,8593,"The Last Twilight (Dirk & Steele, #7)"
2175276,8594,Monster Planet
1432343,8595,99 Coffins
2433937,8596,Demons Are Forever: Confessions of a Demon-Hunting Soccer Mom
2470618,8597,California Demon: The Secret Life of a Demon-Hunting Soccer Mom
3516216,8598,
2440967,8599,
1253572,8600,
1253571,8601,"Dark Need (Darkyn, #3)"
718432,8602,"Night Lost (Darkyn, #4)"
1089124,8603,Carpe Demon: Adventures of a Demon-Hunting Soccer Mom
90121,8604,"Eye of Heaven (Dirk & Steele, #5)"
90131,8605,"Soul Song (Dirk and Steele,  #6)"
3186492,8606,"The Red Heart of Jade (Dirk & Steele, #3)"
90124,8607,"Shadow Touch (Dirk & Steele,  #2)"
2906381,8608,"Tiger Eye (Dirk & Steele, #1)"
16626366,8609,
48116389,8610,Magic Steals
19233926,8611,Magic Dreams
41194964,8612,
44044224,8613,
24226,8614,Aphrodite's Kiss (Time of Your Life)
7827829,8615,"A Wild Light (Hunter Kiss, #3)"
5702670,8616,Darkness Calls
2288010,8617,The Iron Hunt
6208864,8618,Light Boxes
33617,8619,What Dreams May Come
2919250,8620,The Book of Dead Days
2637508,8621,Gods Behaving Badly
1188433,8622,The Hollow Chocolate Bunnies of the Apocalypse
2926067,8623,Blood and Gold: The Vampire Marius
2926330,8624,Pandora
43159288,8625,The Vagrant
24425824,8626,
41117725,8627,Into The Abyss
44892268,8628,Freeks
42223814,8629,Cinderella and the Colonel
41370388,8630,The Wild Swans
50512715,8631,Weregirl
50890450,8632,A Mortal Song
1964566,8633,To Ride Hell's Chasm
26608786,8634,
24064642,8635,Charming
6764853,8636,The Strangely Beautiful Tale of Miss Percy Parker
27534886,8637,Beauty and the Beast
46227558,8638,The Pages of the Mind
46932551,8639,
42377000,8640,
44889409,8641,
13621213,8642,
40174592,8643,
25122901,8644,Crown of Ice
28350172,8645,We Are All Completely Fine
19093507,8646,
2077075,8647,Lives of the Monster Dogs
4970492,8648,Labirint
10897116,8649,The Lost Saint
18231612,8650,
17793261,8651,Intangible
16201644,8652,Earth
18244277,8653,
19249259,8654,
15715063,8655,
18129096,8656,Redemption
16315984,8657,
17262868,8658,Deep Blue Secret
21417076,8659,
24171977,8660,
23971326,8661,
19113117,8662,The Iron Legends
24966283,8663,
17165760,8664,
19187690,8665,
11557604,8666,Fallen Angel
19152584,8667,
25363894,8668,
25363891,8669,
13760821,8670,Insight
53427646,8671,
41892991,8672,
40160453,8673,Half Wild
50082676,8674,Traitor to the Throne
39861727,8675,
49668212,8676,"Myths of Immortality (Sphinx, #3)"
42063716,8677,
26332798,8678,
22005265,8679,"More Than Jamie Baker (Jamie Baker, # 2)"
8169451,8680,Being Jamie Baker
43762565,8681,Restoration
6459897,8682,The Eyeball Collector
1801897,8683,The Bone Magician
174367,8684,The Black Book of Secrets
2411747,8685,Triskellion
2207008,8686,The Stuff of Nightmares
13147838,8687,Chime
13545782,8688,Possess
3617922,8689,"Night World, No. 3"
10186256,8690,Original sin
2336786,8691,"Marked by Moonlight (Moon Chasers, Book 1)"
15124407,8692,
6698078,8693,Princess for Hire
6570658,8694,Hannah (Daughters Of The Sea)
13656112,8695,
13578513,8696,Dark Mirror
13004412,8697,Shadowspell
1787093,8698,Once Upon a Marigold
6358235,8699,ArchEnemy
3876507,8700,Swoon
19285394,8701,The Watcher
23643454,8702,
45047911,8703,
27680024,8704,Burn (The Rephaim #4)
20269383,8705,The Queen's Choice
16341406,8706,
13779846,8707,Exile
14637125,8708,Guardian Angels
16500426,8709,
7113573,8710,The Amulet: A Faedra Bennett Custodian Novel
20393233,8711,
19187813,8712,Hexed
24493201,8713,
8854158,8714,
16997145,8715,
13235408,8716,Raziel
18415663,8717,
18129947,8718,
15750630,8719,Hollow Pike
15705696,8720,A Witch in Winter
17587285,8721,Night School
1596407,8722,Moby Clique: A Bard Academy Novel
99165,8723,The Scarlet Letterman: A Bard Academy Novel
220154,8724,Wuthering High: A Bard Academy Novel
24570326,8725,
141268,8726,
2268326,8727,"Charmed Again (Charmed, #11)"
851654,8728,
141265,8729,
141266,8730,"The Gypsy Enchantment (Charmed, #7)"
26688049,8731,
1325013,8732,"Whispers from the Past (Charmed, #4)"
1143634,8733,"The Crimson Spell (Charmed, #3)"
265817,8734,"Kiss of Darkness (Charmed, #2)"
1143628,8735,"The Power of Three (Charmed, #1)"
571505,8736,"Spirit of the Wolf (Charmed, #12)"
96799,8737,Wizardology: The Book of the Secrets of Merlin (Ologies)
29356,8738,Dragonology: The Complete Book of Dragons
816599,8739,Fairyopolis
14428945,8740,Slide
18870053,8741,
16372368,8742,
17894014,8743,
16541069,8744,
16537435,8745,"The Asylum (The Vampire Diaries: Stefan's Diaries, #5)"
16334474,8746,The Ripper
14279954,8747,Perception
7201713,8748,Clarity
12807671,8749,Falling From Grace
17437858,8750,Spellcaster
40783698,8751,A Song of Ice and Fire Graphic Novels
43347694,8752,
15702658,8753,A Modern Witch
98255,8754,Red is for Remembrance
481303,8755,Silver Is for Secrets
669322,8756,
40062035,8757,
44534379,8758,The House
19107159,8759,The Farm
17368655,8760,
17540053,8761,
14148379,8762,
10948136,8763,Elixir
14618567,8764,Devoted
16988518,8765,
21773144,8766,"The Morganville Vampires, Volume 4"
284383,8767,Petshop of Horrors 5
284394,8768,Petshop of Horrors 4
284398,8769,Petshop of Horrors 3
1030919,8770,Petshop of Horrors 2
390325,8771,The Silver Spike
6474599,8772,The White Road
15083890,8773,Casket of Souls
22128987,8774,Wizard's First Rule
14836594,8775,The Blessed
72501,8776,Tian Shi Jin Kari Qu  3
794769,8777,Claymore: Teresa of the Faint Smile
763453,8778,Claymore: Marked for Death
763449,8779,Claymore: The Slashers
1349671,8780,Claymore: Darkness in Paradise
763452,8781,Claymore: Silver-Eyed Slayer
72494,8782,Tian Shi Jin Kari Qu  1
72491,8783,Tian Shi Jin Kari Qu  2
368181,8784,The unholy grail
855718,8785,Groosham Grange
48249481,8786,When the Moon was Ours
50329705,8787,A Crown of Wishes
53505399,8788,
49993782,8789,The Dream-Quest of Vellitt Boe
44574218,8790,
21400883,8791,
26729226,8792,Newt's Emerald
41054042,8793,The Gracekeepers
15708883,8794,
18665223,8795,Mystic City
40167162,8796,Zodiac
15544018,8797,Steampunk! An Anthology of Fantastically Rich and Strange Stories
52039090,8798,
15554388,8799,Bliss
45580771,8800,
45578980,8801,
17563424,8802,Sworn
27467073,8803,
13774969,8804,
19128951,8805,
19111315,8806,
23730757,8807,
18970909,8808,
18989715,8809,Into the Woods: Tales from the Hollows and Beyond
302958,8810,The Fire Within
19070279,8811,Call to Arms
3652507,8812,The Twilight Companion: The Unauthorized Guide to the Series
10211428,8813,Radiance
19207995,8814,The Obsidian Mirror
45106017,8815,Seven Black Diamonds
1128509,8816,"Sir Apropos of Nothing (Sir Apropos of Nothing, #1)"
14895598,8817,Old Habits
17165654,8818,
2925978,8819,Violin
2926086,8820,Vittorio the Vampire
4044194,8821,"I, Coriander"
698115,8822,"Prophecy (The Blending, #5)"
698116,8823,"Betrayals (The Blending, #4)"
505040,8824,"Challenges (The Blending, #3)"
505038,8825,"Competitions (The Blending, #2)"
505049,8826,"Convergence (The Blending, #1)"
25096188,8827,Ophelia and the Marvelous Boy
43130169,8828,Dorothy Must Die: Stories
54960132,8829,
45813779,8830,Roar
19258458,8831,The Witch of Duva: A Ravkan Folk Tale
49706115,8832,
48300521,8833,The Throne of Glass Coloring Book
51667250,8834,
370863,8835,Capt. Hook: The Adventures of a Notorious Youth
4479,8836,The Lord of the Rings: The Art of The Fellowship of the Ring
5992768,8837,"The Salamander Spell (The Tales of the Frog Princess, #5)"
14609381,8838,Sirensong
3186906,8839,"The Merlin Prophecy (Avalon High: Coronation, #1)"
701311,8840,The Life and Adventures of Santa Claus
19034,8841,"The Wishing Chair Collections (The adventures of the Wishing Chair, The Wishing Chair Again, More Wishing Chair Tales)"
19018761,8842,
13116828,8843,
21466973,8844,Pandora Hearts 18
21452890,8845,
19138943,8846,
19245071,8847,
16173548,8848,Pandora Hearts 14
16173552,8849,Pandora Hearts 12
7551347,8850,Pandora Hearts 10
12947136,8851,Pandora Hearts 11
6630598,8852,"pandorahatsu, #8"
6846215,8853,"pandorahatsu, #9"
1715221,8854,Pandora Hearts 1
6752978,8855,"pandorahatsu, #6"
12946647,8856,vuanpaiaQi Shi  Gong Shi huanbutsuku X
1547880,8857,La Prophetie des Pierres
1282537,8858,"I, Lucifer"
18557835,8859,Oblivion
8472822,8860,Diary of a Wimpy Vampire: Because the Undead Have Feelings Too
16189428,8861,
6232304,8862,Allegiance
939929,8863,Troll Fell
3494969,8864,Heroes of the Valley
933015,8865,Princess School: If the Shoe Fits
10281793,8866,"Dearly, Departed"
3010404,8867,Rowan of Rin #5: Rowan and the Ice Creepers (Rowan of Rin)
590145,8868,Rowan and the Zebak
1360776,8869,Rowan of Rin #3: Rowan and the Keeper of the Crystal (Rowan of Rin)
2537353,8870,"Rowan of Rin #2: Rowan and the Travelers (Rowan of Rin, 2)"
560920,8871,"The Shadowlands (Deltora Shadowlands, #3)"
405636,8872,"The Isle of Illusion (Deltora Shadowlands, #2)"
205867,8873,"The Cavern of Fear (Deltora Shadowlands, #1)"
2906304,8874,"The Sister of the South (Dragons of Deltora, #4)"
209079,8875,"Isle of the Dead (Dragons of Deltora, #3)"
2278661,8876,The Key to Rondo
1360778,8877,"Rowan of Rin (Rowan of Rin, #1)"
15486446,8878,
596849,8879,Nightmare Academy
2896806,8880,Necropolis
2840524,8881,Nightrise
2827335,8882,Evil Star
3327491,8883,Raven's Gate
14954706,8884,
48888704,8885,
10521955,8886,Cryer's Cross
6608857,8887,Audrey's Door
33615,8888,A Stir of Echoes
26427463,8889,
2099329,8890,
24258155,8891,
18713130,8892,
24201998,8893,Hereafter (Shadowlands #2)
15756263,8894,Property of a Lady
2239286,8895,Haunted
6558833,8896,The Everafter
3414354,8897,The Devouring
21376643,8898,Rising Darkness
23594414,8899,
42785759,8900,
45865605,8901,
24588385,8902,
294303,8903,Fantasy
52268770,8904,
25983986,8905,
21991685,8906,Brute
13340896,8907,Like a Sparrow Through the Heart
2209582,8908,Dragon Moon
1877676,8909,Garden of the Purple Dragon
16833609,8910,The Student Prince
6956906,8911,
1809617,8912,"Dagger-Star (Epic of Palins, #1)"
18131087,8913,
7004753,8914,Circle of Fire
15847165,8915,
909090,8916,The Seems: The Glitch in Sleep
14475205,8917,The Gathering Storm
6581337,8918,Never Bite a Boy on the First Date
6906328,8919,Forgive My Fins
8156242,8920,Wolf Pact
231754,8921,The Charm Bracelet
19075808,8922,Corsets and Crossbows
6175207,8923,The Sending
45237862,8924,
3268256,8925,The Stone Key part 1
3268253,8926,The Stone Key
3004380,8927,Ashling
3268254,8928,The Keeping Place
3282469,8929,The Farseekers
15099150,8930,Bloody Little Secrets
11207798,8931,Wake Unto Me
18959276,8932,
3596547,8933,Fate
2252814,8934,Eternal Lover
10783923,8935,
1407092,8936,A College of Magics
5774782,8937,Among the Living
24878978,8938,The Stars Never Rise
24878988,8939,The Flame Never Dies
264493,8940,"So Mote It Be (Circle of Three, #1)"
18079881,8941,The Lost Code
15255881,8942,Skylark
17940933,8943,
2671175,8944,The Waterless Sea
1434221,8945,The Seer and the Sword
435474,8946,Wizards at War
7209895,8947,Siren
10281965,8948,Sweet Venom
7162375,8949,The Near Witch
2287181,8950,"Gregor the Overlander Box Set (Underland Chronicles, #1-4)"
4463856,8951,The Soldiers of Halla
3032860,8952,The Travelers: Book One (Pendragon: Before the War)
1130147,8953,Wizard's Holiday
2694663,8954,Raven Rise
3173709,8955,
16389111,8956,Destiny and Deception
14706545,8957,
15883874,8958,The Nightmare Garden
1539240,8959,Puslu Kitalar Atlasi
6500708,8960,Gizliajans
1878679,8961,The Hammer of God
3334006,8962,Priestess of Avalon
1579084,8963,Lady of Avalon
3044552,8964,"The Forest House (Avalon, #2)"
1685458,8965,The Return of Tarzan
1451099,8966,Clans of the Alphane Moon
1642576,8967,Malafrena
14815151,8968,
171033,8969,"Buffalo Gals, Won't You Come Out Tonight"
383181,8970,Wonderful Alexander and the Catwings
89325,8971,Orsinian Tales
132686,8972,The Compass Rose
340988,8973,Catwings Return
65949,8974,Powers
15784,8975,"Voices (Annals of the Western Shore, #2)"
3398501,8976,Catwings
21567843,8977,Yedinci Gun
7104481,8978,Efrasiyab'in Hikayeleri
4496209,8979,Amat
2302130,8980,Suskunlar
1892426,8981,Il colombre
44045178,8982,
50960722,8983,
25755280,8984,The Finisher
15248417,8985,The Savage Grace
40160458,8986,Half Lost
21803378,8987,"The Colossus Rises (Seven Wonders, #1)"
25867267,8988,Lailah
16780211,8989,
17042622,8990,Shram (Skital'tsy #2)
18972191,8991,The Mirrored Shard
26937014,8992,
21965206,8993,Redeemed
14669852,8994,Zombies Don't Cry: A Living Dead Love Story
21454058,8995,
12026255,8996,"Rebel (The Blades of the Rose, #3)"
729904,8997,Prince of Magic (Berkley Sensation)
8203701,8998,Scoundrel
19150640,8999,
18776506,9000,
18776456,9001,
685512,9002,"Sun, Sand, Sex"
2317050,9003,"Gift of the Goddess (Phoenix Rising, #1)"
1673859,9004,Dawn's Awakening
7377693,9005,Last Dragon Standing
3332312,9006,The Distressing Damsel
753612,9007,Tanner's Scheme
178150,9008,Demon's Delight
6723923,9009,"Demon's Fire (Tale of the Demon World, #6)"
10187,9010,"Prince of Ice (Tale of the Demon World, #3)"
6723841,9011,"The Demon's Daughter (Tale of the Demon World, #1)"
6723840,9012,Fairyville
9882,9013,Playing Easy to Get
14523924,9014,The Dragon Who Loved Me
6473246,9015,What a Dragon Should Know
40708395,9016,
24884797,9017,The Stranger
25254362,9018,
16949549,9019,Fathomless
19156387,9020,
46924845,9021,Tales from the Shadowhunter Academy
14954089,9022,
45404363,9023,
21858997,9024,La Belle et la Bete
16308045,9025,Static
23858530,9026,
18983830,9027,"Break My Heart 1,000 Times"
17901802,9028,Irregulars
15750945,9029,Eyes to See
14741176,9030,Fury
14147655,9031,The Secret Sisterhood of Heartbreakers
14529719,9032,
13718670,9033,Touching Indigo
5489722,9034,Yin noWang  1
14563292,9035,
14261707,9036,
6654052,9037,Peter & Max: A Fables Novel
10281706,9038,Rage
12935850,9039,
60542,9040,"Wild Thing (Includes: Warriors of Poseidon, #1.5; Guardians, #3)"
3687997,9041,The Mane Attraction
6471762,9042,"The Mane Squeeze (Pride, #4)"
7290732,9043,Reign Check
7290248,9044,
833318,9045,Fiddler Fair
1375814,9046,"Born to Run (SERRAted Edge, #1)"
170837,9047,In Celebration of Lammas Night
170898,9048,If I Pay Thee Not In Gold
11426863,9049,Trio of Sorcery
14184178,9050,Serengeti Lightning
14184077,9051,Queen of the Dead
22297124,9052,
7248689,9053,
7170709,9054,
6787100,9055,"Master of Fire (Mageverse, #10)"
2117042,9056,Flood
3460836,9057,"Ghostland (Ghostland World, #1)"
6785037,9058,Deadtown
6422989,9059,Give Up the Ghost
6564461,9060,Reign or Shine
6554671,9061,Ground Zero: A Repairman Jack Novel
6478604,9062,Hot for the Holidays
6723934,9063,Kissing Midnight
5571617,9064,"Golden Eyes (Amber Eyes, #1)"
6169563,9065,
170857,9066,Charmed Destinies
2408951,9067,House of Cards
1228802,9068,Heart of Stone
5002281,9069,Eternal
2828675,9070,Love Is Hell
1794583,9071,"Riding the Storm (ACRO, #1)"
2324656,9072,Seduced by the Storm
4834466,9073,"The Everafter War (The Sisters Grimm, #7)"
21113,9074,Jane's Warlord
92998,9075,Mercenaries
2459520,9076,
6357204,9077,Seduce Me in Shadow
2796040,9078,Tempt Me with Darkness
3436448,9079,"Evil Ways (Quincey Morris Supernatural Investigation, #2)"
3247695,9080,"Bitten to Death (Jaz Parks, #4)"
3278889,9081,"One More Bite (Jaz Parks, #5)"
638781,9082,The Wizard of Seattle
96134,9083,"Surviving Demon Island (Demon Hunters, #1)"
3247694,9084,Biting the Bullet
1819754,9085,Another One Bites the Dust
955983,9086,Soon I Will Be Invincible
1858985,9087,Enchanting the Lady
3354319,9088,Bloodline
2078934,9089,Tales From the Hood
21111,9090,
2193031,9091,Black Magic Woman (Quincey Morris Supernatural Investigation)
70227,9092,"Wolf at the Door (The Others, #9)"
435639,9093,"Reader and Raelynx (Twelve Houses, #4)"
1200294,9094,"Leven Thumps and the Eyes of the Want (Leven Thumps, #3)"
448796,9095,Angel with Attitude
833279,9096,"Owlknight (Valdemar: Darien's Tale, #3)"
602376,9097,Kick Ass (Berkley Sensation)
1231526,9098,Disappearing Nightly
1034479,9099,Zui You Ji RELOAD (1)
1108195,9100,Huan Xiang Mo Chuan Zui You Ji  7
1034522,9101,Huan Xiang Mo Chuan Zui You Ji  3
1034517,9102,Huan Xiang Mo Chuan Zui You Ji  2
1108194,9103,Huan Xiang Mo Chuan Zui You Ji  5
1034486,9104,Huan Xiang Mo Chuan Zui You Ji  6
1034478,9105,Huan Xiang Mo Chuan Zui You Ji  8
60764,9106,
1668831,9107,Gateways (Repairman Jack)
60746,9108,All the Rage (Repairman Jack Novels)
1042879,9109,The Haunted Air: Repairman Jack (Repairman Jack)
4414,9110,The Lord of the Rings: Weapons and Warfare
435397,9111,Ritual of Proof
200205,9112,Mine to Take (Matrix of Destiny 3)
200206,9113,Rejar
170842,9114,"Wheels Of Fire (SERRAted Edge, #2)"
170810,9115,"Owlsight (Valdemar: Darian's Tale, #2)"
87868,9116,The Winter Prince
2805,9117,The Book of Mordred
14796,9118,Bit the Jackpot
162547,9119,Harmony's Way
124307,9120,"Master of Swords (Mageverse, #6)"
776003,9121,La bottega delle mappe dimenticate
1282987,9122,The Mummy
1034482,9123,Huan Xiang Mo Chuan Zui You Ji  9
310401,9124,Megan's Mark
198421,9125,Fly by Night
231934,9126,Ghost Hunt 6 (Ghost Hunt)
3235955,9127,Knight of a Trillion Stars
212439,9128,Nightworld
101851,9129,Urchin and the Heartstone
304160,9130,The Demon You Know
489538,9131,No Rest for the Witches
49143346,9132,
1013892,9133,The Good Fairies of New York
18363953,9134,hushigiYou Xi  Xuan Wu Kai Chuan  10
6746012,9135,hushigiYou Xi  Xuan Wu Kai Chuan  9
5750647,9136,hushigiYou Xi  Xuan Wu Kai Chuan  8
2979791,9137,hushigiYou Xi  Xuan Wu Kai Chuan  7
1718764,9138,hushigiYou Xi  Xuan Wu Kai Chuan  6
6653010,9139,hushigiYou Xi  Xuan Wu Kai Chuan  5
960354,9140,hushigiYou Xi  Xuan Wu Kai Chuan  4
810836,9141,hushigiYou Xi  Xuan Wu Kai Chuan  2
727657,9142,"Alice 19th arisu19th, 05"
2407806,9143,"Alice 19th arisu19th, 06"
727648,9144,"Alice 19th arisu19th, 07"
727650,9145,"Alice 19th arisu19th, 04"
727646,9146,"Alice 19th arisu19th, 03"
727656,9147,"Alice 19th arisu19th, 02"
556373,9148,Man Yue wosagashite 5
556175,9149,Man Yue wosagashite 7
556371,9150,Man Yue wosagashite 6
15011850,9151,Blood
17817408,9152,Le Horla
42706595,9153,After the Bridge
25806534,9154,Unmade
2385756,9155,The Firework-Maker's Daughter
26330449,9156,
2101779,9157,Les Tentacules du mal
1810159,9158,La Foret des captifs
2101778,9159,L'OEil d'Otolep
2101781,9160,L'ile du destin
3420291,9161,Les Frontieres de glace
1816348,9162,D'un monde a l'autre
1829467,9163,The Demon's Lexicon
18417697,9164,
6861102,9165,"Passing Strange (Generation Dead, #3)"
5106282,9166,Kiss of Life
52260944,9167,Venom & Vanilla
43540185,9168,
567344,9169,Unnatural History
1111934,9170,Mythology 101
16213794,9171,Plague of Coins
50549653,9172,Rylee
44520524,9173,
32824112,9174,
15548701,9175,Carrots
25785403,9176,
21869846,9177,
42752252,9178,
42172158,9179,Stitched
26542273,9180,Property of a Lady Faire
20503019,9181,Casino Infernale
42748655,9182,The Second Wave
26539834,9183,Meta
40316944,9184,The Bullet-Catcher's Daughter
26574724,9185,
1599780,9186,How to Succeed in Evil
1785998,9187,"Explorer (Foreigner, Book 6)"
25474846,9188,Arena Mode
16081876,9189,Taming Fire (Dragonprince Trilogy #1)
40856887,9190,
13158140,9191,"Life, Liberty, and the Pursuit of Sausages"
6464266,9192,May Contain Traces of Magic
25073432,9193,When It's a Jar
21512463,9194,Dougnut
8684965,9195,Blonde Bombshell
6233855,9196,Labyrinth (Vorkosigan Saga)
486329,9197,"Class Dis-Mythed (Myth Adventures, #16)"
2044393,9198,"Myth-Chief (Myth Adventures, #18)"
5315740,9199,"Myth-Fortunes (Myth Adventures, #19)"
3103729,9200,"Myth-Gotten Gains (Myth Adventures, #17)"
3061632,9201,Myth Alliances
2348316,9202,Myth-Taken Identity
539583,9203,"Phule's Errand (Phule's Company, #6)"
1097436,9204,Phoenix and Ashes
2943014,9205,A Kiss Before the Apocalypse
11390827,9206,Gilded Latten Bones
2471953,9207,Cruel Zinc Melodies
390296,9208,Whispering Nickel Idols
135571,9209,Angry Lead Skies
385070,9210,Faded Steel Heat
390320,9211,Red Iron Nights
30249,9212,Petty Pewter Gods
97420,9213,Deadly Quicksilver Lies
487256,9214,Dread Brass Shadows
390303,9215,Cold Copper Tears
286163,9216,Bitter Gold Hearts
14547794,9217,For Heaven's Eyes Only
2190843,9218,The Spy Who Haunted Me
10938648,9219,Ghost of a Chance
15522826,9220,Ghost of a Smile
17395755,9221,Live and Let Drood
2190809,9222,Daemons Are Forever
7348330,9223,From Hell with Love
16003996,9224,Cat Tales
21741210,9225,"Have Stakes, Will Travel"
24088841,9226,
3087500,9227,"Hell's Gate (Multiverse, #1)"
1105908,9228,Tinker
29227,9229,"Spirits White as Lightning (Bedlam's Bard, #5)"
2564066,9230,"Half the Blood of Brooklyn (Joe Pitt, #3)"
6514032,9231,"My Dead Body (Joe Pitt, #5)"
10393,9232,No Dominion
2960733,9233,Every Last Drop
516105,9234,"Against the Tide (The Council Wars, #3)"
1394270,9235,Sweet Silver Blues
18461154,9236,"War Maid's Choice (War God, #4)"
2585826,9237,"Wind Rider's Oath (War God, #3)"
1129239,9238,The Vor Game
217454,9239,"You Don't Have to be Evil to Work Here, But it Helps"
267460,9240,Sex & Drugs & Sausage Rolls
1179193,9241,Armageddon the Musical
1045854,9242,The Book of Ultimate Truths
48519,9243,The Brentford Chainstore Massacre
2044383,9244,Sweet Myth-Tery of Life
143056,9245,"No Phule Like an Old Phule (Phule's Company, #5)"
3103466,9246,Myth-ion Improbable
3103467,9247,Something M.Y.T.H. Inc.
1851382,9248,"Myth-Told Tales (Myth Adventures, #13)"
2997530,9249,Lifeblood
1090927,9250,
595583,9251,Fire in the Blood
595592,9252,Art in the Blood
256672,9253,Grunts!
48579,9254,The Brentford Triangle
1020490,9255,Expecting Someone Taller
1128634,9256,Callahan's Crosstime Saloon
1364632,9257,The Warlock in Spite of Himself
20829,9258,Flinx's Folly
92800,9259,Heris Serrano (Omnibus)
707918,9260,The Ship Errant
25647,9261,The Ship Avenged
3431,9262,"The Ship Who Searched (Brainship, #3)"
2179268,9263,Valhalla
3103455,9264,"Another Fine Myth / Myth Conceptions (Myth Adventures, #1-2)"
48521,9265,They Came and Ate Us
2411150,9266,The Dirk Gently Omnibus
56431664,9267,
53578072,9268,
54980945,9269,
53479582,9270,
19114567,9271,Eternal Destiny
2635073,9272,Blade of Fire
15133166,9273,
17651812,9274,
15932408,9275,
13603080,9276,
12796192,9277,The Demon Kiss
14939188,9278,Wisdom's Kiss
7514703,9279,Zoo City
220738,9280,The Divide
3308534,9281,"Tuck (King Raven, Book 3)"
1008418,9282,"Scarlet (King Raven, Book 2)"
12823575,9283,How to Steal a Dragon's Sword
7045904,9284,How to Break a Dragon's Heart (How to Train Your Dragon #8)
1952938,9285,A Hero's Guide to Deadly Dragons
2042814,9286,How to Twist a Dragon's Tale
443186,9287,How to Cheat a Dragon's Curse
2362701,9288,How to Speak Dragonese
1479402,9289,How to Be a Pirate
5183265,9290,
6631468,9291,Vampirates 6
6631469,9292,Vampirates 5
2635074,9293,"The Last Battle of the Icemark (The Icemark Chronicles, #3)"
4419544,9294,
2118648,9295,Mano de hierro
2118649,9296,
3981653,9297,Larklight
738489,9298,The Quillan Games
3897220,9299,Bleach--burichi-- 33
6962373,9300,Bleach--burichi-- 31
3897221,9301,Bleach--burichi-- 32
216332,9302,The Merchant and the Alchemist's Gate
43002101,9303,Hei Zhi Shi  XXI [Kuroshitsuji XXI]
44877826,9304,Hei Zhi Shi  XXII [Kuroshitsuji XXII]
871005,9305,shiyamankingu 10
42395459,9306,Hei Zhi Shi  XX [Kuroshitsuji XX]
42012342,9307,Hei Zhi Shi  XIX [Kuroshitsuji XIX]
890905,9308,Chong Shi  4
55394526,9309,
628210,9310,The Widow's Broom
52841464,9311,Charlie THE Choo-Choo
45158718,9312,Qing noFu Mo Shi  15
43192758,9313,Qing noFu Mo Shi  14
40813974,9314,arusuranZhan Ji  1
14512877,9315,Hei Zhi Shi  IX [Kuroshitsuji IX]
16973216,9316,geto sebun
42813426,9317,Qing noFu Mo Shi  13
28161908,9318,Qing noFu Mo Shi  12
890904,9319,Chong Shi  3
890903,9320,Chong Shi  2
25491512,9321,Qing noFu Mo Shi  11
24346448,9322,Qing noFu Mo Shi  10
7358997,9323,Hei Zhi Shi  VIII [Kuroshitsuji VIII]
6830899,9324,Hei Zhi Shi  VII [Kuroshitsuji VII]
44828548,9325,
16479627,9326,geto sebun
14781784,9327,
21935571,9328,Qing noFu Mo Shi  9
19154607,9329,Qing noFu Mo Shi  8
17846327,9330,Qing noFu Mo Shi  7
6433486,9331,Hei Zhi Shi  VI [Kuroshitsuji VI]
5347604,9332,Hei Zhi Shi  V [Kuroshitsuji V]
890902,9333,Chong Shi  1
17286791,9334,Qing noFu Mo Shi  6
14742127,9335,Qing noFu Mo Shi  5
13556294,9336,Qing noFu Mo Shi  4
3168881,9337,xxxHOLiC #3
1635921,9338,xxxHOLiC #2
24581882,9339,
17043251,9340,
25742,9341,Miracle and Other Christmas Stories
24670884,9342,
40332081,9343,
16838855,9344,
277491,9345,Lady Cottington's Fairy Album
872459,9346,Faeries
26868564,9347,
21553935,9348,
75067,9349,The Book of the Dun Cow
138158,9350,War in Heaven
694823,9351,The Garden of Eve
987279,9352,The Blood of Ten Chiefs
449519,9353,The Cry from Beyond
449520,9354,ElfQuest 6: The Secret of Two-Edge
1458502,9355,ElfQuest 5: Siege at Blue Mountain
94469,9356,ElfQuest 4: Quest's End
449522,9357,ElfQuest 2: The Forbidden Grove
1781880,9358,Elfquest Book 3
2767391,9359,ElfQuest 1: Fire and Flight (Reader's Collection)
1837961,9360,Operation Chaos
13536680,9361,
15939516,9362,Ragnarok: The End of the Gods
13610262,9363,The Last Four Things
9707139,9364,The Unicorn Sonata
1762532,9365,The Folk of the Air
1171077,9366,The Innkeeper's Song
14299,9367,The Line Between
10282114,9368,Tanglefoot (The Clockwork Century)
8815,9369,"Dragonlance Saga, The Dark Disciple, vol 1: Amber and Ashes"
546048,9370,
1128511,9371,"The Woad to Wuin (Sir Apropos of Nothing, #2)"
1994861,9372,Superpowers: A Novel
4218,9373,Winkie
1792667,9374,Blameless in Abaddon
2505200,9375,One-Eyed Jacks (Wild Cards Book 8)
12651916,9376,
1270234,9377,Ace in the Hole (Wild Cards Book 6)
140099,9378,"Wild Cards: Jokertown Shuffle (Wild Cards, Book 9)"
142745,9379,Dead Man's Hand (Wild Cards Book 7)
25805396,9380,Wild Cards III: Jokers Wild
1037828,9381,Down and Dirty (Wild Cards Book 5)
970287,9382,Aces Abroad (Wild Cards Book 4)
1037829,9383,Aces High
1807663,9384,Wild Cards
813988,9385,Coyote Blue
1057,9386,To Reign in Hell
62915,9387,"Reflex (Jumper, #2)"
3050557,9388,Jumper
51273230,9389,"Rivers of London, Vol. 1: Body Work"
24983011,9390,
14616573,9391,Naked City: Tales of Urban Fantasy
2015541,9392,Inferno
32464091,9393,Sand Omnibus
379796,9394,"The Heir Apparent (Guardians of the Flame, #4)"
379785,9395,"The Silver Crown (Guardians of the Flame, #3)"
604597,9396,"The Sword and the Chain (Guardians of the Flame, #2)"
2527229,9397,The Sleeping Dragon
19192398,9398,
19106579,9399,
1688160,9400,The Prestige
573007,9401,"Shadow Star (Chronicles of the Shadow War, #3)"
155261,9402,"Shadow Dawn (Chronicles of the Shadow War, #2)"
2336411,9403,Before the Storm
2442771,9404,"The Unifying Force (Star Wars: The New Jedi Order, #19)"
1134103,9405,"Dark Tide II: Ruin (Star Wars: The New Jedi Order, #3)"
349891,9406,"Star by Star (Star Wars: The New Jedi Order, #9)"
50690053,9407,
569682,9408,Elizabeth's Wolf
15749434,9409,
21769730,9410,Moon
26531071,9411,Whisper of Sin
24251959,9412,
15952303,9413,
41051615,9414,
41894283,9415,
19041288,9416,Movie Night
21405992,9417,Beat of Temptation/Stroke of Enticement
55593887,9418,Loved
43981601,9419,A Whole New World
43927831,9420,13 Days of Midnight
17026788,9421,Neferet's Curse
21965242,9422,Kalona's Fall
21814020,9423,
6898201,9424,Sweetly
10537863,9425,The Familiars
12458845,9426,The Radleys
10230316,9427,A Need So Beautiful
6444404,9428,The Seven Rays
13140429,9429,
6736476,9430,"Flesh Circus (Jill Kismet, #4)"
45497863,9431,
3009813,9432,Galilee
51342,9433,Coldheart Canyon
14243275,9434,God's War
15588023,9435,
14106575,9436,The Demi-Monde: Winter
18080684,9437,Two Weeks' Notice
16213007,9438,The Emperor's Knife
1137661,9439,"X-Rated Bloodsuckers (Felix Gomez, #2)"
1137662,9440,The Nymphos of Rocky Flats
561860,9441,Derik's Bane
3638908,9442,Undone
10540883,9443,Unseen
6776179,9444,Unknown
2804099,9445,The Undead Kama Sutra (Felix Gomez #3)
39937905,9446,
39937903,9447,
40058424,9448,
39937902,9449,
40058423,9450,
40058421,9451,
39937904,9452,
39937901,9453,
1771872,9454,"Bloodlist (Vampire Files, Book 1)"
218511,9455,Gil's All Fright Diner
10282187,9456,Dreadnought
45619690,9457,Moonstruck
24157000,9458,
53391510,9459,To Have It All
47516831,9460,How to Save a Life
46023314,9461,
46607531,9462,Die Verborgene
41820616,9463,
43192190,9464,
41912700,9465,The Life of Anna
25100660,9466,
18112300,9467,
42794706,9468,The Law of Moses
6657415,9469,New Moon: The Complete Illustrated Movie Companion
42062827,9470,
16770427,9471,A Diamond In My Pocket (The Unaltered #1)
21864678,9472,Close Liaisons
15007840,9473,Monica's Secret
21768468,9474,"Providence Trilogy (Providence, #1-3)"
323387,9475,
25810349,9476,
48752068,9477,The Heart of What Was Lost
42756235,9478,The Long Utopia
21930358,9479,The Long War
27139388,9480,
518635,9481,"Little, Big"
1171819,9482,Witch World
15651887,9483,The Thirteen Hallows
15159120,9484,
2496103,9485,"The Harsh Cry of the Heron (Tales of the Otori, #4)"
11066482,9486,
6856262,9487,Shadowrise
1003656,9488,Shadowplay
832564,9489,Shadowmarch
1872421,9490,The War of the Flowers
1629048,9491,Sea of Silver Light
1023122,9492,Mountain of Black Glass
1003667,9493,River of Blue Fire
6561935,9494,The War of the Jewels
4992849,9495,Morgoth's Ring
2964209,9496,The War of the Ring
2963740,9497,Sauron Defeated
2964236,9498,The Shaping of Middle-Earth
2963999,9499,The Treason of Isengard
2963703,9500,"The Return of the Shadow: The History of The Lord of the Rings, Part One"
6538830,9501,The Legend of Sigurd & Gudrun
2963811,9502,The Lays of Beleriand
2961645,9503,Unfinished Tales of Numenor and Middle-Earth
6417353,9504,"Chasing the Dragon (Quantum Gravity, Book 4)"
3323601,9505,"Going Under: Quantum Gravity, Book 3 (Quantum Gravity)"
54693689,9506,
42703420,9507,"The Darkest Frost, Vol. 1"
50513729,9508,
45140498,9509,
44619544,9510,
50411432,9511,
25272201,9512,
48603346,9513,
49842059,9514,
47684017,9515,"Beauty Sleeps (Fairytale Shifter, #2)"
46063736,9516,
48287199,9517,"The Lost Slipper (Fairytale Shifter, #3)"
42807983,9518,
43480676,9519,
39835616,9520,
43530910,9521,
43132956,9522,
25643722,9523,
42168182,9524,
15747362,9525,
25048389,9526,
2200915,9527,Midnight Never Come
17029005,9528,Surrounded By Woods
7219660,9529,
23156227,9530,
24673387,9531,
21832237,9532,
24800469,9533,
21538497,9534,
627701,9535,Heart of the Hunter
15783423,9536,
21979930,9537,
26126137,9538,
19138992,9539,Rise of the Fallen
21861176,9540,
19697424,9541,
24743138,9542,The Mating Chase
18642912,9543,"Hard Mated (Shifters Unbound, #3.5)"
16109291,9544,
1470475,9545,Nicholas
13678210,9546,Darkness Dawns
21380305,9547,
24793353,9548,Octavian's Undoing
24875145,9549,
6886872,9550,Angelology
9876647,9551,
16737758,9552,The Reckoning
10644232,9553,The Taker
1716143,9554,"The Dark Mirror (The Bridei Chronicles, #1)"
3098693,9555,The Taste of Night
3098694,9556,The Touch of Twilight
6585568,9557,Tempestuous
6736027,9558,Darklight
41935536,9559,Greatcoat's Lament
26734625,9560,Traitor's Blade
40041351,9561,Fae - The Wild Hunt
6761428,9562,Legends 1
5215160,9563,Legends II
24484894,9564,
42827254,9565,The Sworn Sword: The Graphic Novel
51885102,9566,Onyx Dragon
50576783,9567,
45925863,9568,
44738535,9569,
44694577,9570,
45497192,9571,
24252421,9572,
40059013,9573,Mating Call (Dragon Queen #1)
21533417,9574,Kinked
40690264,9575,"A Land O Fire (The Sorcerer's Ring, #12)"
39903751,9576,"A Reign of Steel (The Sorcerer's Ring, #11)"
26064511,9577,Home for the Holidays
26635303,9578,"A Sea Of Shields (The Sorcerer's Ring, #10)"
26319308,9579,A Sky of Spells
26226640,9580,A Grant of Arms
25757835,9581,
23687910,9582,Bound
17960844,9583,Enslaved
17521030,9584,Enraptured
13818747,9585,"Tempted (Eternal Guardians, #3)"
12797168,9586,"Entwined (Eternal Guardians, #2)"
25381926,9587,
25072928,9588,A Vow of Glory
24671209,9589,A Cry of Honor
2863666,9590,Magic and the Modern Girl
1028716,9591,"Sorcery and the Single Girl (Jane Madison, Book 2)"
240864,9592,"Girl's Guide to Witchcraft (Jane Madison, Book 1)"
16259245,9593,
385726,9594,The Trouble With Tink
27325928,9595,"Mirrored (Kendra Chronicles, #3)"
15253091,9596,
26372701,9597,
26208753,9598,The Girl with the Windup Heart
21531216,9599,
10537527,9600,Romeo & Juliet & vampires
14233294,9601,Red Riding Hood
18146466,9602,Frey
16932823,9603,The Unquiet
6960064,9604,
18984802,9605,Hunting
15753447,9606,All Men of Genius
6615075,9607,Sense and Sensibility and Sea Monsters
21484229,9608,Kinslayer
37137011,9609,Please Don't Tell My Parents I'm a Supervillain
18174455,9610,
14830184,9611,Jack Blank and the Secret War
14151531,9612,
25866646,9613,Legion and The Emperor's Soul
8549470,9614,Jack Blank and the Imagine Nation
16065182,9615,Tempest
19010897,9616,Sweet Legacy
16991624,9617,Sweet Shadows
15746543,9618,Timepiece
15556620,9619,Struck
1492327,9620,The New Policeman
43376079,9621,Rumpelstiltskin
14250517,9622,Shattered Souls
19262830,9623,Sovereign Hope
16672650,9624,"The Departed (FBI Psychics, #2)"
19234435,9625,
14766828,9626,
23909819,9627,
6690432,9628,Dangerous Highlander
14545498,9629,
17372726,9630,
21535988,9631,
24992915,9632,
18006470,9633,
5438222,9634,Me and My Ghoulfriends
15223788,9635,How To Date A Werewolf
17882739,9636,
26217695,9637,An Imperfect Witch
23585800,9638,
21387507,9639,
17122890,9640,
25426319,9641,
24586851,9642,
21497845,9643,
18283350,9644,
24952624,9645,
17666077,9646,Witches on Parole
18935348,9647,Witches Under Way
19139319,9648,Witches in Flight
27706307,9649,An Unlikely Witch
15382961,9650,The Evil Inside
15524342,9651,
17065173,9652,
21466995,9653,
42788253,9654,
42678451,9655,
23855245,9656,Dead Medium
18462892,9657,
18605357,9658,
2958088,9659,"Deadly Night (Flynn Brothers, #1)"
18605359,9660,The Uninvited
2168992,9661,Haunted
26747965,9662,
26234066,9663,The Cursed
26040410,9664,The Night Gardener
21762413,9665,
42756698,9666,
43014590,9667,
15650669,9668,
18462050,9669,
13179661,9670,
2169264,9671,Once Upon a Crime
19929564,9672,Infinityglass
824466,9673,"Someone Comes to Town, Someone Leaves Town"
26328383,9674,Prison of Hope
35289186,9675,Executable
19055582,9676,A Witch to Live
21371432,9677,Jack Kursed
14521359,9678,Demonspawn
14717237,9679,
25692068,9680,
43117588,9681,
27680721,9682,
17985045,9683,
25096151,9684,The Wit & Wisdom of Tyrion Lannister
26323750,9685,Dryad-Born
26145224,9686,With Silent Screams
22292158,9687,Born of Hatred
24243586,9688,
21934925,9689,Area 51: Nightstalkers
19232932,9690,Through the Veil
24243799,9691,
3118873,9692,Nightwings
18004638,9693,
18188765,9694,
22035285,9695,The B-Team
89558,9696,"The Gully Dwarves (Dragonlance: Lost Histories, #5)"
1074142,9697,The Fledgling
179493,9698,The Book of Shadows
6626182,9699,The Sad Tale of the Brothers Grossbart
3339382,9700,"The Living Dead (The Living Dead, #1)"
2245683,9701,Guardians of the Lost
7162147,9702,
16520515,9703,
18488214,9704,Wizard Rising
18308594,9705,
1791151,9706,
1129588,9707,The Master Mind of Mars
1129591,9708,John Carter of Mars
1933207,9709,The Chessmen of Mars
1387380,9710,"Thuvia, Maid of Mars"
2816562,9711,The Warlord of Mars
6473912,9712,
18274434,9713,
15932037,9714,Zero Sight
19473888,9715,"The Archmage Unbound (Mageborn, #3)"
17980217,9716,"The Line of Illeniel (Mageborn, #2)"
43285011,9717,Burning Glass
18982957,9718,Mechanica
53040757,9719,
45899371,9720,
55530685,9721,
17424315,9722,
24192908,9723,
44997224,9724,The Ciphers of Muirwood
44874875,9725,The Banished of Muirwood
50879283,9726,
45924715,9727,The Strange Case of the Alchemist's Daughter
40376036,9728,Miss Mabel's School for Girls
863638,9729,Duncton Wood
50543984,9730,
50323989,9731,
42746818,9732,An Echo Of Things To Come
41358491,9733,The Treemakers
1398349,9734,Vampyrrhic
45620926,9735,Broken Dolls
45576732,9736,Cara's Twelve
54140516,9737,
53952944,9738,
43150534,9739,
46307811,9740,"Lies, Damned Lies, and History"
51856493,9741,
50687588,9742,
52268846,9743,
21816020,9744,
1303918,9745,"The Woods Out Back (Spearwielder's Tale, #1)"
49484625,9746,
53103039,9747,The Wolf of the North
45762437,9748,
51187708,9749,
50875790,9750,
1761500,9751,Shadows Linger
45244753,9752,
26577739,9753,Paladin
21474396,9754,"Tomorrow, the Killing"
26069298,9755,She Who Waits
25730843,9756,
17014142,9757,
41325226,9758,
24990336,9759,
21595844,9760,
18264359,9761,Winter Be My Shield
25441340,9762,Sword of the North
44222643,9763,
16695823,9764,They Thirst
25038209,9765,
26158988,9766,Herald of the Storm
27103894,9767,
19199472,9768,The Third Scroll
15108604,9769,Lat de gamla drommarna do
14722860,9770,Champion of the Rose
42819670,9771,
19197125,9772,
6170229,9773,"Stephen King's The Dark Tower: A Concordance, #1"
25538806,9774,
6856120,9775,The Devil's Alphabet
21974017,9776,The Companions
926255,9777,Shadowland
52146842,9778,River of Teeth
44748620,9779,The Reader
46010298,9780,The Trees
34490,9781,Wings
62480,9782,Diggers
21512424,9783,
21495204,9784,
1897383,9785,Jane On Her Own (Catwings)
1624573,9786,Changing Planes
6861522,9787,Kell's Legend
20268325,9788,
21568200,9789,
43454734,9790,
44487733,9791,The Enlightened
42815370,9792,The Thought Readers
183061,9793,Generation 18
183062,9794,Memory Zero
43011838,9795,Dragon King
40101665,9796,
43550733,9797,
15117691,9798,Blood of the Maple
17851891,9799,"Highland Shift (Highland Destiny, #1)"
17851063,9800,Midnight's Master
16534118,9801,We're Alive
18239299,9802,What Zombies Fear
19133979,9803,
16647960,9804,
26959156,9805,
21563832,9806,Tandem
6228178,9807,Storm of Visions
6139176,9808,Pretty When She Dies: A Vampire Novel
43058441,9809,
21955670,9810,
18597276,9811,
25262531,9812,
92896,9813,The Deed of Paksenarrion:Sheepfarmer's Daughter / Divided Allegiance / Oath of Gold
16759662,9814,Dead Harvest
589968,9815,"Enchanted, Inc."
15104836,9816,Reckoning
13536658,9817,Demon Song
15359148,9818,
16069830,9819,
1231819,9820,"Tall, Dark  &  Dead (Garnet Lacey, Book 1)"
13943357,9821,Aftertime
15224837,9822,
16120882,9823,The Isis Collar
43325382,9824,
40856427,9825,Flight of Magpies
40957104,9826,A Case of Spirits
25378388,9827,A Case of Possession
27209018,9828,Interlude with Tattoos
26965697,9829,The Wall of Storms
43127821,9830,
54098368,9831,
43314142,9832,
50238003,9833,Burning Bright
304162,9834,Lair of the lion
51301488,9835,
23985976,9836,
45648478,9837,
44542785,9838,
41347369,9839,"Treasures, Demons, and Other Black Magic"
26880373,9840,"Trinkets, Treasures, and Other Bloody Magic"
43076069,9841,The Master Magician
647588,9842,"The Vampire Who Loved Me (Cabot, #2)"
309613,9843,After Midnight
2254040,9844,Bewitching Season (Book 1)
41189848,9845,The Brush of Black Wings
2674196,9846,The Charmed Sphere
25185626,9847,
45364482,9848,
41369152,9849,Bound by a Dragon
44686258,9850,
357332,9851,The Element of Fire
26344800,9852,
298997,9853,The 10th Kingdom (Hallmark Entertainment Books)
1412707,9854,His Immortal Embrace
1341012,9855,"Sword of Darkness (Lords of Avalon, #1)"
23583397,9856,
14604184,9857,
8741117,9858,
14320468,9859,A Touch of Greek
471792,9860,"The Magical Worlds of Harry Potter: A Treasury of Myths, Legends, and Fascinating Facts"
3764686,9861,Princess of the Sword
1246077,9862,The Mage's Daughter
14393769,9863,Crown of Crystal Flame
14393754,9864,"Queen of Song and Souls (Tairen Soul, #4)"
3344324,9865,"King of Sword and Sky (Tairen Soul, #3)"
14393761,9866,
7332405,9867,"Song of Scarabaeus (Scarabaeus, #1)"
18462313,9868,"Greta and the Goblin King (Mylena Chronicles, #1)"
25965774,9869,Going Down in Flames
19252673,9870,Beware the Wild
21704577,9871,The Athena Effect
15779974,9872,Between the Land and the Sea
26608072,9873,Compulsion
34378008,9874,
26625224,9875,
19202597,9876,
19202596,9877,
18055095,9878,"Lichgates (The Grimoire Saga, #1)"
18155575,9879,
16665791,9880,Valor
21754087,9881,Forbidden Forest
14313342,9882,
22582486,9883,Vengeance
21359725,9884,Revel
21903312,9885,
17811048,9886,
6808286,9887,Love in the time of dragons
19256937,9888,
18567907,9889,After Dark
17939245,9890,"Ash and Embers (The Teleen Trilogy, #2)"
18309254,9891,Blood Moon
14617694,9892,Bleeding Hearts
16121930,9893,
13282347,9894,Wildefire
14128813,9895,
21399069,9896,
17013986,9897,Tangled Tides
14753447,9898,
17454511,9899,
18176330,9900,
8231091,9901,The Candidates
19009578,9902,
16448361,9903,
13406888,9904,
6768146,9905,"Bad Blood (Blood Coven, #4)"
587955,9906,"Girls That Growl (Blood Coven, #3)"
15257293,9907,
16419776,9908,Tempus
16847473,9909,
16204500,9910,Charmfall
18272097,9911,My Boyfriend Merlin
19040563,9912,My Merlin Awakening
15872613,9913,For I Have Sinned
17774741,9914,
18131442,9915,
18351483,9916,
18443883,9917,
16779388,9918,
14082710,9919,
17616575,9920,
19062881,9921,Accidentally Married to...a Vampire?
18957870,9922,Accidentally in Love with...a God?
18488574,9923,Oppression
19065935,9924,
17950269,9925,
13380314,9926,
15490466,9927,
11367302,9928,Night School (A Blood Coven Vampire Novel)
14175508,9929,Blood Destiny
25280002,9930,
21511017,9931,
19012223,9932,
19265921,9933,
21379402,9934,
19201165,9935,
18843471,9936,Natural Evil
17980877,9937,True Colors (Elder Races #3.5)
13001362,9938,Born of Shadows
1160689,9939,The Steampunk Trilogy
5749918,9940,tsubasa-RESERVoir CHRoNiCLE- 25
6398616,9941,"D.Gray-man, Volume 14"
1929525,9942,Pita-Ten
2790654,9943,tsubasa-RESERVoir CHRoNiCLE- 21
556482,9944,"D.Gray-man, Volume 4"
5138053,9945,"D.Gray-man, Volume 13"
736267,9946,+Anima 1
556483,9947,"D.Gray-man, Volume 3"
26526377,9948,
14532721,9949,
353004,9950,"Hunter's Moon (Nightcreature, #2)"
353002,9951,"Dark Moon (Nightcreature, #3)"
24733611,9952,Shadowplay
42247015,9953,
45605689,9954,Timekeeper
45522468,9955,Borderline
36666223,9956,A Hero at the End of the World
25266790,9957,Nor Iron Bars a Cage
14394906,9958,
13942312,9959,The tempering of men
21881127,9960,Otherbound
21806447,9961,
57728035,9962,
2385747,9963,Count Karlstein
80927,9964,The Owl Service
9825999,9965,
1032171,9966,Heir Apparent
2336951,9967,Companions of the Night
1157007,9968,El reino del dragon de oro
2841471,9969,The Secret Path
21765429,9970,The Spring Before I Met You
1357639,9971,Der kleine Vampir
2526899,9972,The Haunting
381595,9973,A Crack in the Line (Withern Rise)
21749379,9974,
14156711,9975,
923907,9976,A Voyage to Arcturus
2926100,9977,Servant of the Bones
1200145,9978,Treasure Box
1146498,9979,The Folk of the Fringe
1577162,9980,Wyrms
1484033,9981,Maps in a Mirror
424366,9982,A Stir of Bones
43296988,9983,Cage of Deceit
44709849,9984,"Pippa of Lauramore (The Eldentimber Series, #1)"
21493576,9985,
21963116,9986,Grounded
25881927,9987,
21470629,9988,Maelyn
24747351,9989,Cinderella Is Evil
24754047,9990,
3843088,9991,"Warrior Princess (Warrior Princess, Book 1)"
3653442,9992,Thornspell
106943,9993,
106940,9994,
256065,9995,
3179609,9996,Merlin's Dragon
2957,9997,I Am Morgan le Fay
17877581,9998,
18610713,9999,
14854527,10000,Game Over
531606,10001,Goose Chase
1301795,10002,"The Awakening (The New Heroes/Quantum Prophecy, #1)"
8944721,10003,
776355,10004,The Runaway Princess
2438187,10005,Twice Upon a Marigold
10877731,10006,"Cinderella: Ninja Warrior (Twisted Tales, #1)"
13273241,10007,The Rogue
6799328,10008,The Ambassador's Mission
14298280,10009,
32215,10010,toriniteiburatsudo 1 [Toriniti Buraddo 1]
5138180,10011,"07 Ghost, Volume 1"
6608711,10012,"Black Bird, Vol. 2"
25318455,10013,hatarakuMo Wang sama! 1
6976092,10014,
6976093,10015,
1361856,10016,Le Morte Darthur
1132874,10017,Repossessed
6157354,10018,Where the Mountain Meets the Moon
16319429,10019,Dragonswood
18822880,10020,Shift
2998756,10021,Salt
170966,10022,The Hollow People
12492437,10023,The Marbury Lens
2431188,10024,Gossamer
2904641,10025,Earthborn (Homecoming Saga - Book #5)
2925218,10026,Earthfall
1923648,10027,The Call of Earth
52998,10028,Zel
3110639,10029,Twelve Impossible Things Before Breakfast: Stories
48334339,10030,
48332992,10031,A Minor Raven Boys Holiday Drabble
21396251,10032,
21362099,10033,Odd Interlude #1
2327009,10034,Once Upon a Winter's Night
2964446,10035,Roverandom
2964233,10036,Smith of Wootton Major
6696595,10037,The Nameless City
6815185,10038,The White Ship
49323303,10039,Dagon
40221617,10040,The Lurking Fear
19035562,10041,
42673095,10042,The Girl In Between
49478918,10043,The Dunwich Horror
574316,10044,Ancient Sorceries and Other Weird Stories
16213001,10045,
2085513,10046,The Door in the Wall
1278719,10047,Nyarlathotep
6696599,10048,The Festival
6790994,10049,The Hound
57734819,10050,
6815180,10051,The Beast in the Cave
50555654,10052,Dagon and Other Macabre Tales
6813212,10053,Polaris
47306975,10054,The Monkey's Paw
16067061,10055,The Cats of Ulthar
170189,10056,The Outsider
24624032,10057,Dream Student
18197736,10058,
25731900,10059,
15574021,10060,Fallen from Grace: A Bonus Dark Mirror Short Story
25369841,10061,
14530925,10062,
19117158,10063,
19017667,10064,
21847956,10065,
17286161,10066,
22013226,10067,
2610066,10068,Plague Zone
25003921,10069,
21755802,10070,Loving Your Lies
25076306,10071,Symphony of Light and Winter
25002936,10072,
25136363,10073,
17343159,10074,
19134514,10075,
15455989,10076,"Shattered Dreams (Midnight Dragonfly, #1)"
16274434,10077,Raven
17186194,10078,
21383690,10079,
3175715,10080,The Sea Fairies
15974386,10081,
14318452,10082,Burn Bright
49695260,10083,Sinners
47330660,10084,Grunge
23581745,10085,Dracula's Guest
21951290,10086,The Science of Discworld IV: Judgement Day
1995110,10087,The Flying Sorcerers
15377544,10088,
13605106,10089,
271567,10090,Vampires: Two Centuries of Great Vampire Stories
6793608,10091,DEAD[ish]
1112981,10092,Ye Gods!
1879130,10093,Snow White and the Seven Samurai
2510311,10094,The Crow: The Lazarus Heart
2419154,10095,Witches' Brew
819143,10096,The New Discworld Companion
34486,10097,Science of Discworld III: Darwin's Watch
34467,10098,The Unadulterated Cat
942841,10099,Fulgrim
754989,10100,Descent of Angels
611957,10101,Horus Rising
416279,10102,The Last Light of the Sun
6420503,10103,Against All Things Ending
2546196,10104,Fatal Revenant
3239005,10105,The Runes of the Earth
26123586,10106,My Last Kiss
21365274,10107,Impostor
13103986,10108,Fins Are Forever
112171,10109,
22003005,10110,
10635930,10111,
14609494,10112,L'Ordine della spada
16022268,10113,L'Ordine della chiave
7069237,10114,Lucian
45251033,10115,
41132857,10116,
47791577,10117,
45584323,10118,
49591038,10119,
50648019,10120,
46914682,10121,
46876609,10122,
45730233,10123,
1252265,10124,"Ghost of a Chance (Karma Marx, #1)"
7296562,10125,"Dragonswan, Fire and Ice, Midsummer's Night Dream"
26656372,10126,
45740250,10127,Born of Legend
41371684,10128,Born of Defiance
45911680,10129,Shadow Rider
46098721,10130,
24256919,10131,Dark Blood
24256889,10132,Dark Lycan
24256902,10133,Dark Wolf
17379465,10134,Dark Storm
41132851,10135,Born of Betrayal
18246737,10136,Born of Fury
6364444,10137,
45615775,10138,
44751819,10139,Dragon Storm
24673074,10140,
18932696,10141,Sword Bearer
21533279,10142,Time Thief
5199793,10143,"Crouching Vampire, Hidden Fang"
19239708,10144,Cloak & Silence
41405,10145,The Sorcerer's Companion: A Guide to the Magical World of Harry Potter
16205280,10146,Blood Possession
21477013,10147,"Dark Craving (Dark Kings, #0.1)"
19231525,10148,Sun God Seeks...Surrogate?
22307538,10149,
19178064,10150,Blood Shadows
23983135,10151,Blood and Sand
6532363,10152,Storm of Shadows
877225,10153,"Dead By Dusk (Vampire, #6)"
16037104,10154,
5757467,10155,Eternal Seduction
21438445,10156,
15026514,10157,The Last Templar
2478886,10158,The Dark Hills Divide
2111580,10159,
16309727,10160,The Alchemy of Forever
14363180,10161,Lebendige Schatten
18269887,10162,
15087473,10163,Hunting Lila
19071699,10164,
21495444,10165,
13078947,10166,After Obsession
16748369,10167,Fury
15111285,10168,Muse
7173173,10169,
6954402,10170,The Inside Story
654752,10171,Magic and Other Misdemeanors
14836576,10172,Eternity
14836564,10173,
22208131,10174,
25134209,10175,A Wicked Thing
23904466,10176,
21932461,10177,Grim
26859243,10178,
25386972,10179,"Wayfarer (Tales of Beauty & Madness, #2)"
13694375,10180,Eternally Yours
5594593,10181,"Betraying Season (Leland Sisters, #2)"
7232508,10182,
6565079,10183,Jekel Loves Hyde
7393056,10184,The Eternal Ones
19190253,10185,
6163064,10186,"Resurrection (Wicked, #5)"
21532906,10187,
42082469,10188,
993584,10189,"The Deep (Ingo, #3)"
13557923,10190,Haunting Violet
458264,10191,The Tide Knot
518628,10192,Annals of the Witch World
117577,10193,"The Pit Dragon Chronicles, Volumes 1-3: Boxed Set: Dragon's Blood, Heart's Blood, and A Sending of Dragons (Pit Dragon Chronicles)"
164437,10194,The Unlikely Ones
14763791,10195,Opal Fire
1107946,10196,Dragon's Blood
2999177,10197,The Coelura
1129062,10198,"Stormqueen! (Darkover, #2)"
2265576,10199,Darkover Landfall
2334644,10200,She
501227,10201,"Sword-Breaker (Tiger and Del, #4)"
1907827,10202,
1883139,10203,Portrait of Jennie
1505517,10204,Trey of Swords
2000039,10205,Spell of the Witch World
614148,10206,The Gate of the Cat
450845,10207,Star Gate
450877,10208,Gryphon in Glory
1171727,10209,Ware Hawk (Witch World)
794353,10210,Gryphon's Eyrie
2157654,10211,The Jargoon Pard
2471237,10212,"Sorceress of the Witch World (Witch World, Book 6)"
1171816,10213,"Warlock of the Witch World (Witch World, Book 5)"
1979484,10214,Three Against the Witch World
1171732,10215,The Crystal Gryphon
2561230,10216,"Year of the Unicorn (Witch World, Book 7)"
6989102,10217,Night World: The Ultimate Fan Guide.
16105,10218,"Queen's Own: Arrows of the Queen, Arrow's Flight, Arrow's Fall (Heralds of Valdemar, #1-3)"
372630,10219,Don of the Dead
25969924,10220,
24497898,10221,
44515337,10222,Fantasy of Flight
45306892,10223,Fantasy of Fire
43721083,10224,Fantasy of Frost
18968712,10225,
18365174,10226,
18105343,10227,
17581664,10228,
15399884,10229,Matchmakers 2.0
15858906,10230,
6374135,10231,"A Stroke of Magic (Magic, #2)"
16715179,10232,
135049,10233,"Dead in Dixie (Sookie Stackhouse, #1-3)"
21800531,10234,"Empower (The Violet Eden Chapters, #5)"
17350241,10235,"Endless (The Violet Eden Chapters, #4)"
23683035,10236,Between the Lives
29660518,10237,
10648650,10238,Tempest Rising
17368574,10239,
1802581,10240,If Wishes Were Horses
60209,10241,Rescue Run
1762531,10242,An Exchange Of Gifts
6664303,10243,"Catalyst (Tales of the Barque Cats, #1)"
2582661,10244,No One Noticed the Cat
3019032,10245,Crisis on Doona
2168981,10246,Black Horses For the King
6275645,10247,The Dolphins' Bell
10617225,10248,Dragon's Time
2393357,10249,The Smallest Dragonboy
2711215,10250,Dinosaur Planet
1550165,10251,"Generation Warriors (Planet Pirates, #3)"
1128546,10252,Nimisha's Ship
402026,10253,Treaty at Doona
42382646,10254,Restoree
451565,10255,"Power Play (Petaybee, #3)"
1945430,10256,Decision at Doona
60229,10257,The City Who Fought
1003777,10258,"PartnerShip (Brainship, #2)"
60205,10259,The Ship Who Won
939307,10260,Pegasus in Space
2393370,10261,The Tower and the Hive (Tower & the Hive)
1003743,10262,Dragon's Fire (The Dragonriders of Pern)
2341123,10263,Dragon's Kin (The Dragonriders of Pern)
2393369,10264,"Lyon's Pride (Tower and the Hive, #4)"
1107945,10265,Crystal Line
809179,10266,Damia's Children
1756415,10267,Red Star Rising
1779679,10268,Damia
1760364,10269,The Skies of Pern
1592086,10270,"Killashandra (Crystal Singer, #2)"
6191271,10271,The Chronicles of Pern: First Fall
1104950,10272,The Dolphins of Pern
339591,10273,"Nerilka's Story (Pern: Dragonriders of Pern, #5)"
1173956,10274,Crystal Singer
2341135,10275,All the Weyrs of Pern
3419,10276,Moreta: Dragonlady Of Pern
1874236,10277,Dragon Harper (Dragonriders of Pern)
2201617,10278,The Girl Who Heard Dragons
7178092,10279,
6791409,10280,Fugitive: The Cat Star Chronicles #5
6195299,10281,"Rogue (Cat Star Chronicles, #3)"
2988030,10282,"Warrior (Cat Star Chronicles, #2)"
19335806,10283,
19144230,10284,Shadow
10786314,10285,"Kidnapping Casey (Zorn Warriors, #2)"
14380650,10286,
13020754,10287,
6605318,10288,"Dementia (Trek Mi Q'an, Book 5.5)"
3331082,10289,"Immortal Warrior (Immortal Brotherhood, #1)"
2629708,10290,The Harper Hall of Pern
1055883,10291,Wolfwalker
2988026,10292,"Slave (Cat Star Chronicles, #1)"
17460948,10293,The Mermaid's Knight
7352756,10294,
17297,10295,"Virtual Mode (Mode, #1)"
276935,10296,Lara
225335,10297,Guardian Of Honor
16220657,10298,The Goblin King
17130563,10299,
2265054,10300,Keepers of The Flame
283359,10301,Protector of the Flight
2913502,10302,Elphame's Choice
6374042,10303,Outcast
6990298,10304,The Time Weaver
1137599,10305,Covenant with the Vampire (Diaries of the Family Dracul)
46729,10306,El bosque de los pigmeos
3207183,10307,O Demonio e a Srta. Prym
18891,10308,"Oath of Gold (The Deed of Paksenarrion, Book 3)"
873107,10309,Divided Allegiance
92798,10310,"Sheepfarmer's Daughter (The Deed of Paksenarrion, #1)"
14400416,10311,Lawe's Justice
18364641,10312,An Inconvenient Mate (Breeds #25)
13094132,10313,Navarro's Promise
10894567,10314,Styx's Storm
6357275,10315,Lion's Heat
6718652,10316,Wolfe's Hope
854454,10317,Jacob's Faith
1704406,10318,
507563,10319,Beyond the Dark
4420781,10320,Mercury's War
3714679,10321,Coyote's Mate
5723615,10322,Bengal's Heart
10437291,10323,The Breed Next Door
2003443,10324,Soul Deep
50050,10325,Kiss of Heat
7860898,10326,Imager's Intrigue (Imager Portfolio #3)
23901806,10327,
25735115,10328,
1043745,10329,"The Way Between the Worlds (The View From the Mirror, Book 4)"
45046034,10330,Given to the Sea
50601246,10331,Spindle Fire
41951491,10332,The Mad Apprentice
44737355,10333,The Reluctant Queen
50650404,10334,
605325,10335,"Dark is the Moon (The View From the Mirror, #3)"
15093395,10336,Storybound
1624063,10337,The Tower on the Rift
45761421,10338,Riverkeep
19108672,10339,The Princess in Black
48575044,10340,
2731769,10341,Legend of Zelda: The Ocarina of Time Vol. 1
2153306,10342,Wolfblade (Wolfblade Trilogy Book 1)
45756972,10343,
43910210,10344,After Alice
43265330,10345,A Frozen Heart
42752002,10346,The Charmed Children of Rookskill Castle
40061982,10347,The Weight of Feathers
3360323,10348,
45625376,10349,
4289157,10350,"Scaredy Kat (Suddenly Supernatural, #2)"
41450526,10351,The League of Beastly Dreadfuls
42819799,10352,
43962998,10353,Spelled
42819718,10354,
39947224,10355,Ash & Bramble
42182461,10356,
28141648,10357,
25404490,10358,
25784278,10359,
25778908,10360,
24976631,10361,
21452876,10362,
14363104,10363,
26678782,10364,A Wonderlandiful World
26150244,10365,The Unfairest of Them All
3014104,10366,Fairy Haven and the Quest for the Wand
6590890,10367,"The Blade of Shattered Hope (The 13th Reality, #3)"
21520850,10368,
52352021,10369,
9213401,10370,
2308943,10371,The Secret Zoo
8986392,10372,Black Swan Rising
21800322,10373,Far Far Away
15750890,10374,
18339182,10375,Incarnation
21515054,10376,
14293390,10377,Elemental
16177154,10378,Above
16712148,10379,Burn Mark
6720801,10380,Indigo Springs
7050408,10381,
2263735,10382,"The Rescue (Guardians of Ga'Hoole, #3)"
15381265,10383,Cold Fire
1325197,10384,"The Journey (Guardians of Ga'Hoole, #2)"
15072320,10385,The Inquisitor's Apprentice
15535101,10386,Icefall
14142719,10387,
15297665,10388,
13286326,10389,Troubletwisters
7374960,10390,Cold Magic
13455193,10391,
13003542,10392,
6831308,10393,Shadow
6571825,10394,The Flight of the Phoenix
7347558,10395,The Basilisk's Lair
7086752,10396,"The Crowfield Curse (Crowfield Abbey, #1)"
10247228,10397,The King's Bastard
7217579,10398,
374240,10399,Neverland
6823690,10400,Magic Below Stairs
6854290,10401,
3432772,10402,Dandelion Fire
7129947,10403,"Forbidden Sea (Forbidden Sea, #1)"
6982231,10404,"The Rise of Renegade X (Renegade X, #1)"
24999275,10405,The Fiend and the Forge
6628690,10406,"The Daykeeper's Grimoire (Prophecy of Days, #1)"
6593216,10407,Other
6303264,10408,Fairest of All: A Tale of the Wicked Queen
3160490,10409,Noonshade
6444390,10410,L'anello di fuoco
6760458,10411,Servant of a Dark God
2464448,10412,A Darkness Forged in Fire
6460728,10413,White is for Witching
108913,10414,Bodyguard of Lightning
5728783,10415,The Hunt for Dark Infinity
1426958,10416,"Darkest Hour (Age of Misrule, #2)"
6189444,10417,The Edge of the World
1605351,10418,"On the Edge of the Dark Sea of Darkness (The Wingfeather Saga, Book One)"
2823184,10419,World's End
5333596,10420,Godmother: The Secret Cinderella Story
2903818,10421,The Meanest Doll in the World
3215584,10422,The Doll People
6478271,10423,Gullstruck Island
1137049,10424,Fairy Dust and the Quest for the Egg
4333653,10425,Moonstone
2225392,10426,Dawnthief
618882,10427,Dragon Champion: Book One of The Age of Fire
3646123,10428,"The Second Siege (The Tapestry, #2)"
3646120,10429,"The Hound of Rowan (The Tapestry, #1)"
49878,10430,
1493093,10431,Dark Wraith of Shannara
2704060,10432,Tigerheart
690160,10433,"Goblin Hero (Jig the Goblin, #2)"
1188418,10434,The Toyminator
2579351,10435,Emlyn's Moon
1237170,10436,"The Snow Spider (The Magician Trilogy, # 1)"
2002462,10437,The Water Horse
10984739,10438,kanivuaru 1
15057519,10439,habaegyi sinbu 8
6715803,10440,habaegyi sinbu 4
2001207,10441,habaegyi sinbu 2
6270026,10442,habaegyi sinbu 3
1825519,10443,Basara 3
565870,10444,Basara 2
1286505,10445,Basara 1
7721916,10446,Cethe
1219614,10447,The Fulfilments of Fate and Desire: The Third Book of Wraeththu
417388,10448,The Bewitchments of Love and Hate: The Second Book of Wraeththu
1297455,10449,The Wraiths of Will and Pleasure
3311950,10450,The Enchantments of Flesh and Spirit
3141292,10451,Wraeththu
52006546,10452,
45974526,10453,Getting Wilde
47442855,10454,Magic Edge
42083909,10455,The Mountains Rise (Embers of Illeniel #1)
24338263,10456,Grace Lost
27141920,10457,"The Final Redemption (Mageborn, #5)"
21484411,10458,
19694680,10459,
18352947,10460,
19255364,10461,
18255995,10462,Paranormal Public
8455012,10463,
6317845,10464,The Study Series Bundle
45587878,10465,The Sudden Appearance of Hope
41419441,10466,Eleanor
24258340,10467,The Shadow Cabinet
21359485,10468,
2898547,10469,Endymion Spring
21890688,10470,Grave Ransom
50867364,10471,Phantom Kiss
15327078,10472,Under Attack
13880950,10473,Under Wraps
44712861,10474,
28973,10475,The Dream Thief
28978,10476,The Smoke Thief
45362594,10477,
24509410,10478,A Bit of Bite
45711106,10479,
48657999,10480,
46003793,10481,
44044892,10482,Ghost of a Potion
40321000,10483,One Potion in the Grave
24220610,10484,Emerald Isle
21892830,10485,Tiger's Eye
46076358,10486,
45900369,10487,
10276330,10488,Doppelganger
25429566,10489,
21437797,10490,
24086515,10491,A Potion to Die For
12873608,10492,Avenging Angels
12873605,10493,Angel's Advocate
31322207,10494,Knives and Sheaths
24154189,10495,
10891574,10496,
6163646,10497,Street Magic
2174437,10498,Weddings from Hell
10743177,10499,
15736628,10500,
17490853,10501,
17985526,10502,
15651065,10503,
12873598,10504,Defending Angels
17505758,10505,
15938190,10506,It Takes a Witch
109890,10507,Morrigan's Cross / Dance of the Gods / Valley of Silence
3056691,10508,Dance Upon the Air / Heaven and Earth / Face the Fire
16219041,10509,
6544597,10510,Real Vampires Hate Their Thighs
490630,10511,Real Vampires Live Large
3601953,10512,Real Vampires Don't Diet
19234388,10513,Nobody
2419286,10514,
25220048,10515,
13694331,10516,
13694319,10517,
10862046,10518,
7229636,10519,A Coven of Witches
5230777,10520,The Spook's Tale: And Other Horrors (The Last Apprentice / Wardstone Chronicles)
2740168,10521,Cinderellis and the Glass Hill (The Princess Tales)
2180805,10522,"Elske: A Novel of the Kingdom (Kingdom, Book 4)"
1069267,10523,"On Fortune's Wheel (Kingdom, #2)"
685507,10524,Time Without End
627827,10525,Forever and the Night
1994891,10526,Tathea
999334,10527,A Door In The Woods
8771329,10528,Wicked Highlander
7360371,10529,
48165365,10530,
43348977,10531,
39920782,10532,
27207387,10533,
19167278,10534,Consumed
53741308,10535,
53938820,10536,
45758288,10537,Base Instincts
51963106,10538,
45695391,10539,
48167235,10540,
44862272,10541,
45623078,10542,
42170945,10543,
26655511,10544,
24757238,10545,
21382089,10546,Tiger Magic
40861674,10547,
53998343,10548,
18642925,10549,Mate Claimed
48208058,10550,
24952597,10551,Feral Heat
22026688,10552,
15287078,10553,"Wild Cat (Shifters Unbound, #3)"
42661824,10554,
41070486,10555,
32009979,10556,
42817599,10557,Fearless
52813743,10558,The Leopard King
51951939,10559,
52016894,10560,Besieged
17378981,10561,
42080870,10562,The Unleashing
45720777,10563,The Undoing
51171474,10564,The Unyielding
48427681,10565,Full of Briairs
45216889,10566,Liam Takes Manhattan
45268508,10567,
43195892,10568,Shadows and Gold
39951923,10569,
53025912,10570,
44282794,10571,
42460655,10572,Midnight's Kiss
19049118,10573,Midnight Blue-light Special
21440968,10574,Once Broken Faith
21440964,10575,A Red-Rose Chain
29660349,10576,
24588528,10577,Dreamwalker
27354878,10578,Tempted by Midnight
41320654,10579,Marked by Midnight
15938163,10580,"The Mortal Bone (Hunter Kiss, #4)"
18110002,10581,
19069405,10582,The Lords of Deliverance Compendium
21535985,10583,Labyrinth of Stars
183056,10584,
25089153,10585,
24661660,10586,Half-Off Ragnarok
18473545,10587,
21440957,10588,
26732271,10589,
17620239,10590,"Bodyguard (Shifters Unbound, #2.5)"
12907462,10591,"Primal Bonds (Shifters Unbound, #2)"
13293175,10592,Shadow Walker
42720484,10593,noragami 11
40091912,10594,noragami 10
40091878,10595,noragami 9
40091870,10596,noragami 8
40091850,10597,noragami 6
40091864,10598,noragami 7
40082189,10599,noragami 4
36208774,10600,noragami 3
34723549,10601,noragami 2
41875667,10602,Dong Jing Can Zhong tokiyoguru 9
41875657,10603,Dong Jing Can Zhong tokiyoguru 8
41875651,10604,Dong Jing Can Zhong tokiyoguru 7
41875647,10605,Dong Jing Can Zhong tokiyoguru 6
41875637,10606,Dong Jing Can Zhong tokiyoguru 5
41875633,10607,Dong Jing Can Zhong tokiyoguru 4
25594588,10608,Shen Yang hazimemashita 17
24659196,10609,Shen Yang hazimemashita 16
21861640,10610,Shen Yang hazimemashita 14
21527390,10611,Shen Yang hazimemashita 13
21527375,10612,Shen Yang hazimemashita 12
21523842,10613,Shen Yang hazimemashita 11
18364020,10614,Shen Yang hazimemashita 9
17303642,10615,Shen Yang hazimemashita 7
18364022,10616,Shen Yang hazimemashita 10
17574334,10617,Shen Yang hazimemashita 8
16272760,10618,Shen Yang hazimemashita 6
15962129,10619,Shen Yang hazimemashita 5
15871999,10620,Shen Yang hazimemashita 4
15871998,10621,Shen Yang hazimemashita 3
14288082,10622,Shen Yang hazimemashita 2
2373780,10623,E Mo naerosu (Akuma na Eros) 1
14889014,10624,"D.Gray-man, Volume 21"
14204795,10625,"D.Gray-man, Volume 20"
13046731,10626,"D.Gray-man, Volume 19"
8940470,10627,"D.Gray-man, Volume 18"
7002884,10628,"D.Gray-man, Volume 17"
7008152,10629,"D.Gray-man, Volume 16"
6594998,10630,"D.Gray-man, Volume 15"
5138097,10631,"D.Gray-man, Volume 12"
3471666,10632,"D.Gray-man, Volume 11"
2355050,10633,"D.Gray-man, Volume 10"
2355049,10634,"D.Gray-man, Volume 9"
2355048,10635,"D.Gray-man, Volume 8"
556486,10636,"D.Gray-man, Volume 7"
556485,10637,"D.Gray-man, Volume 6"
556484,10638,"D.Gray-man, Volume 5"
6835019,10639,Moon Craving
72013,10640,Moon Awakening
41428437,10641,Shadows on Snow
43076870,10642,
6578831,10643,Cursed to Death
21376811,10644,Some Quiet Place
14940258,10645,
511574,10646,Shadowrun (second edition)
41612065,10647,
24900064,10648,
25095558,10649,
18347031,10650,
13557123,10651,Dark Jenny
6818791,10652,Burn Me Deadly
24155738,10653,
1399376,10654,The Three Stigmata of Palmer Eldritch
2007633,10655,"Poison Sleep (Marla Mason, #2)"
4766987,10656,Norse Code
1939817,10657,"Blood Engines (Marla Mason, #1)"
1757278,10658,GURPS Basic Set
255113,10659,Vampire : The Masquerade revised
209476,10660,Paycheck and Other Classic Stories
212101,10661,The Encyclopedia Cthulhiana: A Guide to Lovecraftian Horror (Call of Cthulhu Fiction)
522816,10662,The Demon and the City
558554,10663,"Ravenor Rogue (Ravenor, #3)"
1038786,10664,"Ravenor Returned (Ravenor, #2)"
2509650,10665,"Ravenor (Ravenor, #1)"
19285982,10666,Twilght Falling
59169,10667,Necroscope III: The Source
59170,10668,Vamphyri!
418875,10669,Snake Agent
24171705,10670,Oliver's Hunger
26586196,10671,
41286924,10672,Temptation in Shadows
19136666,10673,
14889264,10674,
16755740,10675,
24746970,10676,
6739623,10677,His Darkest Hunger
6999990,10678,His Darkest Embrace
2481401,10679,"Hunted (Vampire Beach, Book 6)"
2481402,10680,"High Stakes (Vampire Beach, Book 5)"
336567,10681,Legacy
336568,10682,Ritual
336566,10683,Initiation
19025510,10684,Seduced by the Vampire King
18262688,10685,West of Want
21902173,10686,Forgiven
21902165,10687,
17368699,10688,North of Need
18342864,10689,
17137980,10690,Tempted by Blood
13678203,10691,Bonded by Blood
14523740,10692,Vampire in Atlantis (Warriors of Poseidon #7)
6796709,10693,"Atlantis Redeemed (Warriors of Poseidon, #5)"
5687356,10694,Atlantis Unmasked
1705297,10695,Shifter
2431168,10696,Atlantis Unleashed
431588,10697,"Atlantis Awakening (Warriors of Poseidon, #2)"
386403,10698,Atlantis Rising
10932584,10699,
3471066,10700,"A Witch's Beauty (Daughters of Arianne, Book 2)"
2922514,10701,A Mermaid's Kiss
16392986,10702,Something About Witches
14505811,10703,Supernatural
10971750,10704,Eternal Hunger
545850,10705,
18154114,10706,Hex Appeal
19107455,10707,An Apple for the Creature
13576531,10708,"Anita Blake, Vampire Hunter: Circus of the Damned, Volume 1: The Charmer"
12815136,10709,
2536938,10710,"Sword-Sworn (SwordDancer Saga, book 6)"
183520,10711,"The Malloreon Boxed Set: Guardians of the West, King of the Murgos, Demon Lord of Karanda, Sorceress of Darshiva, Seeress of Kell (The Malloreon, #1-5)"
6692457,10712,
15591249,10713,Shaedes of Gray
17991105,10714,How to Drive a Dragon Crazy
16109281,10715,Shifter Made
18890,10716,
716075,10717,The Devil Inside
51586838,10718,An Enchantment of Ravens
49584011,10719,The Matchmaker's Apprentice
1811676,10720,A Fada Oriana
24587060,10721,
15571737,10722,Ashes to Ashes
45629367,10723,
19167528,10724,
1338546,10725,Red Nails
996232,10726,Conan of Cimmeria
53788486,10727,English Fairy Tales
736287,10728,La Revolte des anges
2465754,10729,"Tarzan, Lord of the Jungle"
991279,10730,Galveston
367498,10731,Irish Fairy Tales
654642,10732,The Fuzzy Papers: Little Fuzzy & Fuzzy Sapiens
551321,10733,The Road to Middle-Earth: How J.R.R. Tolkien Created A New Mythology
894692,10734,Shardik
46365,10735,Rokovye iaitsa
1098703,10736,From the Dust Returned
241348,10737,Elementals: Stories of Fire and Ice
163871,10738,"He, She and It"
44309301,10739,Traveler
45610082,10740,Empire of Dust
51197383,10741,
53087159,10742,
50105397,10743,Duel of Fire
48127456,10744,
50080701,10745,
42062186,10746,
26792276,10747,Sisters of Blood and Spirit
14805325,10748,"The Clan MacRieve (Immortals After Dark, #2, #4 & #9)"
41626142,10749,
21177200,10750,
25085577,10751,
14400815,10752,"Taken By Fire (ACRO, #6)"
16636790,10753,"Hidden Talents (Hidden, #1)"
19113492,10754,Darkness Seduced
15334636,10755,
19168072,10756,Darkness Surrendered
17761328,10757,My Lady Mage
21447136,10758,
21593737,10759,
18431632,10760,
14731136,10761,Spellbound
3477404,10762,"Kamikaze (Last Call, Book 1)"
14533105,10763,Awaken the Highland Warrior
18633844,10764,
6564949,10765,Tales of the Shareem: Rio
6564952,10766,"Aiden and Ky (Tales of the Shareem, #4)"
7023451,10767,
15718942,10768,
1928290,10769,"Rees (Tales of the Shareem, #1)"
23840635,10770,
24334323,10771,Night Prowler
6564942,10772,Tales of the Shareem: Maia and Rylan
19235779,10773,
16021185,10774,Embrace the Highland Warrior
25528179,10775,Edge of Darkness
25223025,10776,True
7165256,10777,Taken
6880472,10778,Dare to Believe
13733853,10779,Noble Blood
13343962,10780,
15634612,10781,Artistic Vision
21579967,10782,
19133777,10783,
14415927,10784,
39856699,10785,Ecstasy Unbound
39877493,10786,Ecstasy Claimed
17368936,10787,
41361575,10788,
26128348,10789,
42456363,10790,
42029510,10791,
26587871,10792,
40068155,10793,
44304494,10794,
45179238,10795,
42442372,10796,
26226827,10797,Darkness
42457394,10798,
26333000,10799,
154837,10800,Highlander in her Bed
2471974,10801,Highland Knight
21911534,10802,Darkness Rises
21955497,10803,Bound by Night
291482,10804,Ellora's Cavemen: Tale From The Temple I
6787167,10805,
1978600,10806,Unleashing the Storm
299406,10807,
2190326,10808,"Raine (The Lords of Satyr, #2)"
4993624,10809,"You're So Vein (The Others, Book 7)"
60128,10810,"Knight of Darkness (Lords of Avalon, Book 2)"
602354,10811,Hello Gorgeous!
1067000,10812,"Skye's Trail (The Angelini, #1)"
5019000,10813,"Taming the Fire (ACRO, #4)"
2238815,10814,"Walk on the Wild Side (The Others, #13)"
28975,10815,The Last Mermaid
44604986,10816,Bulan
26655675,10817,Bumi
18550489,10818,Xiao noyona 3
18550444,10819,Xiao noyona 2
13363389,10820,Xiao noyona 1
15081393,10821,"Fullmetal Alchemist (3-in-1 Edition), Vol. 1"
21935556,10822,
6740069,10823,kadokiyaputasakura 10 [Cardcaptor Sakura 10]
6740049,10824,kadokiyaputasakura 12 [Cardcaptor Sakura 12]
6740081,10825,kadokiyaputasakura 11 [Cardcaptor Sakura 11]
6740039,10826,kadokiyaputasakura 8 [Cardcaptor Sakura 8]
6740064,10827,kadokiyaputasakura 9 [Cardcaptor Sakura 9]
14998089,10828,
14998084,10829,
10552649,10830,
14998082,10831,
6688027,10832,Xue Yuan arisu 17
10552650,10833,Xue Yuan arisu 19
6688028,10834,Xue Yuan arisu 18
6688024,10835,Xue Yuan arisu 14
6688026,10836,Xue Yuan arisu16
6688025,10837,Xue Yuan arisu 15
6688022,10838,Xue Yuan arisu 12 (Hua toyumeCOMICS)
6549706,10839,Xue Yuan arisu9
6549715,10840,Xue Yuan arisu10
3471758,10841,Xue Yuan arisu4
3471737,10842,Xue Yuan arisu5
2395017,10843,Xue Yuan arisu2
2395018,10844,Xue Yuan arisu3
9073951,10845,Jampi-Jampi Varaiya
47842747,10846,
997017,10847,"InuYasha, Volume 31"
23716,10848,"InuYasha, Volume 29"
32387,10849,"InuYasha, Volume 27"
1305282,10850,"InuYasha, Volume 26"
1291931,10851,"InuYasha, Volume 22"
38013,10852,"InuYasha, Volume 28"
1291930,10853,"InuYasha, Volume 18"
2176423,10854,"InuYasha, Volume 20"
444019,10855,"InuYasha, Volume 21"
23805,10856,"InuYasha, Volume 4"
23798,10857,"InuYasha, Volume 17"
321326,10858,"InuYasha, Volume 12"
321323,10859,"InuYasha, Volume 10"
23815,10860,"InuYasha, Volume 11"
321327,10861,"InuYasha, Volume 9"
444020,10862,"InuYasha, Volume 19"
2176422,10863,"InuYasha, Volume 16"
321320,10864,"InuYasha, Volume 5"
46981877,10865,
2395639,10866,"InuYasha, Volume 14"
1030891,10867,"InuYasha, Volume 8"
2251660,10868,Quan Ye Cha  7
1873585,10869,"InuYasha, Volume 6"
1604180,10870,
49525013,10871,Dark Breaks the Dawn
45385590,10872,Rise of the Wolf
22480504,10873,The Map to Everywhere
45125370,10874,
21526203,10875,
17295113,10876,
6745783,10877,"Farworld, Book Two: Land Keep"
41995532,10878,
1390611,10879,The Dragon's Eye
46938495,10880,The Ghostfaces
48858923,10881,The Scourge
43099639,10882,
25441832,10883,The Evertree
4992600,10884,The Dragon of Trelian
25441794,10885,Rise and Fall
25441837,10886,Against the Tide
25441835,10887,Fire and Ice
21389038,10888,
42168667,10889,
42002482,10890,
40771149,10891,Scorpion Mountain (Brotherband Chronicles #5)
26890481,10892,Slaves of Socorro
24341792,10893,Mark of the Thief
20267504,10894,
18523716,10895,"Dark Matter (Elemental Enmity, #2)"
15969059,10896,
41358770,10897,
16826314,10898,Gift of Magic
13414639,10899,Spellweaver
6842524,10900,A Tapestry of Spells
21357075,10901,Dreamspinner
16427439,10902,
23457075,10903,
26728941,10904,
23401806,10905,
21898355,10906,
17156848,10907,
18040207,10908,Island of Silence
14610433,10909,
13485162,10910,
10422359,10911,
6772339,10912,Dragon Games (Books of Umber)
6273321,10913,Happenstance Found (The Books of Umber)
5093679,10914,"Slathbog's Gold (Adventurers Wanted, #1)"
6627901,10915,The Ranger's Apprentice Collection (Ranger's Apprentice)
43385538,10916,Rogue
24895595,10917,
255341,10918,Letters to Jenny
1178918,10919,Yon Ill Wind
1318449,10920,Faun & Games
93483,10921,Zombie Lover
18713241,10922,The Paladin Prophecy
42377985,10923,Unspoken
27334802,10924,
43216974,10925,United as One
2353359,10926,"Under a Velvet Cloak (Incarnations of Immortality, #8)"
93482,10927,"Roc and a Hard Place (Xanth, #19)"
1387511,10928,"Geis of the Gargoyle (Xanth, #18)"
1041972,10929,
1194897,10930,"Demons Don't Dream (Xanth, #16)"
1318439,10931,"The Color of Her Panties (Xanth, #15)"
25632609,10932,Suffer the Children
42162445,10933,Shallow Graves
3227218,10934,Red Spikes
26341081,10935,Shifting Shadows: Stories from the World of Mercy Thompson
6113619,10936,The Waters & the Wild
1513,10937,Primavera
16594,10938,Ecstasia
16590,10939,Nymph
25337668,10940,
1512,10941,Ruby
990467,10942,I Was a Teenage Fairy
990480,10943,Dangerous Angels: The Weetzie Bat Books
990435,10944,The Rose and the Beast: Fairy Tales Retold
2054427,10945,Echo
19039841,10946,
16706363,10947,
41907782,10948,
29262962,10949,
25735009,10950,
24966014,10951,"Veiled Passages (Mary O'Reilly, #10)"
23576511,10952,"Twisted Paths (Mary O'Reilly, #9)"
19260288,10953,
16915580,10954,
21494430,10955,
21591812,10956,
1550917,10957,
19169551,10958,Secret Hollows
14650660,10959,Good Tidings
44997223,10960,
43076479,10961,
6675493,10962,Age of Ra
4232625,10963,Shadow and Betrayal
9636121,10964,The Black Lung Captain
1398418,10965,The Star Scroll
15558776,10966,The God Engines
6679421,10967,"The Infernal City (The Elder Scrolls, #1)"
7166226,10968,"First Contact (In Her Name: The Last War, #1)"
4067087,10969,In Her Name
19121535,10970,
17625718,10971,Tin Swift
21955621,10972,Warbound
25808004,10973,
16978955,10974,
25095519,10975,
41122358,10976,
15100638,10977,Debris
28099420,10978,
41115731,10979,
21466227,10980,The Ace of Skulls
31454628,10981,Emergence: Dave vs. the Monsters
43068458,10982,
21846173,10983,Two Serpents Rise
51766424,10984,Thrawn
1196056,10985,The Tenth Power
240662,10986,Forging the Sword
240664,10987,Rise of a Hero
2454739,10988,Flame
7164517,10989,
654751,10990,The Problem Child
3435306,10991,"Unusual Suspects: Stories of Mystery & Fantasy (Sookie Stackhouse, #8.1)"
12629435,10992,The Dresden Files Roleplaying Game: Volume Two: Our World
16497151,10993,Crewel
1132353,10994,God's Demon
6366640,10995,A Madness of Angels
15371735,10996,Star Wars: Darth Plagueis
2452022,10997,The Cobra King of Kathmandu
538777,10998,Fire Star
42746679,10999,
24499267,11000,
18362674,11001,
25779686,11002,
25464643,11003,"The Faerie War (Creepy Hollow, #3)"
23651645,11004,
24155168,11005,
23861541,11006,Neverwas
24588165,11007,
24151844,11008,Spartan Frost
18940446,11009,Amber House
19070250,11010,
15318427,11011,
22248834,11012,Daughter of the Earth and Sky
23222442,11013,Everlost
19150028,11014,
21901467,11015,
15093813,11016,Silver
15684676,11017,
16791617,11018,Halflings
18965236,11019,Blackwood
13713453,11020,
18983844,11021,Dark Star
21426779,11022,
18608383,11023,
16592176,11024,Destiny's Fire
16177157,11025,Wander Dust
19075494,11026,
19034175,11027,
17530822,11028,
18059967,11029,
2024149,11030,Tanglewreck
11115348,11031,Low Red Moon
40295047,11032,Fated Mates: The Alpha Shifter Boxed Set
25790701,11033,"The Alpha Claims A Mate (Blue Moon Junction, #1)"
26227322,11034,
22620510,11035,Make Her Howl
16449781,11036,Sometimes by Moonlight
25379170,11037,
8697884,11038,
26532865,11039,
26408615,11040,
22376983,11041,
7900881,11042,
6894913,11043,Once Bitten
13837295,11044,The Vampire Diaries: The Hunters: Moonsong
13477446,11045,The Vampire Diaries: The Hunters: Phantom
1727109,11046,The Vampire Shrink
13597737,11047,
6676019,11048,Blue Bloods 3-Book Boxed Set
10396262,11049,
24494435,11050,
21752094,11051,
21364894,11052,
6473748,11053,"Seduced By Shadows (Marked Souls, #1)"
18201282,11054,Silver
14538091,11055,Kitty's Greatest Hits
1959935,11056,Don't Hex with Texas
589967,11057,Damsel Under Stress
2936734,11058,Once Upon Stilettos
259994,11059,"Fire Watcher (Watcher, #3)"
259991,11060,"Dark Watcher (Watcher, #1)"
6492908,11061,The Demon's Librarian
1130182,11062,"To Hell and Back (Dante Valentine, #5)"
1130181,11063,"Saint City Sinners (Dante Valentine, #4)"
269520,11064,"The Devil's Right Hand (Dante Valentine, #3)"
1178936,11065,"Dead Man Rising (Dante Valentine, #2)"
10885699,11066,Something Wicked
7348794,11067,
2475793,11068,"Lady & the Vamp (Immortality Bites, Book 3)"
448795,11069,"Fanged & Fabulous (Immortality Bites, Book 2)"
1533438,11070,A Little Magic
26759,11071,Spellbound
6871871,11072,Don't Kill The Messenger
5199809,11073,
2083286,11074,
246880,11075,"Dead and Dateless (Dead End Dating, Book 2)"
13005707,11076,"Motor City Fae (Urban Arcana, #1)"
3144669,11077,
481560,11078,Into Thin Air
790107,11079,Spirited Away (Signet Eclipse)
45605,11080,Bled Dry
1050797,11081,Sucker Bet
6643703,11082,"Bound By Sin (Cin Craven, #3)"
4546803,11083,"Grave Sins (Cin Craven, #2)"
425535,11084,The Wages of Sin
288994,11085,Ain't Myth-Behaving
101796,11086,Kiss Me Forever/Love Me Forever
24221,11087,Aphrodite's Passion (Aphrodite)
2894301,11088,The Demon King and I
2349533,11089,"Free Fall (Retrievers, #5)"
415598,11090,"Burning Bridges (Retrievers, #4)"
662904,11091,Curse the Dark
662903,11092,Bring It On
415600,11093,"Staying Dead (Retrievers, #1)"
17361872,11094,"Accidentally Dead, Again"
6779930,11095,"Accidentally Demonic (Accidentals, #4)"
6232535,11096,Kiss & Hell
580678,11097,Devil's Due
580677,11098,Devil's Bargain
6506745,11099,Cold Moon Rising (Tales of the Sazi)
2780145,11100,"Timeless Moon (Tales of the Sazi, Book 6)"
965627,11101,"Moon's Fury (A Tale of the Sazi, Book 5)"
3738784,11102,"Howling Moon  (A Tale of the Sazi, Book 4)"
531672,11103,Moon's Web
531669,11104,"Touch of Evil (The Thrall, #1)"
598879,11105,Hunter's Moon
9258854,11106,Haunted Honeymoon
2266628,11107,The Bride of Casa Dracula
33599,11108,Happy Hour at Casa Dracula
14298250,11109,
6525564,11110,"Bite Marks (Jaz Parks, #6)"
14544797,11111,So I Married A Demon Slayer
11047455,11112,Goddess of Legend
2350924,11113,Warrior Rising
15854169,11114,Illuminate
15299432,11115,
14291529,11116,
17152038,11117,Bear Meets Girl
6228303,11118,"A Flash of Hex (OSI, #2)"
2376324,11119,"Night Child (OSI, #1)"
15279280,11120,
16414904,11121,
60231,11122,On Dragonwings: Dragonsdawn / Dragonseye / Moreta
40302372,11123,Tiger's Promise (The Tiger Saga 0.5)
24806485,11124,
6911285,11125,The Faerie Ring
57735734,11126,
56651478,11127,
57707063,11128,
57319010,11129,
56907930,11130,
48117582,11131,
50655266,11132,
56425640,11133,Red Havoc Guardian
56237392,11134,
55164642,11135,
55819037,11136,
54861883,11137,"Out of the Ashes (Maji, #1)"
55013445,11138,
55332922,11139,
55243162,11140,
10922477,11141,Burning Up Flint
54737200,11142,
48300131,11143,Morrighan
54537062,11144,
52958872,11145,
53099512,11146,
54005870,11147,
10662570,11148,
53568951,11149,
53061244,11150,Wolf Hunt
53397559,11151,"Hatched (Dragons of Preor, #6)"
53184746,11152,
52984602,11153,
52612396,11154,
52819967,11155,
52057644,11156,
52057578,11157,
52018647,11158,
52021713,11159,Blackwing Dragon
50674085,11160,
51739596,11161,
49910597,11162,
51678639,11163,
49250379,11164,
47840067,11165,
46569915,11166,
46155669,11167,
45655814,11168,
51426460,11169,
21523092,11170,
50721926,11171,Shadowcaster
49404329,11172,Wolf Unleashed
50828777,11173,
50818320,11174,
50674059,11175,
50674068,11176,
50202825,11177,
50616666,11178,
50360870,11179,
50107908,11180,Boarlander Cursed Bear
49576794,11181,Sacrifice
45208979,11182,
49833674,11183,Boarlander Beast Boar
44415089,11184,
49018009,11185,
49733050,11186,
49591292,11187,
49620512,11188,
48618161,11189,
48077660,11190,
49313442,11191,
48616140,11192,
48874668,11193,
45595985,11194,
46093389,11195,
45555779,11196,
48577876,11197,Elite
47064524,11198,
48089490,11199,
47997057,11200,
43936843,11201,
47450637,11202,
45279471,11203,
46891491,11204,Last Immortal Dragon
45149562,11205,
45833793,11206,
45757760,11207,
45336411,11208,
46661462,11209,
46211186,11210,Gray Back Broken Bear
46107497,11211,Gray Back Ghost Bear
46004169,11212,Gray Back Alpha Bear
45922617,11213,Gray Back Bad Bear
18226088,11214,Forged In Ash
45998390,11215,
43248841,11216,
45479786,11217,
45555912,11218,
19107064,11219,
16968113,11220,Fever
45423051,11221,
42938331,11222,The Hidden Masters of Marandur
45142192,11223,
44393573,11224,
24095982,11225,"Tall, Silent & Lethal"
44977024,11226,
25433352,11227,The Fire Sermon
37509418,11228,
44756452,11229,
43908961,11230,
43122784,11231,
41353425,11232,
44685503,11233,
25064599,11234,
43915154,11235,
6654617,11236,"A Dark Guardian (The Shields, #1)"
40860404,11237,
43151063,11238,
39661156,11239,"Night Sky (Night Sky, #1)"
10685080,11240,The Skin Map (Bright Empires #1)
41191209,11241,Hungry Like the Wolf
42967268,11242,
20389138,11243,
2747547,11244,Night Keepers
15736027,11245,Spellbound
39939856,11246,Dark Tide
39939841,11247,
998755,11248,Killing Moon
41622026,11249,
41378046,11250,
41378030,11251,
41378025,11252,
18114723,11253,The Scarlet Dagger
12745067,11254,
14521370,11255,Touch If You Dare
19150976,11256,
18739512,11257,
24897867,11258,Phoenix's Heart
18156758,11259,
21998969,11260,Hell Bent
5296092,11261,"Into the Lair (Falcon Mercenary Group, #2)"
3973772,11262,"Into the Mist (Falcon Mercenary Group, #1)"
41191222,11263,Her Lone Wolf
26154974,11264,Her Perfect Mate
22021614,11265,
18081153,11266,The Taken
41050501,11267,
26135142,11268,
14532824,11269,Darkfire Kiss
9461704,11270,
6488963,11271,"Winter Kiss (Dragonfire, #4)"
3756710,11272,"Kiss of Fate (Dragonfire, #3)"
2369859,11273,"Kiss of Fury (Dragonfire, #2)"
2230245,11274,"Kiss of Fire (Dragonfire, #1)"
40297891,11275,
18060801,11276,
15700529,11277,
13445577,11278,
19241284,11279,Christmas Pride
13419214,11280,Hidden Embers
25387945,11281,
16332208,11282,
13095066,11283,
8694794,11284,"Hard Magic (Paranormal Scene Investigations, #1)"
9878177,11285,Dark Embers
21541354,11286,
21376750,11287,Mating Instinct
18987023,11288,Primal Possession
21376883,11289,Soulbound
27319693,11290,Fury of Obsession
24037829,11291,
26578090,11292,
26171296,11293,
15949855,11294,Midnight Enchantment
13298583,11295,Dark Enchantment
9312428,11296,Cruel Enchantment
6761829,11297,Wicked Enchantment
276706,11298,"Dragon Blood (Hurog, #2)"
118820,11299,Dragon Bones
14946251,11300,
25380526,11301,
25703796,11302,
21939182,11303,
25380498,11304,
25380481,11305,
22933668,11306,
24665479,11307,
21870298,11308,Unconditional
6134653,11309,Reluctant
25187731,11310,
23555789,11311,Sacrifice
26406116,11312,Moth
48806820,11313,Shearwater
42743397,11314,
21446880,11315,Eye of the Moonrat
6258843,11316,The Secret of the Dread Forest: The Faire Folk Trilogy
2514655,11317,Into the Wildewood: The Faire Folk Trilogy
1308220,11318,The Tree Shepherd's Daughter
2930736,11319,Promise of the Wolves
939293,11320,Nerilka's Story & The Coelura
55903,11321,Flint the King
3167212,11322,Night of Blood
271175,11323,"Land of the Minotaurs (Dragonlance: Lost Histories, #4)"
89561,11324,"Draconian Measures (Dragonlance: Kang's Regiment, #2)"
1261654,11325,"The Gates of Thorbardin (Dragonlance: Heroes, #5; Heroes II, #2)"
1887208,11326,Amber and Blood  (Dragonlance: The Dark Disciple #3)
8809,11327,"Dragonlance Saga, The Dark Disciple, vol 2: Amber and Iron"
18091885,11328,Runelight
2156773,11329,The Dragon Token
3312939,11330,Sunrunner's Fire
1398420,11331,Skybowl
353268,11332,Windwalker
283010,11333,Tangled Webs
2179204,11334,Daughter of the Drow
1865411,11335,
179263,11336,"Grail (The Pendragon Cycle, #5)"
60249,11337,Prince of Chaos
1383207,11338,Knight of Shadows
1907379,11339,Sign of Chaos
16179287,11340,Trumps of Doom
1105577,11341,Blood of Amber
18251662,11342,
24493884,11343,War Master's Gate
15052323,11344,Swift
11078017,11345,Arrow
6587991,11346,Rebel
3144106,11347,Knife
218510,11348,A Nameless Witch
19066436,11349,The Air War
14816653,11350,Heirs of the Blade
13822712,11351,"The Sea Watch (Shadows of the Apt, #6)"
7144176,11352,Salute the Dark
19054760,11353,A Dance With Dragons: Part 2 After The Feast
21855986,11354,A Dance With Dragons: Part 1 Dreams and Dust
978413,11355,The Princess and Curdie
3084097,11356,Clockwork
2385813,11357,The Scarecrow and His Servant
324416,11358,A Necklace of Water #4 (Balefire)
15385152,11359,Lies Beneath
398895,11360,Kull: Exile of Atlantis
1164234,11361,Bran Mak Morn: The Last King
29606,11362,"The Baker's Boy (Book of Words, #1)"
41850099,11363,The Complete Wheel of Time
19206967,11364,The Plant
122925,11365,
938076,11366,The Rivan Codex: Ancient Texts of the Belgariad and the Malloreon
1118061,11367,"Child of Thunder (Renshai Trilogy, #3)"
3132988,11368,The Younger Gods
1118139,11369,"The Last of the Renshai (Renshai Trilogy, #1)"
1046727,11370,Legends
1032984,11371,"Shapechangers (Chronicles of the Cheysuli, Book 1)"
618922,11372,"Beyond Ragnarok (Renshai Chronicles, #1)"
17363,11373,Shame of Man
516753,11374,"Chaos Mode (Mode, #3)"
970804,11375,"Isle of Woman (Geodyssey, #1)"
1118062,11376,"The Western Wizard (Renshai Trilogy, #2)"
1466334,11377,"The Song of Homana (Chronicles of the Cheysuli, Book 2)"
1228085,11378,"The Road Home (Guardians of the Flame, #7)"
379783,11379,"The Road to Ehvenor (Guardians of the Flame, #6)"
1087260,11380,
223744,11381,Dragonsblood
2261682,11382,"Jhegaala (Vlad Taltos, #11)"
18969287,11383,
1309341,11384,Flinx in Flux
13674104,11385,
966756,11386,Secret of the Sixth Magic
966753,11387,Master of the Five Magics
52610063,11388,
47454315,11389,Unraveled
18341788,11390,Half Black Soul
43082760,11391,Spider's Trap
40791450,11392,
17052700,11393,Chasing Magic
6912417,11394,City of Ghosts
13630390,11395,Sacrificial Magic
6749788,11396,Unholy Magic
17581417,11397,
15259729,11398,The Shadow Society
15736146,11399,
25993322,11400,The Queen of Zombie Hearts
23628062,11401,
17326110,11402,Body and Soul
16069455,11403,
24235968,11404,
18327258,11405,Quicksilver
5820346,11406,Devoured
21452066,11407,Through the Zombie Glass
6853229,11408,Claire de Lune
15736142,11409,Pushed
15736140,11410,Touched
24172279,11411,
18157137,11412,Shift
13343509,11413,
14592302,11414,Wide Awake
18087248,11415,
17383136,11416,
16310079,11417,
16271326,11418,
14431286,11419,Into the Shadows
14347696,11420,Eternity
14587070,11421,
10644198,11422,
13461924,11423,Pulse
6351295,11424,Heavenly
11007714,11425,"Book of Love (Knight Angels, #1)"
13396325,11426,Intrinsical
9623530,11427,Banished
6551896,11428,Bleeding Violet
16729968,11429,Destined
17972564,11430,The Council of Mirrors
45312378,11431,
18748939,11432,
13029425,11433,Revelation
5721945,11434,"Flora's Fury: How a Girl of Spirit and a Red Dog Confound Their Friends, Astound Their Enemies, and Learn the Importance of Packing Light"
52170819,11435,
45262610,11436,
21821231,11437,The Eye of Zoltar
16224887,11438,The Song of the Quarkbeast
48015693,11439,Wild Embrace
49918002,11440,Shifters in the Spring
41440019,11441,
20585429,11442,A Reckless Magick
46227547,11443,
18610205,11444,House of Secrets
42854424,11445,
42009417,11446,A Dragon's Guide to the Care and Feeding of Humans
48127432,11447,
46276694,11448,
45247755,11449,
45949900,11450,Numbers
42427472,11451,
13977069,11452,
16959890,11453,
45954477,11454,
45872046,11455,
21861208,11456,
44702518,11457,
45471732,11458,
44890623,11459,
42038126,11460,"Bengal's Quest (Breeds, #30)"
41367297,11461,
42470763,11462,"Trust (Running With Alphas, #1)"
40175982,11463,
44323406,11464,
44070829,11465,
26643523,11466,Wanted: Wild Thing
41880833,11467,
16655580,11468,
27110214,11469,
26687504,11470,
26037974,11471,Fire Rising
25538410,11472,
21508524,11473,Dawn's Desire
21508504,11474,"Night's Awakening (Dark Kings, #0.2)"
23895397,11475,Unclaimed
31181076,11476,
40182698,11477,
25523273,11478,
25440442,11479,
19107069,11480,"Dire Wants (Eternal Wolf Clan, #2)"
24897979,11481,Never Deal with Dragons
26917111,11482,
18315426,11483,
19027961,11484,
7038662,11485,"Trinity (de La Vega Cats, #1)"
25050481,11486,Rule Breaker
20464900,11487,
21856137,11488,
21533352,11489,Enthralled
21538659,11490,Hungry Like a Wolf
21693853,11491,Flirting Under a Full Moon
19102174,11492,Wolfishly Yours
19075528,11493,Angel in Chains
22515162,11494,How Beauty Saved the Beast
21876211,11495,How Beauty Met the Beast
19120438,11496,A Howl for the Highlander
21435036,11497,Wolf with Benefits
19101838,11498,
19120452,11499,Savage Hunger
641624,11500,"Chibi Vampire: The Novel Volume, 1"
10546362,11501,Wolf Fever
5288839,11502,"Destiny of the Wolf (Heart of the Wolf, #2)"
17973158,11503,Samurai Game
16479855,11504,"Stygian's Honor (Breeds, #27)"
2757028,11505,Edge of Danger
17029601,11506,Primal
13405809,11507,"Big Bad Beast (Pride, #6)"
14443485,11508,
13719836,11509,
13609540,11510,
17130305,11511,"On the Prowl (The Others, #6)"
14106483,11512,It Happened One Bite
14521624,11513,In The Heat of The Bite
15030184,11514,Never Been Bit
18083151,11515,The Wolf Who Loved Me
15289264,11516,Dreaming of the Wolf
6695088,11517,Sins of the Flesh
13419769,11518,Hunger Untamed
5483956,11519,Four Dukes and a Devil
10411090,11520,"The Taming of the Wolf (Westfield Wolves, #4)"
6795120,11521,Jared (The Shadow Wranglers)
9848735,11522,"The Wolf Next Door (Westfield Brothers, #3)"
7865197,11523,"Tall, Dark and Wolfish (Westfield Brothers, #2)"
7204119,11524,A Certain Wolfish Charm
2119396,11525,Running Wild
1088050,11526,Checkmate
299409,11527,A Taste of Darkness
106068,11528,The Sword
6440615,11529,To Crave a Blood Moon
7193777,11530,Rapture Untamed
6493164,11531,Passion Untamed
6440611,11532,Obsession Untamed
2438311,11533,When He Was Bad
6892513,11534,Wild Fire
1703978,11535,Hot Spell
7157920,11536,Born to Be Wild
352300,11537,Hunting the Hunter
5272861,11538,A Perfect Darkness
6694702,11539,Bitten by Cupid
7212076,11540,Beast Behaving Badly
3688060,11541,Go Fetch!
3034114,11542,rozariotobanpaia 4
3034113,11543,rozariotobanpaia 3
2494911,11544,rozariotobanpaia 2
2494910,11545,rozariotobanpaia 1
6216551,11546,Faeries Gone Wild
2284410,11547,The Beast in Him
562503,11548,The Palace of Laughter: The Wednesday Tales No. 1 (Julie Andrews Collection)
3331085,11549,"The Dragon Master  (Dragon Series, Book 3)"
82741,11550,Possession
1923539,11551,"The Black Dragon (Dragon Series, Book 2)"
599769,11552,"Dragon Heat (Dragon Series, Book 1)"
255110,11553,"Kissing Coffins (Vampire Kisses, #2)"
1138469,11554,"Dancing With Werewolves (Delilah Street, Paranormal Investigator, Book 1)"
461984,11555,Howl at the Moon
304157,11556,She's No Faerie Princess
39327,11557,The Cursed One
39326,11558,"The Untamed One (Wild Wulfs of London, #3)"
39328,11559,The Dark One
40223686,11560,
44897384,11561,Perfect State
16146984,11562,"The Way of Kings, Part 2"
21869323,11563,Battle of the Ampere
24568906,11564,
2427568,11565,Dhiammara
1936493,11566,Sword of Flame
1936500,11567,Harp of Winds
464969,11568,Aurian
43014935,11569,
55801193,11570,
48249423,11571,Midnight Hour
46035178,11572,
43530433,11573,
17048855,11574,Embers and Echoes
17048878,11575,
44776572,11576,
43013012,11577,Persuasion
43680050,11578,
43227716,11579,
45057212,11580,
44282885,11581,
43476792,11582,Bridges Burned
42550181,11583,
25755203,11584,Night Owls
25781890,11585,
13609559,11586,Spirit Bound
41050511,11587,A Tale of Two Dragons
24160577,11588,Seducing Samantha
25130926,11589,
18974521,11590,
19239106,11591,
22010052,11592,
21589818,11593,
17393338,11594,
24160715,11595,
21867243,11596,"Light My Fire (Dragon Kin, #7)"
13085892,11597,Melting Iron
13051846,11598,
22085584,11599,
18714302,11600,The Unfailing Light
21441644,11601,
14894785,11602,
14300283,11603,The Magnolia League
1798613,11604,"Night Life (Nocturne City, #1)"
17433957,11605,Waking Storms
14119879,11606,Undercurrent
10230258,11607,Lost Voices
7085204,11608,
18000729,11609,Dangerous Boy
40698123,11610,
56191100,11611,
54759814,11612,
53637963,11613,
52459368,11614,
49572602,11615,Miss Frost Solves a Cold Case
48857426,11616,
1333312,11617,Dead Over Heels
26469891,11618,
26110281,11619,
23859008,11620,Doomed
44827959,11621,
42281619,11622,
25740609,11623,
42761753,11624,Black Water
25740612,11625,
45238188,11626,
1877722,11627,Krew elfow
1877759,11628,Czas pogardy
1877750,11629,Chrzest ognia
13201479,11630,
16410159,11631,The Minority Council
791377,11632,
61024,11633,"The Classic Fairy Tales: Texts, Criticism (Norton Critical Editions)"
2600969,11634,The Story of King Arthur and His Knights
1466345,11635,Lady Of The Forest
1232599,11636,"Wunderbare Reisen zu Wasser und Lande, Feldzuge und lustige Abenteuer des Freiherrn von Munchhausen"
2028884,11637,Fool on the Hill
440780,11638,The Road to the Dark Tower: Exploring Stephen King's Magnum Opus
629122,11639,Japanese Tales (Pantheon Fairy Tale & Folklore Library)
159010,11640,Narodnye russkie skazki
1369471,11641,The Blue Fairy Book
1502479,11642,The Atlas of Middle-Earth
10621885,11643,Overwinter
5193967,11644,Frostbite
6278003,11645,23 Hours
450922,11646,Forerunner
1828894,11647,Forerunner Foray
1012796,11648,Catseye
1787523,11649,The Beast Master
858352,11650,Web of the Witch World
859375,11651,kitab 'alf layla@ walayla@ [kitab `alf layla wa-layla]
38776,11652,Titus Groan / Gormenghast / Titus Alone
18362271,11653,Seeking Crystal
41470919,11654,Stealing Phoenix
7564284,11655,Pegasus and the Flame
15239041,11656,Pegasus and the Fight for Olympus
17375394,11657,Pegasus and the New Olympians
21865680,11658,
18072128,11659,
18222825,11660,
14789724,11661,
6567139,11662,
6540142,11663,
6586649,11664,"Mate Hunt (Dragonmen, #1)"
15009400,11665,
6540148,11666,
6461479,11667,Baiting Ben
13511474,11668,Blood Signs
14199530,11669,
6461295,11670,
14597593,11671,From Pack to Pride
14609626,11672,
14572829,11673,
17915201,11674,
7806230,11675,
6855305,11676,
17913233,11677,
17915325,11678,
5251291,11679,
6754435,11680,
17470367,11681,Chasing Seth
16688267,11682,
17841189,11683,Just Like Cats and Dogs
6683639,11684,Finn
16496956,11685,
16411033,11686,
15362663,11687,
6178504,11688,
14860406,11689,The Duty of a Beta
13156215,11690,
15616762,11691,
17915337,11692,
17915428,11693,
19285608,11694,
19207546,11695,
10326881,11696,
6749994,11697,Extinction
17336269,11698,
16843173,11699,
19136805,11700,
16411063,11701,
18545428,11702,
18290308,11703,
16411095,11704,
18635813,11705,
16148701,11706,
16148717,11707,
17916200,11708,
18303277,11709,
16411135,11710,
16411051,11711,
16411047,11712,
18290393,11713,
17336219,11714,
16148656,11715,
17913807,11716,
16148673,11717,
16148647,11718,
17340120,11719,
16148642,11720,
16843148,11721,
17235988,11722,
16350934,11723,
16032472,11724,
16148616,11725,
16032459,11726,
16032376,11727,
15681601,11728,
16032445,11729,
15681578,11730,
16032365,11731,
15681638,11732,
15681632,11733,
16032423,11734,
15681635,11735,
15681574,11736,
15681489,11737,
15681552,11738,
15599744,11739,
15678299,11740,
15681564,11741,
15472258,11742,
15572489,11743,
19046712,11744,Blutopfer
49968990,11745,Nachtjagd
6328149,11746,Fire and Ice
1813704,11747,Magnus Heat (Magnus Pack #1 & 2)
10565249,11748,
14526241,11749,Devil's Kiss
43372015,11750,
45556436,11751,
19981022,11752,
14949281,11753,Transcendence
18264375,11754,
17579117,11755,Phoenix
18183974,11756,
16753760,11757,
23979663,11758,
1802582,11759,"The Death of Sleep (Planet Pirates, #2)"
649937,11760,Magic for Beginners
23901613,11761,
759671,11762,Which Witch?
2542024,11763,Smoke and Ashes
1059374,11764,Smoke and Mirrors
1315572,11765,The Spellcoats
1121935,11766,Drowned Ammet
1220147,11767,The Crown of Dalemark
18182117,11768,Just for Fins
18015113,11769,Monstrous Beauty
258470,11770,Oh My Goth
2424247,11771,Prom Nights from Hell
6217232,11772,As You Wish
17149812,11773,Forbidden Mind
8701461,11774,"The Bite of Silence (Biting Love, #3)"
5124661,11775,Bite Me
48292921,11776,
14465787,11777,Fang Me (Demon Underground #3)
10740556,11778,Try Me (Demon Underground #2)
9264296,11779,
6423921,11780,Biting Nixie
465974,11781,"Dead by Day (Sookie Stackhouse, #4-5)"
19100010,11782,
1369362,11783,Shadowmancer
867,11784,The Seventh Tower Volumes 1-3
18311967,11785,
41130558,11786,"Night Shift (Kate Daniels, #6.5; SPI Files, # 0.5; Psy-Changeling, #12.5; Barbarian, #1)"
7162224,11787,Shadows Cast By Stars
15535689,11788,
19067303,11789,The Dark Light
3018977,11790,The Black Tattoo
1717464,11791,Uninvited
2336947,11792,Revealers
7347684,11793,
26688035,11794,
26688022,11795,
2773922,11796,Witch Season: Summer & Fall
383788,11797,Horns and Wrinkles
21363598,11798,Earthbound
21417079,11799,
6611823,11800,The Poison Eaters: and Other Stories
1726249,11801,Ruler of the Realm
1729233,11802,The Telling Pool
946083,11803,Slangens gave
13473833,11804,Imaginary Girls
25128526,11805,Endsinger
24743818,11806,
3815618,11807,Petrodor (Trial of Blood and Steel)
2241072,11808,Sasha: A Trial of Blood and Steel
10972597,11809,The Rebel Prince
6949800,11810,The Crowded Shadows
14423778,11811,Shadow Days: A Nightshade Novella
15115529,11812,Stopping Time and Old Habits
21902963,11813,
21526692,11814,'Til The World Ends
8802711,11815,
255086,11816,"Vampireville (Vampire Kisses, #3)"
6474145,11817,"Tall, Dark & Fangsome"
3259105,11818,Stakes & Stilettos
15552391,11819,That Old Black Magic
15711101,11820,
18111717,11821,Reign Fall
21902136,11822,Foretold
2770637,11823,"Staked (Void City, Book 1)"
16669337,11824,Asunder
39894971,11825,
893435,11826,Sea-Kings of Mars
13732807,11827,
25987812,11828,
21533270,11829,
19107333,11830,
3078954,11831,"Imajica, Book 2: The Reconciliation"
19257831,11832,
2206446,11833,Darkwing
1003964,11834,Deep Secret
53186285,11835,Forest of a Thousand Lanterns
49456225,11836,The Continent
31831835,11837,
48012732,11838,The Ship of the Dead
1934157,11839,Haroun and the Sea of Stories
21549576,11840,Desert Tales (Wicked Lovely)
19220660,11841,Hellenic Immortal
18172972,11842,
855,11843,Legacy of the Darksword
1848671,11844,Triumph of the Darksword
1848672,11845,Doom of the Darksword  (Part 2 of 2)
2975460,11846,Forging the Darksword
1087453,11847,The Inheritor
11632,11848,Douglas Adams's Starship Titanic
6501785,11849,
81603,11850,Ravens of Avalon
175757,11851,Ancestors of Avalon
3037741,11852,The Fall of Atlantis
13017616,11853,Of Love and Evil
2926090,11854,Blood Canticle
2925858,11855,Blackwood Farm
3396128,11856,"Thirteen Orphans (Breaking the Wall, #1)"
15537858,11857,
8836940,11858,
6485985,11859,The Sword of the Lady: A Novel of the Change (Change Series)
2950170,11860,The Scourge of God
2894220,11861,The Sunrise Lands
604607,11862,The Protector's War
1677250,11863,A Meeting at Corvallis
1789199,11864,Dies the Fire
541978,11865,Trek to Kraggen-Cor
1673147,11866,Voyage of the Fox Rider
17235476,11867,Seawitch
11850739,11868,
7355328,11869,Labyrinth
5895274,11870,Vanished
2144072,11871,"Underground (Greywalker, #3)"
289022,11872,"Poltergeist (Greywalker, #2)"
2372529,11873,The Books of the South: Tales of the Black Company
41178436,11874,Dragons at Crumbling Castle
16731103,11875,
461938,11876,Callahan's Lady
21383469,11877,The Book of Paul
2718470,11878,Clockwork Heart
1023926,11879,The Mammoth Book of Comic Fantasy
144659,11880,The Rincewind Trilogy
62503,11881,"Johnny and the Bomb (Johnny Maxwell, #3)"
316018,11882,The Art of Discworld
1862679,11883,Glory Road
404697,11884,Space Cadet
1862678,11885,"Waldo and Magic, Inc."
42139222,11886,The Isle of the Lost
224633,11887,kingudamuhatsuII 1
19245526,11888,
22246673,11889,
364231,11890,"Hell's Belles (Hell on Earth, #1)"
302969,11891,Icefire
42819818,11892,
1325142,11893,The Empty House and Other Ghost Stories (Large Print Edition)
21761413,11894,
27570868,11895,
42018250,11896,
19114523,11897,The Witch of Little Italy
27110239,11898,
13476114,11899,
7375106,11900,As Lie The Dead
41856,11901,The Witch Family
18235020,11902,The Scargill Cove Case Files
13119603,11903,
48693139,11904,Closer to the Chest
44193661,11905,
42955396,11906,From a High Tower
66456,11907,The Green Pearl
26542493,11908,Blood Red
21554978,11909,Steadfast
16316102,11910,Wide Open
542397,11911,Midnight at the Well of Souls
170306,11912,"The Armies of Daylight (The Darwath Trilogy, Book 3)"
1242364,11913,The Walls of Air
1718003,11914,The Time of the Dark
19101515,11915,
3192354,11916,The Alton Gift
18464378,11917,Under My Hat: Tales from the Cauldron
6657515,11918,The Immorality Engine
4833958,11919,The Osiris Ritual
18132839,11920,Home from the Sea
5298839,11921,Lyonesse: Suldrun's Garden
14572536,11922,Queen of Kings
14547461,11923,"Conspiracies (Shadow Grail, #2)"
8193079,11924,"Legacies (Shadow Grail, #1)"
2278326,11925,Into the Darkness
14635550,11926,Unnatural Issue
19365,11927,The Hidden Family
930587,11928,The Family Trade
6539241,11929,The Phoenix Transformed
6829290,11930,"The Phoenix Endangered (Enduring Flame, #2)"
2797785,11931,The Phoenix Unchained
6405877,11932,Alcatraz Versus the Knights of Crystallia
13453261,11933,
1782540,11934,Rediscovery
170881,11935,The Valdemar Companion
16094,11936,Sword of Ice And Other Tales of Valdemar
16087,11937,Crossroads and Other Tales of Valdemar (Valdemar Anthologies)
2295582,11938,When Darkness Falls
2602,11939,Sun in Glory and Other Tales of Valdemar
2613,11940,"To Light A Candle (Obsidian, #2)"
2617,11941,The Outstretched Shadow
45740056,11942,
9213169,11943,
27437867,11944,
38974194,11945,A Vision of Fire
26406059,11946,
16438752,11947,Unrest
1109105,11948,The Harrowing
14431213,11949,
21858256,11950,
1705038,11951,Was
21591489,11952,
19385292,11953,The Druid Stone
16997772,11954,Crushed
53362942,11955,
48577030,11956,
44359465,11957,
43003538,11958,
24665467,11959,
54795861,11960,Archangel's Viper
55468019,11961,
53643079,11962,
47750746,11963,
41497420,11964,
41497379,11965,
46881933,11966,
1342367,11967,"The Mighty Hunter (Lords of the Abyss, #1)"
857451,11968,The Savage King
20387808,11969,"Her Viking Wolf (50 Loving States, #3)"
24337573,11970,Close Remembrance (The Krinar Chronicles #3)
21932170,11971,"Close Obsession (The Krinar Chronicles, #2)"
19031719,11972,Winter of the Wolf
16408369,11973,Hour of the Lion (The Wild Hunt Legacy 1)
42577198,11974,
21571431,11975,
16915080,11976,
4230816,11977,In Heat
3704594,11978,Prophecy: Dark Moon Rising
6512554,11979,Reunion
14612068,11980,
3704556,11981,Prophecy: Caelestis and Aurorea
26567950,11982,
40311627,11983,
29719831,11984,
25584654,11985,
26327453,11986,
28143320,11987,
27018773,11988,
26466398,11989,
23585363,11990,Christmas in the Kitchen
21883760,11991,Poker Night
24088376,11992,Stalking Hawke
17301824,11993,Wolf School
17301776,11994,
15151732,11995,A Gift for Kit
15716262,11996,Lord of the Abyss
23392722,11997,NightDrake
18564653,11998,"Covet (Vampire Erotic Theatre Romance, #1)"
3704482,11999,Prophecy: Child of Light
18576371,12000,"Crave (Vampire Erotic Theatre Romance, #2)"
23756518,12001,"Bewitch (Vampire Erotic Theatre Romance, #5)"
23692943,12002,
23681683,12003,
41240560,12004,Luna of Mine
26620811,12005,
19192317,12006,"Seduce (Vampire Erotic Theatre Romance, #3)"
21963328,12007,
24661816,12008,Blood Torn
24034767,12009,No Place Like Oz
40175158,12010,
41824344,12011,Circus Mirandus
25384237,12012,The Mark of the Dragonfly
25149772,12013,The Nethergrim
15103740,12014,The Shattering
45658600,12015,Hope and Red
23963283,12016,Dreamer's Pool
27833532,12017,
4075456,12018,Immortal: Love Stories with Bite
24575140,12019,
3679389,12020,The Eye of the Moon
1654823,12021,El desierto de hielo
3327028,12022,El clan de la lloba
42424366,12023,Under the Dome
1777516,12024,The Sailor on the Seas of Fate
1479741,12025,The Fortress of the Pearl
25077398,12026,
25082383,12027,
48658908,12028,The Wise Man's Fear
48658825,12029,The Wise Man's Fear
14199506,12030,Assasin's Creed: Brotherhood
7921323,12031,Assassin's Creed: Renaissance
39949551,12032,Mistress of Magic
57406890,12033,Kushiel's Dart (Part 1)
2960816,12034,Windhaven
17411497,12035,A Feast for Crows
50211982,12036,A Feast for Crows
21886036,12037,A Clash of Kings
21892386,12038,A Clash of Kings
25788654,12039,A Game of Thrones
1805783,12040,"A Manopla de Karasthan (Cronicas de Allaryia, #1)"
2073140,12041,A Batalha do Apocalipse
166852,12042,The Book With No Name
21847559,12043,
7646901,12044,"Edge of Craving (Primal Instinct, #0.5)"
1754703,12045,"Born In Twilight (Wings in the Night, #5)"
347933,12046,Embrace The Twilight
6259131,12047,Bloodline
266064,12048,Prince Of Twilight
3331080,12049,Angel's Pain
990220,12050,Edge Of Twilight
2437919,12051,"Lover's Bite (Wings in the Night, #14)"
87042,12052,"Blue Twilight (Wings in the Night, #11)"
1754702,12053,Demon's Kiss
601179,12054,Twilight Hunger
1958792,12055,Wings in the Night
29325094,12056,
28096028,12057,
18178974,12058,
25040110,12059,Moonlight
23898944,12060,
19071559,12061,A Love Untamed
13151572,12062,Ecstasy Untamed
2290819,12063,Igraine Ohnefurcht
4030880,12064,Water Tales: Aquamarine and Indigo
4030682,12065,Aquamarine
14351060,12066,A Tale of Two Castles
6627830,12067,Quatrain
2906784,12068,"Fortune and Fate (Twelve Houses, #5)"
1352687,12069,Griffin's Daughter
736746,12070,The Candlestone
1892696,12071,The Fire Eternal
3086587,12072,"Sma man kastar langa skuggor  (Sagan om Isfolket, #38)"
3086859,12073,"Fangad av tiden (Sagaen om Isfolket, #40)"
3086520,12074,"Stad i skrack (Sagan om Isfolket, #37)"
3087077,12075,"Det svarta vattnet (Sagaen om Isfolket, #46)"
3086755,12076,"Rop av stumma roster (Sagan om Isfolket, #39)"
3087018,12077,"Legenden om Marco (Sagaen om Isfolket, #45)"
3086908,12078,"Demonernas fjall (Sagaen om Isfolket, #41)"
3086456,12079,"Trollmane (Sagan om Isfolket, #36)"
512667,12080,Tian Shi Jin Kari Qu  20
72522,12081,Tian Shi Jin Kari Qu  10
72520,12082,Tian Shi Jin Kari Qu  9
72513,12083,Tian Shi Jin Kari Qu  7
1561868,12084,Tian Shi Jin Kari Qu  6
72507,12085,Tian Shi Jin Kari Qu  4
72509,12086,Tian Shi Jin Kari Qu  5
24327917,12087,
3086429,12088,"Vandring i morkret (Sagan om Isfolket, #35)"
3086400,12089,"Kvinnan pa stranden (Sagan om Isfolket, #34)"
3085762,12090,"Nattens demon (Sagan om Isfolket, #33)"
3085730,12091,"Hunger (Sagan om Isfolket, #32)"
3085677,12092,"Farjkarlen (Sagan om Isfolket, #31)"
3073795,12093,"Omanniskan (Sagan om Isfolket, #30)"
6804618,12094,"Lucifers karlek (Sagaen om Isfolket, #29)"
3073754,12095,"Is och eld (Sagaen om Isfolket, #28)"
3073640,12096,"Skandalen (Sagaen om Isfolket, #27)"
3073500,12097,Huset i Eldafjord (Sagan om Isfolket #26)
3073419,12098,"Engel med svarte vinger (Sagaen om Isfolket, #25)"
3073377,12099,"Djupt i jorden (Sagan om Isfolket, #24)"
3073317,12100,Vargtimmen (Sagan om Isfolket #21)
3073268,12101,Korpens vingar (Sagan om Isfolket #20)
3073179,12102,Bakom fasaden (Sagan om Isfolket #18)
3073112,12103,"Vinden fra ost (Sagaen om Isfolket, #15)"
6722026,12104,"Feber i blodet (Sagan om Isfolket, #12)"
3073010,12105,"Blodhevn (Sagaen om Isfolket, #11)"
3072720,12106,"Den ensamme (Sagan om Isfolket, #9)"
3072563,12107,"Bodelns dotter (Sagan om Isfolket, #8)"
3072525,12108,"Spokslottet (Sagan om Isfolket, #7)"
3071319,12109,"Det onda arvet (Sagan om Isfolket, #6)"
3071259,12110,"Dodssynden (Sagan om Isfolket, #5)"
3073238,12111,Drakens tander (Sagan om Isfolket #19)
3071196,12112,"Langtan (Sagaen om Isfolket, #4)"
3071071,12113,"Avgrunden (Sagan om Isfolket, #3)"
3073122,12114,"Galgdockan (Sagan om Isfolket, #16)"
3072973,12115,"Vinterstorm (Sagan om Isfolket, #10)"
3070987,12116,
3070871,12117,"Trollbundet (Sagan om Isfolket, #1)"
49968421,12118,
50854343,12119,
49944977,12120,
52666399,12121,
50833657,12122,The Battlemage
56274855,12123,A Rare Book of Cunning Device
44924386,12124,
44924385,12125,
44924384,12126,
49954357,12127,
54097500,12128,Edgedancer
48784844,12129,
18096750,12130,Nightmare
14918432,12131,Midnight
10284706,12132,Nightfall
25629913,12133,
45517455,12134,The Inquisition
44583447,12135,
46474716,12136,
47590034,12137,
45964090,12138,
328731,12139,Brain Wave
40081801,12140,Home
45214705,12141,The Second Super
27448414,12142,Broken
21622235,12143,
26102144,12144,A Trial of Souls
24155805,12145,
21928860,12146,
18444063,12147,
10548901,12148,Alcatraz Versus the Shattered Lens
3526970,12149,Alcatraz Versus the Scrivener's Bones
21374272,12150,
18507733,12151,
21446901,12152,Messenger of the Dark Prophet
23958223,12153,
6117193,12154,The Chaos Crystal
2477608,12155,The Palace of Impossible Dreams (Tide Lords book 3)
2477587,12156,The Gods of Amyrantha (Tide Lords book 2)
2043781,12157,The Immortal Prince
42955447,12158,From a Drood to a Kill
41118531,12159,
40276609,12160,
24384886,12161,Angel of Storms
16697423,12162,
7514705,12163,
6868151,12164,Sixty-One Nails
19041172,12165,
15542924,12166,
41706739,12167,Touch
23643010,12168,The Grim Company
14431009,12169,Turbulence
26569741,12170,
25384201,12171,
21431976,12172,Witch Wraith: The Dark Legacy of Shannara
23588093,12173,
21431853,12174,
14296422,12175,The Measure of the Magic
4995732,12176,Indomitable: A Short Novel from the Legends II Collection
19040238,12177,Jumper: Griffin's Story (Jumper)
16368889,12178,The Traitor Queen
15114900,12179,A Blight of Mages
6420202,12180,The Prodigal Mage
34875,12181,"The Word and the Void Omnibus (Word & the Void, #1-3)"
11225900,12182,
2096032,12183,"The Secret of the Sword (The Sword of Shannara, #3)"
17418,12184,The Voyage of the Jerle Shannara Trilogy
973445,12185,Sword of Shannara and the Elfstones of Shannara
34886,12186,"The Heritage of Shannara (Heritage of Shannara, #1-4)"
6383366,12187,A Princess of Landover
2919485,12188,"The Druids' Keep (The Sword of Shannara, #2)"
8691308,12189,Bearers of the Black Staff
529275,12190,The Barbed Coil
529276,12191,"A Man Betrayed (Book of Words, #2)"
529274,12192,"Master and Fool (Book of Words, #3)"
17492845,12193,"The Reluctant Mage (The Fisherman's Children, #2)"
50212028,12194,
43591184,12195,Swarm
41813786,12196,
26643213,12197,Lagoon
26174348,12198,Child of a Hidden Sea
21512505,12199,
16786541,12200,The Chaos
1115507,12201,Bone Dance
1095855,12202,The Salt Roads
47982,12203,The New Moon's Arms
2877033,12204,The Cat's Pajamas: Stories
505251,12205,The Vampire Tapestry
69157,12206,Skin Folk
2510310,12207,Drawing Blood
2777615,12208,The Beginning Place
25628623,12209,beruseruku 37
21644822,12210,beruseruku 36
16386834,12211,beruseruku 35
7051030,12212,beruseruku 34
13602310,12213,beruseruku 33
13602353,12214,beruseruku 32
1876494,12215,beruseruku 31
6523650,12216,beruseruku 30
5150570,12217,beruseruku 27
5150572,12218,beruseruku 28
6459625,12219,beruseruku 29
241210,12220,beruseruku 26
3629264,12221,beruseruku 25
2928877,12222,beruseruku 24
2582956,12223,beruseruku 23
2582936,12224,beruseruku 22
2005547,12225,beruseruku 21
1900551,12226,beruseruku 20
1493282,12227,beruseruku 19
241161,12228,beruseruku 18
241160,12229,beruseruku 17
241143,12230,beruseruku 16
241154,12231,beruseruku 11
241151,12232,beruseruku 12
241144,12233,beruseruku 13
241141,12234,beruseruku 15
241142,12235,beruseruku 14
15714632,12236,xxxHOLiC #18
44297080,12237,Bleach--burichi-- 67
43112863,12238,Bleach--burichi-- 66
42864585,12239,BLEACH--burichi-- 65
42413359,12240,Bleach--burichi-- 64
41461808,12241,Bleach--burichi-- 63
40350098,12242,Bleach--burichi-- 62
27258866,12243,Bleach--burichi-- 61
25491131,12244,Bleach--burichi-- 60
25312657,12245,Bleach--burichi-- 59
24267831,12246,Bleach--burichi-- 58
22003862,12247,Bleach--burichi-- 57
21880858,12248,Bleach--burichi-- 56
21400470,12249,Bleach--burichi-- 55
15124985,12250,Bleach
3909061,12251,tsubasa-RESERVoir CHRoNiCLE- 24
12068742,12252,Le Voleur d'ombres
36066,12253,"Feast of Souls (The Magister Trilogy, #1)"
45335275,12254,
1527392,12255,Imaro
390308,12256,She Is the Darkness
390322,12257,Bleak Seasons
390311,12258,Dreams of Steel
18161591,12259,
109313,12260,Shadow Games
390332,12261,The White Rose
54403019,12262,How to Stop Time
44689409,12263,City of Fae
27108239,12264,
27108240,12265,
23821491,12266,Salt
21582712,12267,
25790367,12268,
18305227,12269,
21437922,12270,
17300620,12271,
19191362,12272,
7285497,12273,kobato.  3
5236017,12274,Vacations from Hell
3395115,12275,"Parties & Potions (Magic in Manhattan, #4)"
2982587,12276,"School Spirit (Suddenly Supernatural, #1)"
2954521,12277,How to Ditch Your Fairy
26895,12278,Spells & Sleeping Bags
3017563,12279,Dreamhunter
26900,12280,Frogs & French Kisses
51819,12281,Magic's Child
708430,12282,
957676,12283,"Dead Wrong (T*Witches, #4)"
785030,12284,"Seeing Is Deceiving (T*Witches, #3)"
1096509,12285,"Building a Mystery (T*Witches, #2)"
957678,12286,"Don't Think Twice (T*Witches, #5)"
785032,12287,
438379,12288,
785033,12289,
771945,12290,Legacy of Lies
51818,12291,"Magic Lessons (Magic or Madness, #2)"
448174,12292,Why I Let My Hair Grow Out
285420,12293,Hex and the Single Girl
12925396,12294,"Steampunk II: Steampunk Reloaded (Steampunk, #2)"
49158043,12295,
46837358,12296,A Study in Sable
46293083,12297,"Wedding Bells, Magic Spells"
42904182,12298,
451479,12299,
40780925,12300,
43131911,12301,"The Brimstone Deception (SPI Files, #3)"
3182587,12302,Two Hearts
19106659,12303,
1088933,12304,Sword and Sorceress X
31398936,12305,
293240,12306,"Red as Blood, or Tales from the Sisters Grimmer"
26590475,12307,
20573,12308,Tolkien's Ring
42755438,12309,Elementary: All-New Tales of the Elemental Masters
3255032,12310,"Alchemy and Academe : A Collection of Original Stories Concerning Themselves with Transmutations, Mental and Elemental, Alchemical and Academic"
18706875,12311,Queen Victoria's Book of Spells: An Anthology of Gaslamp Fantasy
254023,12312,Out of Avalon: An Anthology of Old Magic & New Myths
25100815,12313,The Grendel Affair
170858,12314,"Chrome Circle (SERRAted Edge, #4)"
14707031,12315,
19176634,12316,Elemental Magic: All-New Tales of the Elemental Masters
15635368,12317,
16095,12318,The River's Gift
11220561,12319,"Harvest Moon (Tales of the Five Hundred Kingdoms, #5.5)"
2754534,12320,The Discworld Graphic Novels: The Colour of Magic and The Light Fantastic
6639869,12321,Ember
14977814,12322,"Beauty and the Werewolf (Tales of the Five Hundred Kingdoms, #6)"
824926,12323,Sword and Sorceress
16098,12324,"Knight of Ghosts & Shadows (Bedlam's Bard, #1)"
1467575,12325,Druids
362927,12326,Biting the sun
626395,12327,The Warlock Heretical
626347,12328,The Warlock Is Missing
626388,12329,The Warlock Enraged
2445722,12330,The Warlock Unlocked
626369,12331,King Kobold Revived
2253010,12332,Escape Velocity
566437,12333,King Kelson's Bride
2526464,12334,The Deryni Archives
576959,12335,Lammas Night
1270281,12336,"The Quest for Saint Camber (Histories of King Kelson, Vol III)"
1637860,12337,"The King's Justice (Histories of King Kelson, Vol 2)"
576960,12338,"The Bishop's Heir (Histories of King Kelson, Vol 1)"
2811986,12339,High Deryni
2811975,12340,Deryni Checkmate
1952516,12341,Deryni Rising
16088,12342,"Ill Met by Moonlight (Doubled Edge, #2)"
16101,12343,
44057342,12344,
604584,12345,"The Fifth Sorceress (The Chronicles of Blood and Stone, #1)"
202762,12346,"Enchanter (The Axis Trilogy, #2)"
71204,12347,Lud-in-the-Mist
271735,12348,"Legacy of the Drow Collector's Edition (Legend of Drizzt, #7-10)"
273481,12349,Castaways of the Flying Dutchman
2081848,12350,Dune: The Machine Crusade
16910905,12351,Shadows in Flight
2758234,12352,Absolute Midnight
10473,12353,A Tolkien Bestiary
2964258,12354,Tree and Leaf
51603373,12355,
49955594,12356,Toward a Secret Sky
46061436,12357,True Born
43326013,12358,
1191017,12359,The Virago Book of Fairy Tales / The Second Virago Book of Fairy Tales
40912257,12360,
45165661,12361,
399616,12362,The Fairy's Return and Other Princess Tales
15710439,12363,The Redemption of Ajax
42024099,12364,Velvet
15106429,12365,
15307427,12366,
14419301,12367,BLACK BIRD 11 (Betsucomihurawakomitsukusu)
15854891,12368,buratsukubado
15854918,12369,
17308491,12370,
21423988,12371,
21527396,12372,
13925459,12373,
13925458,12374,
12943750,12375,
8940421,12376,
24511006,12377,
21544409,12378,Reimi no Arcana
21527378,12379,Reimi no Arcana
21527356,12380,Reimi no Arcana
19184996,12381,Reimi no Arcana
15486073,12382,
13663237,12383,
18363987,12384,Reimi no Arcana
5390862,12385,Radiant Darkness
18265531,12386,Clover no Kuni no Alice - Cheshire Neko to Waltz
21523877,12387,Bo Jue toYao Jing  4
21472570,12388,
18363985,12389,Reimi no Arcana
17329123,12390,Reimi no Arcana
17329122,12391,Reimi no Arcana
17403718,12392,"Beastly: Lindy's Diary (Beastly, #1.5, Kendra Chronicles, #1.5)"
15252550,12393,Timekeeper
6878060,12394,The Prophecy of the Sisters Book Two: Guardian of the Gate
6528131,12395,"Wicked Lovely: Desert Tales, Volume 1: Sanctuary"
19243127,12396,
15293826,12397,Ying Ji Hua Chuan  1
6454385,12398,"Rasetsu, Volume 1"
1006894,12399,"Yurara, Vol. 1"
23723,12400,"InuYasha Ani-Manga, Volume 1"
13018159,12401,Between the Sea and Sky
10230290,12402,Once Every Never
47198285,12403,The Devil You Know
50359200,12404,Brother's Ruin
45998865,12405,Stranger of Tempest
13389889,12406,Ash: A Secret History
46061143,12407,
46903616,12408,
10735784,12409,"The Heir of Night (Wall of Night, #1)"
45642232,12410,
26479680,12411,The Way Into Chaos
18164123,12412,Besieged
21846195,12413,
43193104,12414,
3721793,12415,Twelve
531527,12416,Endless Blue
531531,12417,"Dog Warrior (Ukiah Oregon, #4)"
531530,12418,"Bitter Waters (Ukiah Oregon, #3)"
531528,12419,"Tainted Trail (Ukiah Oregon, #2)"
1105907,12420,Wolf Who Rules
40389884,12421,Those Above
2443812,12422,New Amsterdam
2308565,12423,Whitechapel Gods
2128357,12424,Scar Night
41107512,12425,Tainted Blood
25387041,12426,Iron Night
21538163,12427,Generation V
2002301,12428,Monster Manual
26683967,12429,
21566984,12430,Dirty Magic
21982690,12431,Full Fathom Five
11128284,12432,Corvus
1807532,12433,"The First Book of Swords (Books of Swords, #1)"
52221,12434,The Reluctant Swordsman
3431138,12435,The Ten Thousand
353975,12436,Legacies
7269604,12437,Swords & Dark Magic: The New Sword and Sorcery
6910227,12438,Warriors
426649,12439,"Son of Avonar (The Bridge of D'Arnath, #1)"
24750218,12440,Black Dog
28069043,12441,
21533125,12442,Blood Oranges
14625541,12443,This Case Is Gonna Kill Me
833551,12444,"Shadows Past (Borderlands, #3)"
213938,12445,"The King's Own (Borderlands, #2)"
333013,12446,"Covenants (Borderlands, #1)"
24065134,12447,
6810560,12448,The Folding Knife
21480549,12449,Mage's Blood
22818520,12450,
36041,12451,Dracula Cha Cha Cha
21733838,12452,Harbinger
24757176,12453,
352957,12454,"Vengeance of Dragons (The Secret Texts, #2)"
3193368,12455,"Darknesses (Corean Chronicles, Book 2)"
1592028,12456,Fortress in the Eye of Time
215796,12457,Inda
2594,12458,
648709,12459,"There Will Be Dragons (The Council Wars, #1)"
29228,12460,"Beyond World's End (Bedlam's Bard, #4)"
525540,12461,Bedlam Boyz
1229397,12462,
352724,12463,Doc Sidhe
809083,12464,Dragon and Phoenix (Dragonlord)
2817882,12465,The Ill-Made Mute
1856646,12466,Spirit Gate
50193,12467,Rebel Fay
856939,12468,"Sinner (Wayfarer Redemption, #1)"
1240740,12469,Hawkwood's Voyage
276709,12470,When Demons Walk
1047149,12471,The Skein of Lament
2389344,12472,The Weavers of Saramyr
14824887,12473,The Iron Jackal
15088243,12474,The Alchemist
16373093,12475,
1577031,12476,Once a Hero
559543,12477,The Grand Crusade
597974,12478,"When Dragons Rage (The DragonCrown War Cycle, #2)"
2513402,12479,"Fortress Draconis (The DragonCrown War Cycle, #1)"
559544,12480,The Dark Glory War (A Prelude to the DragonCrown War Cycle)
86431,12481,Talion: Revenant
6664581,12482,Legends 3
17048396,12483,
501475,12484,The Wit and Wisdom of Discworld
14346450,12485,The Cloud Roads
531525,12486,"Alien Taste (Ukiah Oregon, #1)"
18537276,12487,A Feast of Ice and Fire: The Official Game of Thrones Companion Cookbook
19012593,12488,Wrayth
18670864,12489,Dominion: A Coldfire Saga
19107495,12490,Lord of Mountains: A Novel of the Change
14578543,12491,Shadow Kin
16451711,12492,The Alchemist of Souls
14958970,12493,Kings of Morning
16404567,12494,Infidel
13965764,12495,deadworld
14557348,12496,
14222930,12497,The Executioness
18329689,12498,
16518687,12499,
1371793,12500,A Secret History
1383224,12501,To Die In Italbar
6616758,12502,The Trade Of Queens
3958015,12503,The Revolution Business
408506,12504,The Merchants' War
19362,12505,The Clan Corporate
49005106,12506,
14568215,12507,
42095176,12508,
8985441,12509,Bad to the Bone
15490413,12510,
15979322,12511,Stud
13977486,12512,
15459728,12513,
13125790,12514,
5774516,12515,
18613196,12516,
4816750,12517,The Cajuns Captive
6549920,12518,"Nikolai's Wolf (True Mates, #3)"
7257896,12519,
7202166,12520,
18901311,12521,
6549914,12522,"Mary and the Bear (True Mates, #2)"
14261022,12523,Wolf Tracks
13466920,12524,
6632703,12525,"Mated to a Wolf (Wulf's Den, #4)"
6538618,12526,"Taryn's Wolf (Wulf's Den, #2)"
7275292,12527,Roan's Fall
6067894,12528,Crux
3399386,12529,True Mates
16097,12530,"Vows and Honor (Valdemar: Vows and Honor, #1-3)"
2660470,12531,"The Last Herald-Mage (Valdemar: The Last Herald-Mage, #1-3)"
43283,12532,"The Sword of Truth Gift Set (Sword of Truth, #1-5)"
18472696,12533,
6300301,12534,The Chronicles of Amber
1279051,12535,The Currents of Space
1932589,12536,Azazel
114154,12537,My Dirty Little Book of Stolen Time
1776045,12538,The Dragons of Babel
1726064,12539,Bone Song (Tristopolis Book 1)
2325901,12540,Thunderer
2895252,12541,Iron Angel
3060428,12542,Too Many Curses
106003,12543,In the Company of Ogres
1270252,12544,Infinity Beach
7106763,12545,
217458,12546,Barking
643390,12547,Darkwerks: The Art of Brom
6676256,12548,Steamed
1651452,12549,Just One Sip
1898384,12550,Shadowbridge
522367,12551,The Iron Dragon's Daughter
1298297,12552,The Wicked Day
13284686,12553,Emily the Strange: Dark Times
42915871,12554,The Strange Case of Dr. Jekyll and Mr. Hyde
1387412,12555,
1387411,12556,Escape on Venus
557424,12557,Casca: The Eternal Mercenary (Casca #1)
454335,12558,"Moreta's Ride: Moreta, Dragonlady of Pern / Nerilka's Story (Pern: Dragonriders of Pern, #4-5)"
467721,12559,Hiero's Journey
1928171,12560,"Charon: A Dragon at the Gate (The Four Lords of the Diamond, #3)"
571236,12561,"Lilith: A Snake in the Grass (The Four Lords of the Diamond, #1)"
3125260,12562,"Medusa: A Tiger by the Tail (The Four Lords of the Diamond, #4)"
571256,12563,"Cerberus: A Wolf in the Fold (The Four Lords of the Diamond, #2)"
409411,12564,The Complete Compleat Enchanter
1171829,12565,Star Man's Son
209995,12566,How Much for Just the Planet?
1877041,12567,
456375,12568,Servants of the Wankh
55625,12569,"Soul of the City (Thieves' World, #8)"
1970565,12570,Angel with the Sword
55569,12571,The Chanur Saga
2044365,12572,"Wings of Omen (Thieves' World, #6)"
2092983,12573,"The Face of Chaos (Thieves' World, #5)"
4816699,12574,A Medicine for Melancholy
74266,12575,The Golden Apples of the Sun
1046266,12576,The October Country
965411,12577,Tanar of Pellucidar
1387397,12578,Carson of Venus
1933249,12579,
1774046,12580,Tarzan and the Ant Men
1665500,12581,Pellucidar
3056443,12582,Llana of Gathol
3056448,12583,A Fighting Man of Mars
1129587,12584,Synthetic Men of Mars
1129602,12585,Swords of Mars
89485,12586,"The Lost Swords: The Second Triad (Lost Swords, #4-6)"
2004032,12587,
89478,12588,"The Second Book of Swords (Books of Swords, #2)"
23367,12589,The Neil Gaiman Audio Collection
2661,12590,InterWorld
2516959,12591,"The Third Book of Lost Swords: Stonecutter's Story (Lost Swords, #3)"
1786829,12592,"The Third Book of Swords (Books of Swords, #3)"
6309704,12593,The Dark Tower Boxed Set (Books 1-4)
2762950,12594,"The First Book of Lost Swords: Woundhealer's Story (Lost Swords, #1)"
1255160,12595,The Second Book of Lost Swords: Sightblinder's Story
833474,12596,"The Last Book of Swords: Shieldbreaker's Story (Lost Swords, #8)"
21822165,12597,Book of Swords (Books 1 to 3)
1149732,12598,"Phaze Doubt (Apprentice Adept, #7)"
1387534,12599,"Unicorn Point (Apprentice Adept, #6)"
18288298,12600,
44540668,12601,
26039264,12602,
50304438,12603,
49861341,12604,
43194195,12605,
44997268,12606,
53497880,12607,
17870744,12608,Touched
19068214,12609,Special Offers
50590891,12610,
49293564,12611,
43409684,12612,Sacrificed
16956001,12613,
46137285,12614,Wilde Card
45928856,12615,One Wilde Night
43906264,12616,
41247940,12617,Cipher
44947144,12618,Sonnet Vale (Paranormal Hunter #1)
21422996,12619,
45663360,12620,
49032844,12621,
27549719,12622,
49759848,12623,
44882112,12624,
23985544,12625,Wild-born
47457622,12626,
25435135,12627,
17785938,12628,
43875156,12629,Elemental Arcane
18020400,12630,
42919425,12631,Chased by Fire
41471014,12632,
42907267,12633,
569274,12634,"King of Hearts (Wonderland, #1)"
21453584,12635,Enchanted Secrets
20411741,12636,Angels of the Knights - Fallon
14711879,12637,
39893515,12638,
26585213,12639,
18983824,12640,
18626233,12641,
26571513,12642,
45224593,12643,
22011089,12644,Schaduw van de tijd
23896278,12645,The Key to Erebus
19253701,12646,
14990237,12647,Empath
16769769,12648,
16929021,12649,Illumine
25733772,12650,"Her Dragon To Slay (Dragon Guards, #1)"
41852847,12651,
22016866,12652,
23928814,12653,
14425665,12654,
18577424,12655,Dark Waters
2958163,12656,Wicked 2: Legacy & Spellbound
10372098,12657,
16587312,12658,
18571198,12659,
14253273,12660,Torn
50650411,12661,Hammers on Bone
45129853,12662,In the Skin of a Monster
15163477,12663,
14377167,12664,Blacque/Bleu
30326391,12665,"The Bobcat's Tale (Blue Moon Junction, #2)"
6246293,12666,"Lux in Shadow (Children of the Goddess, #2)"
11149393,12667,
13246456,12668,
6770290,12669,Kiss and Kin
24884171,12670,
4416767,12671,Regina in the Sun
9510453,12672,
26173502,12673,
4056259,12674,Battered Not Broken
14198276,12675,"Wicked Bad (Wicked^3, #2)"
4507799,12676,"Mating Claire (Sea Island Wolves, #1)"
10282048,12677,"Wicked Sexy (Wicked^3, #1)"
3092358,12678,"Love Me, Still"
15468872,12679,
13434438,12680,"Meeting Destiny (Destiny, #1)"
6514935,12681,"Amber Eyes (Amber Eyes, #2)"
2810,12682,Through Violet Eyes
111876,12683,"Fugitives of Chaos (Chronicles of Chaos, #2)"
24171936,12684,
890044,12685,Artemis Fowl: The Seventh Dwarf
2981392,12686,The Otherworldlies
24892653,12687,
926162,12688,The Dream-Quest of Unknown Kadath
551434,12689,The Lurking Fear and Other Stories
49454915,12690,The H.P. Lovecraft Omnibus 1: At the Mountains of Madness and Other Novels of Terror
121121,12691,Shadows Over Baker Street
3010470,12692,Stormbringer
6179649,12693,"Black and White (The Icarus Project, #1)"
2251965,12694,Steampunk
13588638,12695,Elric: The Stealer of Souls
1503898,12696,Almuric
295293,12697,The Pastel City
179979,12698,The Best of Robert E. Howard: Crimson Shadows (Volume 1)
3288142,12699,Mainspring
751502,12700,Who Censored Roger Rabbit?
909792,12701,"John Carter of Mars, Vol 1: The Princess of Mars/The Gods of Mars"
201589,12702,The Golden Apple
1451758,12703,The Chronicles of Count Brass
571237,12704,"Vengeance of the Dancing Gods (Dancing Gods, #3)"
571218,12705,"Exiles at the Well of Souls (Saga of the Well World, #2)"
2168606,12706,"Quest for the Well of Souls (Saga of the Well World, #3)"
255118,12707,Vampires: The Occult Truth (Llewellyn Truth About Series)
604598,12708,Deathstalker
1876482,12709,The World of Tiers Volume 2
360866,12710,The Gods of Riverworld
1811767,12711,The Magic Labyrinth
2916594,12712,The Dark Design
18220,12713,The Fabulous Riverboat
43234882,12714,Over Your Dead Body
19427020,12715,The Cormorant
40775594,12716,Press Start to Play
6917512,12717,The New Dead: A Zombie Anthology
44352693,12718,
15735994,12719,
43000939,12720,Dangerous Women
936672,12721,The Dying Earth
18346338,12722,21st Century Dead
45459655,12723,Neverwhere: BBC Dramatization
13353568,12724,Zombies: The Recent Dead
24575055,12725,Ex-Purgatory
19290570,12726,
265132,12727,Lords of the Middle Dark
966670,12728,
915295,12729,The Wolfen
1407164,12730,"The River of Dancing Gods (Dancing Gods, #1)"
2824921,12731,"Twilight at the Well of Souls: The Legacy of Nathan Brazil (Saga of the Well World, #5)"
803171,12732,Prostho Plus
43215991,12733,An Author's Odyssey
43215980,12734,
43215987,12735,
19121249,12736,
3014258,12737,The Mystery of the Cupboard
140287,12738,The Borrowers Avenged
42083474,12739,
879718,12740,The Gate to Women's Country
7173260,12741,Dragon Age: The Calling
47826217,12742,
45208022,12743,The Assassins of Altis
42792043,12744,
19180940,12745,"Clockwork Angels (Clockwork Angels, #1)"
3185401,12746,Ilium
3250394,12747,Titus Groan
942616,12748,Everville
1913322,12749,Books of Blood: Volumes 1-3
43126095,12750,The Chimes
48457937,12751,Kingdom of Sleep
42030616,12752,Den of Wolves
43193238,12753,How to Fight a Dragon's Fury
42030607,12754,Tower of Thorns
21582536,12755,How to Seize a Dragon's Jewel
10733224,12756,Factotum
24152385,12757,How to Betray a Dragon's Hero
42386247,12758,The Mermaid's Sister
26041,12759,The Well of Shades
861353,12760,Blade of Fortriu
21752889,12761,
3462747,12762,The Father Christmas Letters
23858947,12763,
323287,12764,Darkhenge
15376611,12765,
19176624,12766,
14669870,12767,The Hidden Coronet
14669884,12768,The Lost Heiress
13512158,12769,The Dark City
17985653,12770,
93587,12771,The Magic City
1937310,12772,The Secret of Platform 13
5992770,12773,Wings: A Fairy Tale
15364019,12774,
1122517,12775,The Prince and the Pilgrim
11184633,12776,Tris and Izzie
1433965,12777,Beyond The Valley Of Thorns
92976,12778,A Gift of Dragons: Illustrated Stories
6733326,12779,Matchless: A Christmas Story
43446228,12780,Nightmares!
602374,12781,The Silver Moon Elm
1386854,12782,"Fatal Charm (The Seer, #5)"
409550,12783,"Sword Play (The Seer, #4)"
638017,12784,"Last Dance (The Seer, #2)"
440765,12785,"Don't Die, Dragonfly (The Seer, #1)"
1362217,12786,Brighid's Quest
6834525,12787,The Last Hunt (Unicorn Chronicles)
2899519,12788,"Sacred Scars (A Resurrection of Magic, Book 2)"
28129200,12789,Curran POV Collection
6974751,12790,
43230493,12791,
21579977,12792,
40772888,12793,
44361797,12794,Bearly Ever
15162518,12795,Finding Forgiveness
17441441,12796,Rising Darkness
13535051,12797,Heart of Darkness
15327056,12798,Bound by Blood
15302064,12799,Bound by Night (Bound #1)
17363482,12800,Assassins in Love
12908333,12801,
3128900,12802,The Dragon in the Sock Drawer: Dragon Keepers #1
14576976,12803,
289600,12804,
147740,12805,Torchwood: Another Life
25048935,12806,"The Awakening (Leopard People, #1)"
1006895,12807,"Yurara, Vol.2"
6594996,12808,"Rasetsu, Volume 2"
12782453,12809,
12782462,12810,
12782457,12811,
12782449,12812,
3856621,12813,Inu Yasha 51
8940597,12814,
3856620,12815,Inu Yasha 50
3856616,12816,Inu Yasha 47
3856619,12817,Inu Yasha 49
3856611,12818,Inu Yasha 46
3856618,12819,Inu Yasha 48
3856604,12820,Inu Yasha 44
3856609,12821,Inu Yasha 45
3856614,12822,Inu Yasha 43
3856599,12823,Inu Yasha 42
2251648,12824,"Inu Yasha, Volume 41"
2251649,12825,"Inu Yasha, Volume 40"
6357264,12826,"Inuyasha, Volume 38: A Heart In the Hand"
2251651,12827,"Inu Yasha, Volume 39"
3217926,12828,"InuYasha, Volume 37"
3043933,12829,"Inuyasha, Volume 36"
3043934,12830,"Inuyasha, Volume 35"
1938569,12831,"InuYasha, Volume 33"
1873613,12832,"InuYasha, Volume 34"
1979141,12833,"InuYasha, Volume 32"
2297825,12834,"InuYasha, Volume 30"
23793,12835,"InuYasha, Volume 24"
1291937,12836,"Inu Yasha, Volume 25"
6584311,12837,The Mammoth Book of Time Travel Romance
55038896,12838,
25514741,12839,
44007035,12840,Day Zero
43528613,12841,The Creeping Shadow
16275671,12842,Geisterritter
34215889,12843,A Curious Tale of the In-Between
2231439,12844,The Book Without Words: A Fable of Medieval Magic
47332722,12845,
1819929,12846,Heartlight
13308833,12847,
2310445,12848,The Enchanted Castle
330495,12849,Kringle
25977440,12850,Poison Dance
15011803,12851,
41901727,12852,
15719446,12853,Peter Nimble and His Fantastic Eyes
23850617,12854,
15701208,12855,
514458,12856,The Wish Giver: Three Tales of Coven Tree
6264654,12857,The Seeing Stone
16536320,12858,The Book of Wonders
25428259,12859,
26232955,12860,
25877747,12861,Flights and Chimes and Mysterious Times
24679204,12862,
21911270,12863,
21534300,12864,
18420539,12865,
25337512,12866,Bite-Sized Magic
21406842,12867,A Dash of Magic
25337566,12868,
2745,12869,The Great Good Thing
354703,12870,The Anybodies
13397788,12871,The 13 Secrets
6982871,12872,13 Curses
6803815,12873,The Sixty-Eight Rooms
5389622,12874,The Dragons of Ordinary Farm
6803671,12875,Knightley Academy
6874450,12876,Inkheart
52957837,12877,The Empty Grave
57997938,12878,
46913191,12879,
26737306,12880,
46914530,12881,
2248029,12882,Gespensterjager auf eisiger Spur
44854748,12883,
44534252,12884,A Nearer Moon
27669927,12885,
44961299,12886,
24502382,12887,Shutter
25142321,12888,
18464395,12889,The Fire Chronicle
16537151,12890,
549918,12891,The Extraordinary Adventures of Alfred Kropp
3918521,12892,The Dust of 100 Dogs
10546366,12893,
3363883,12894,
1217389,12895,Hell Week
3964530,12896,Raven
608031,12897,"Beyond the Pale (Darkwing Chronicles, #1)"
34865,12898,"Must Love Dragons (Immortally Sexy, Book 2)"
218053,12899,"Date Me, Baby, One More Time (Immortally Sexy, Book 1)"
602382,12900,Jennifer Scales and the Ancient Furnace
594072,12901,The Becoming
15027708,12902,
53939120,12903,The Summer Palace
21846907,12904,The Bone Knife
52469565,12905,Green but for a Season
2919091,12906,"The Worst Witch Saves The Day (Worst Witch, Book 5)"
6599678,12907,The Worst Witch All At Sea
1356128,12908,A Bad Spell for the Worst Witch
2919094,12909,The Worst Witch Strikes Again
25978054,12910,
28356003,12911,Bridge of Snow
42243303,12912,
43820652,12913,
24878030,12914,
18364032,12915,Bo Jue toYao Jing  3
18364030,12916,Bo Jue toYao Jing  2
637019,12917,
3981652,12918,Mortal Engines
10270501,12919,
6269945,12920,Redemption Alley (Jill Kismet #3)
3133524,12921,Hunter's Prayer (Jill Kismet #2)
10728111,12922,"Touch of Temptation (Primal Instinct, #6)"
8014956,12923,"Touch of Surrender (Primal Instinct, #5)"
51834733,12924,
2897047,12925,Air Apparent
93480,12926,"Xone of Contention (Xanth, #23)"
506769,12927,Fractal Mode
266091,12928,Lord of the Shadows
224737,12929,"The Serpent Bride (Darkglass Mountain, #1)"
2068054,12930,Myrren's Gift
54029,12931,Eye of the Labyrinth
374095,12932,Warrior: Book Two of the Wolfblade Trilogy (The Hythrun Chronicles)
374116,12933,Lion of Senet
2153316,12934,Warlord: Book Three of the Wolfblade Trilogy (The Hythrun Chronicles)
1486839,12935,Betrayal
2193245,12936,"The Twisted Citadel (DarkGlass Mountain, #2)"
4979588,12937,Royal Exile
3281763,12938,Emissary
6837299,12939,Tyrant's Blood
51449012,12940,
54946140,12941,
48682039,12942,Before She Ignites
41850344,12943,The Marked Girl
41096665,12944,"Bright Smoke, Cold Fire"
41395963,12945,Sword and Verse
41912946,12946,The Tattooed Heart
50513059,12947,
23633874,12948,Shadow
25055679,12949,
17235499,12950,Insomnia
3028943,12951,The Tenth City
3004356,12952,Night Gate
3117282,12953,Stargazer (The Land of Elyon #4)
21428817,12954,Rises the Night
1125437,12955,"The Hunter's Moon (The Chronicles of Faerie, #1)"
2995200,12956,Ennen paivanlaskua ei voi
1561956,12957,The Silver Metal Lover
809362,12958,The Summer King
21428828,12959,When Twilight Burns
21428821,12960,The Bleeding Dusk
21428832,12961,As Shadows Fade
3102828,12962,Legacy
1253794,12963,"The Watcher  (Anna Strong Chronicles, #3)"
1174075,12964,"Blood Drive (Anna Strong Chronicles, #2)"
6440618,12965,"Witch Craft (Nocturne City, #4)"
4546860,12966,Second Skin
2667181,12967,Pure Blood
1224930,12968,Goblin War
7401386,12969,
551450,12970,Catfantastic
5245622,12971,Mortal Coils
53286704,12972,Beren and Luthien
749624,12973,Never After
23640100,12974,
44881910,12975,Stars
42859855,12976,Icicles Like Kindling
41189292,12977,
21972099,12978,Altered
40851109,12979,
15206785,12980,
25470699,12981,
25959757,12982,
25959756,12983,
25959758,12984,
25794770,12985,
25339412,12986,
25339413,12987,
2312276,12988,Havemercy
1423895,12989,The Servants
17829945,12990,Wanderlove
18442007,12991,
17390064,12992,
16267507,12993,
13532001,12994,
13656455,12995,
12582432,12996,
26522317,12997,
426645,12998,"The Soul Weaver (The Bridge of D'arnath, #3)"
426650,12999,"Guardians of the Keep (The Bridge of D'Arnath, #2)"
426651,13000,Song of the Beast
2558993,13001,Restoration
2324717,13002,Revelation
1198836,13003,Transformation
6812309,13004,The Shadow Project
7315201,13005,Chimera
2610357,13006,Fade
19258321,13007,The Oathbreaker's Shadow
14889011,13008,Bleach--burichi-- 48
12905140,13009,Bleach--burichi-- 44
3897218,13010,Bleach--burichi-- 34
1701868,13011,Bleach--burichi-- 27
9504963,13012,The Dark Deeps
6444304,13013,The Hunchback Assignments
1237180,13014,"The Chestnut Soldier (The Magician Trilogy, # 3)"
19079807,13015,
19228647,13016,
15471924,13017,"Darkest at Dawn (Includes: Carpathians, #14 and #15)"
202761,13018,Druid's Sword
17815256,13019,
6805059,13020,Master of None
1856647,13021,Shadow Gate
4086467,13022,Traitors' Gate
347932,13023,"Two By Twilight (2-in-1) (Wings in the Night, #6 & #9)"
3162235,13024,Darkwitch Rising
570534,13025,"Gods' Concubine (The Troy Game, #2)"
328764,13026,Crusader
2527788,13027,"Hades' Daughter (The Troy Game, #1)"
224707,13028,"Pilgrim (Wayfarer Redemption, #2)"
51777682,13029,The Changeling
49898123,13030,New York 2140
40878341,13031,The Witcher: House of Glass
13134276,13032,Metel'
43328882,13033,
1529707,13034,Jaran
134945,13035,The Summer Queen
16451704,13036,The Drowning Girl
905827,13037,The New Weird
3518,13038,The Affirmation
17976650,13039,Sharps
4183036,13040,In the Courts of the Sun
56016392,13041,The Adventures of Charls the Veretian Cloth Merchant
47008505,13042,Even the Darkest Stars
15895073,13043,
15333129,13044,
3459343,13045,Dos velas para el diablo
16763145,13046,Love Struck
78262,13047,Silk
10273507,13048,
13445087,13049,Faery Tales & Nightmares (Wicked Lovely)
2084962,13050,Blood Roses
6432656,13051,Pretty Dead
26977366,13052,
43193759,13053,
24485336,13054,
24978776,13055,The Girl from the Well
21856072,13056,The Silver Dream
26977367,13057,
15255958,13058,Under Wildwood
2423477,13059,Thirsty
21548171,13060,Wildwood Imperium
14556391,13061,The Girl Who Fell Beneath Fairyland and Led the Revels There
23857279,13062,The Girl Who Soared Over Fairyland and Cut the Moon in Two
16827221,13063,The Girl Who Ruled Fairyland -- For a Little While
18920444,13064,
16187295,13065,
49752792,13066,
356058,13067,Knight Life
52609689,13068,
49794918,13069,
22382845,13070,
53437770,13071,
43167599,13072,
1391552,13073,The Safe-Keeper's Secret
20862060,13074,Strength
17575193,13075,
7323002,13076,Heartless
828,13077,Hook
44899230,13078,The Hawkweed Prophecy
29173,13079,Traitor's Knot
29182,13080,Grand Conspiracy
21440583,13081,
29179,13082,Warhost of Vastmark
25336186,13083,
14313566,13084,
42820078,13085,Archivist Wasp
393573,13086,Maia
351232,13087,The Fall of Neskaya
1058887,13088,The Heirs of Hammerfell
1206422,13089,"Traitor's Son (Darkover, #26)"
81625,13090,"The Shadow Matrix (Darkover, #25)"
2741917,13091,"The Forbidden Tower (Darkover, #12)"
2700833,13092,"Sharra's Exile (Darkover, #21)"
2985548,13093,"The Shattered Chain (Darkover, #10)"
2700801,13094,"Thendara House (Darkover, #13)"
2391381,13095,Hawkmistress!
43458105,13096,A Wild Swan and other tales
26036155,13097,Ajax Penumbra: 1969
1344718,13098,Automated Alice
859276,13099,Nights at the Circus
378412,13100,Unshapely Things
43082634,13101,Bai Qian sanJia noayakashiWang Zi  1
14613500,13102,"The Betrayal Knows My Name, vol. 2"
17132305,13103,deyurarara!! 3
16486586,13104,deyurarara!! 2
14119894,13105,Enshadowed
15686441,13106,
6981630,13107,
4008034,13108,"The Crimson Spell, Volume 2"
5137982,13109,"07-Ghost, Volume 2"
41109298,13110,Pandora Hearts 22
27545451,13111,Pandora Hearts 21
25146932,13112,Pandora Hearts 20
22011346,13113,PandoraHearts 19
21603565,13114,Xiao noyona 7
28303846,13115,vuanpaiaQi Shi  19
25001220,13116,vuanpaiaQi Shi  18
22006042,13117,vuanpaiaQi Shi  17
21499768,13118,vuanpaiaQi Shi  16
18141265,13119,
58557,13120,The Haunted Vagina
21603551,13121,Xiao noyona 6
21603543,13122,Xiao noyona 5
13451227,13123,Mo Jie Wang Zi  devils and realist 1
1497658,13124,"Alichino, Volume 01"
24903955,13125,
21979351,13126,The Melancholy of Mechagirl
18183267,13127,The Selkie Spell (Seal Island Trilogy #1)
21522372,13128,
15938174,13129,All That Bleeds
16023528,13130,"Monster High: Where There's a Wolf, There's a Way"
353259,13131,"Elfshadow (Forgotten Realms: The Harpers, #2; Songs & Swords, #1)"
18984910,13132,Nordic Fairies
16974328,13133,Royal Street
7105552,13134,
2437753,13135,Shugo Chara! 4
2437752,13136,Shugo Chara! (Volume 3)
14300281,13137,Monster High: The Ghoul Next Door
10867267,13138,Monster High
15961061,13139,The Gathering Dark
1274482,13140,Arthur et les Minimoys
13535804,13141,She Smells the Dead
8730243,13142,
13421496,13143,Nightshade
349445,13144,Bizenghast #1
16646417,13145,
5123020,13146,Frost
11297893,13147,
13018221,13148,"Absolution (Heavenly, #3)"
2724,13149,Jenna Starborn
1153790,13150,Angel-Seeker
2726,13151,Angelica
1153789,13152,The Alleluia Files
41034658,13153,Losing Me Finding You
24568443,13154,
21811182,13155,
15381238,13156,'Til Death
9604,13157,The Art of Howl's Moving Castle
6711659,13158,The Abused Werewolf Rescue Group
760383,13159,Guide Book To The Great Tree (Guardians Of Ga'hoole)
6754366,13160,Liang Gong haruhinoYou Yu  (Suzumiya Haruhi no Yuutsu)
16117259,13161,NARUTO -naruto- Juan noWu Shi Wu
6231740,13162,Bleach--burichi-- 36
14580007,13163,Bleach--burichi-- 47
11244947,13164,Fairy Tail 15
16588755,13165,NARUTO -naruto- Juan noWu Shi Liu
16656266,13166,Bleach--burichi-- 50
13629767,13167,Fairy Tail 17
13306538,13168,souruita 10
13459547,13169,souruita 12
15740141,13170,Fairy Tail 23
3735339,13171,NARUTO -naruto- Juan noSan Shi Qi
3724771,13172,NARUTO -naruto- Juan noSan Shi Liu
4023980,13173,NARUTO -naruto- Juan noSi Shi Yi
13458689,13174,souruita 11
10094764,13175,souruita 4
2098361,13176,"Wolf's Rain, Volume 1"
27562919,13177,Severed Souls
3112483,13178,"Oathbreaker (Chronicles of Ancient Darkness, #5)"
2220816,13179,"Outcast (Chronicles of Ancient Darkness, #4)"
53428144,13180,Spoonbenders
43457954,13181,
2669540,13182,The Ships of Earth
98023,13183,The Worthing Chronicle
26576862,13184,The Dark Talent
16423029,13185,Orb Sceptre Throne
13301213,13186,The Black
871078,13187,Wise Child
44161355,13188,Silber - Das dritte Buch der Traume
18173952,13189,
20410993,13190,
41320525,13191,Die Seiten der Welt
17935609,13192,Dance of Shadows
19063923,13193,
443963,13194,The Queen in Winter
13417090,13195,Last Rite
15690629,13196,
45775771,13197,
43492207,13198,
42292811,13199,
23859207,13200,
24506270,13201,The Adversary
26755835,13202,
350316,13203,"The Hunter's Blades Collector's Edition (Forgotten Realms: Hunter's Blades, #1-3; Legend of Drizzt, #14-16)"
229838,13204,"The Parched Sea (Forgotten Realms: The Harpers, #1)"
19287745,13205,Dawn of Night
19288140,13206,
19286694,13207,
19288679,13208,
19287158,13209,Midnight's Mask
15186602,13210,"Lord of Souls (The Elder Scrolls, #2)"
13342563,13211,
2220786,13212,Elminster in Hell
2220788,13213,"The Temptation of Elminster (Forgotten Realms: Elminster, #3)"
12926020,13214,Autores Selectos: H.P. Lovecraft (1890-1937)
54123496,13215,
54099459,13216,Murdered Gods
50368953,13217,The Dead
51171097,13218,
51145253,13219,Stolen Magic
44866132,13220,Fated
45517731,13221,Rare Form
47804011,13222,
41873830,13223,
41874782,13224,
26487691,13225,
43894242,13226,
25537538,13227,Blood Rule
19037114,13228,
17844611,13229,
2246277,13230,Hotter Than Hell
19267787,13231,
25873032,13232,
23898092,13233,
41477631,13234,Where There's Smoke
18835738,13235,Dark Wolf Rising
24066387,13236,
25479259,13237,
25121344,13238,
7292204,13239,
1301017,13240,Dragons Wild
24757230,13241,
21515080,13242,
15932248,13243,No Proper Lady
15779624,13244,"Spells & Stitches (Sugar Maple, #4)"
11229598,13245,"Spun by Sorcery (Sugar Maple, #3)"
6375678,13246,"Laced with Magic (Sugar Maple, #2)"
3140829,13247,"Casting Spells (Sugar Maple, #1)"
2527823,13248,Wizard's Hall
1656456,13249,Dragon's Milk (Dragon Chronicles)
1475463,13250,"Hidden Talents (Talents, #1)"
957085,13251,"Erec Rex: The Monsters of Otherness (Erec Rex, Book 2)"
17248289,13252,
6964211,13253,"The Last Stormlord (Watergivers, #1)"
14737993,13254,
45897241,13255,Before the Devil Breaks You
41823454,13256,Julia Vanishes
46106483,13257,
16929374,13258,
45740370,13259,Recreated
44622250,13260,The Strange Case of Dr. Jekyll and Mr. Hyde
15918699,13261,Babylon Steel
45464183,13262,
42713952,13263,
36424192,13264,
26150827,13265,
9218223,13266,The Gates of Creation
9218184,13267,"The Maker Of Universes (World of Tiers, #1)"
18536664,13268,Shadow Show: All-New Stories in Celebration of Ray Bradbury
2742092,13269,Slan
758746,13270,Shatterday
212405,13271,Deathbird Stories
2131592,13272,The Flying Sorcerers
988228,13273,The Magic Goes Away
925829,13274,Tuf Voyaging
924623,13275,Roadmarks
645172,13276,Ruins (The X-Files)
16737506,13277,Born to Darkness
215205,13278,A Midsummer Night's Faery Tale
97029,13279,The Great Encyclopedia Of Faeries
15691950,13280,
3228613,13281,The Horror Stories of Robert E. Howard
624788,13282,The Royal Book of Oz
13714573,13283,
295326,13284,Blue Moon
949438,13285,The Hunted
21108,13286,"Master of the Night (Mageverse, #2)"
5992786,13287,"Once Upon a Curse (The Tales of the Frog Princess, #3)"
18041673,13288,
44682447,13289,Wylding Hall
48661709,13290,
48661721,13291,
24512841,13292,
41316628,13293,
47112406,13294,
46868243,13295,
45915605,13296,
42788632,13297,Dreamland
43910528,13298,The Sparrow Sisters
43702584,13299,The Hidden
43243534,13300,"The Forgotten (Krewe of Hunters, #16)"
42756707,13301,
42461565,13302,
14846392,13303,
39847620,13304,
27110205,13305,
26961079,13306,
41068105,13307,
26372429,13308,
26746379,13309,Her Last Whisper
25697011,13310,Waking the Dead
24037826,13311,Blackout
21538833,13312,
24593703,13313,The Night Is Forever
22001106,13314,The Night Is Watching
23841117,13315,
18104456,13316,Angel's Ink
17832873,13317,
21995750,13318,The Last Kiss Goodbye
21739850,13319,Predatory
17516888,13320,The Vanishers
18878769,13321,"Kiss of Surrender (Deadly Angels, #2)"
18526038,13322,
17885080,13323,The Unseen
18714132,13324,Shane's Last Stand
10840275,13325,
10840274,13326,Ghost Night
16755082,13327,
10840268,13328,Ghost Shadow
17901095,13329,
17348462,13330,
14208188,13331,In Dreams
16351624,13332,
603916,13333,Ghost Walk
3209053,13334,"Night Shadow (T-FLAC, #14)"
9685712,13335,Not Just an Orgy
4632897,13336,"Death's Daugher (Calliope Reaper-Jones, #1)"
14627773,13337,Falke's Peak
2860201,13338,Night Secrets
2730259,13339,"Night Fall (T-FLAC, #12)"
14280561,13340,Other Kingdoms
1505311,13341,"Edge of Darkness (T-FLAC, #10)"
2756959,13342,Edge of Fear
7221237,13343,"Blood Born (Vampire, #1)"
8389069,13344,Midnight Crystal
3151878,13345,Dark Light
328354,13346,Silver Master
601307,13347,Bridal Jitters
321578,13348,After Dark
1337735,13349,Ghost Hunter
30059,13350,After Glow
180721,13351,"Harmony (Harmony, #1) (Harmony, #0.5)"
30060,13352,Orchid
1094487,13353,Zinnia
1094489,13354,Amaryllis
3286030,13355,The Healer
310028,13356,After Silence
441813,13357,A Child Across the Sky
968928,13358,From The Teeth Of Angels
1786235,13359,Outside the Dog Museum
2789348,13360,Sleeping in Flame
968918,13361,Bones of the Moon
495086,13362,The Land of Laughs
2347878,13363,Children of the Vampire (Diaries of the Family Dracul)
1800204,13364,Lord of the Vampires (Diaries of the Family Dracul)
7258689,13365,Paranormal State: My Journey into the Unknown
191998,13366,The Infernal Desire Machines of Doctor Hoffman
21856303,13367,Unnatural Creatures: Stories Selected by Neil Gaiman
6823081,13368,The Red Tree
64640,13369,Stranger Things Happen
13373392,13370,The Shunned House
2064181,13371,Complete Shorter Fiction
41097377,13372,Coral & Bone
42907762,13373,Shades of Doon
6776435,13374,
17944957,13375,Infinite Blade: Awakening
154201,13376,The Book of Atrus
705991,13377,Dune: House Corrino
50648581,13378,
25790139,13379,
21574769,13380,3:59
946090,13381,Skammerens datter
284730,13382,Wolf Wing
6541230,13383,
2308905,13384,The Land of the Silver Apples
1856903,13385,Keeper of Dreams
2085468,13386,Hart's Hope
1693774,13387,The Year of Our War
6247472,13388,The silver mage
2320002,13389,The Shadow Isle
1179403,13390,
2186139,13391,The Gold Falcon
545828,13392,The Fire Dragon
1778865,13393,The Black Raven
219059,13394,A Time of Omens
2135974,13395,"The Dragon Revenant (Deverry, Book 4)"
78273,13396,Riddle-Master
109986,13397,Once Upon A Castle
154835,13398,Tempting the Highlander
478447,13399,"After Twilight (Includes Carpathians, #7)"
45727466,13400,Outlander Part 1 of 2
2712472,13401,"Real Vampires Get Lucky (Glory St. Clair, Book 3)"
2073233,13402,The Skystone
814021,13403,The Singing Sword
16450402,13404,
26122112,13405,Ghost House
19077197,13406,
18983943,13407,Fang Girl
25402680,13408,
24246098,13409,"You Are Mine (Mine, #1)"
18920368,13410,The Wrap-Up List
23690803,13411,
16292296,13412,
14183681,13413,
14763751,13414,Infinity
2982422,13415,Under the Blood Red Moon
259993,13416,"Storm Watcher (Watcher, #2)"
41339836,13417,
45724291,13418,
675181,13419,Krabat
13134625,13420,After the End
18971756,13421,
18437852,13422,
3340389,13423,Demigods and Monsters: Your Favorite Authors on Rick Riordan's Percy Jackson and the Olympians Series
3232549,13424,Haunted Heartland
18172320,13425,
370008,13426,The Entity
17116113,13427,City of the Falling Sky
4992623,13428,The Riddler's Gift: First Tale of the Lifesong
6122437,13429,Pandora / Vittorio the Vampire (New Tales of the Vampires)
43202,13430,The Vampire Companion
17022293,13431,
19126185,13432,Frost
21552456,13433,The Mind Games
18941410,13434,
19100290,13435,
17433114,13436,
2694635,13437,Wicked Game
12925751,13438,
14529711,13439,Chicks Kick Butt
11009202,13440,The Mammoth Book of Paranormal Romance 2
478428,13441,"A Very Gothic Christmas (Includes: Christmas, #1)"
478364,13442,A Christine Feehan Holiday Treasury (Includes: Christmas Series Trilogy)
18004186,13443,
14752133,13444,Ironskin
1090887,13445,Touch of the Wolf
2589565,13446,"The Devil You Know (Morgan Kingsley, Book 2)"
6246372,13447,Green
1090891,13448,Prince of Wolves
3440598,13449,"Red (Dead World Series, Book 1)"
37522,13450,"New Moon (Moon, #7)"
15131,13451,Shadow of the Moon
430521,13452,Crimson Moon
619922,13453,"Witching Moon (Moon, #3)"
381225,13454,"Edge Of The Moon (Moon, #2)"
42270645,13455,Neverseen
26232953,13456,
14159281,13457,
15459675,13458,Darker Still
19104007,13459,Infatuate
44762775,13460,
51852445,13461,
26174368,13462,Assail
50079918,13463,
1268308,13464,"Sanctuary (Thieves' World, 2nd Series, #1)"
42376295,13465,The Eleventh Metal
19154377,13466,Blood and Bone
47803206,13467,
539598,13468,"Stealers' Sky (Thieves' World, #12)"
43560263,13469,
3253859,13470,The Sleeping Sorceress
539601,13471,"Uneasy Alliances (Thieves' World, #11)"
644707,13472,Queen of the Swords
40878900,13473,
1892118,13474,Vampire World I: Blood Brothers
2446565,13475,The Revenge of the Rose
25257725,13476,Doctor Who: Summer Falls and Other Stories
24661595,13477,Sparrow Hill Road
3103475,13478,Aftermath
1432887,13479,The End of All Songs
1422138,13480,The Hollow Lands
831933,13481,Shadowspawn
13376221,13482,Prince of Wolves
3103477,13483,"Blood Ties (Thieves' World, #9)"
7307645,13484,The Order of the Stick: Don't Split the Party
3845844,13485,The Order of the Stick: War and XPs
495713,13486,The Order of the Stick: No Cure for the Paladin Blues
495714,13487,The Order of the Stick: Dungeon Crawlin' Fools
495712,13488,The Order of the Stick: On The Origin Of PCs
1542460,13489,The Order of the Stick: Start of Darkness
2444575,13490,AEgypt
14235034,13491,Of Blood and Honey
14832539,13492,
1606433,13493,"The Savage Sword of Conan, Volume 1"
835338,13494,"The Cornelius Chronicles (The Chronicles of Jerry Cornelius, Volumes 1 - 4)"
13318865,13495,
927014,13496,"Gloriana, or The Unfulfill'd Queen"
787207,13497,The Land Leviathan: A New Scientific Romance
6661591,13498,Suicide Kings
580513,13499,"The City, Not Long After"
74046,13500,Ariel: A Book of the Change
40580,13501,"Soldier of Sidon (Latro, #3)"
1408393,13502,Soldier of the Mist
58579,13503,Peace
613556,13504,Return to the Whorl
263303,13505,In Green's Jungles
58580,13506,On Blue's Waters
2904888,13507,An Evil Guest
586570,13508,The War Hound and the World's Pain
2926573,13509,The Dreamthief's Daughter: A Tale of the Albino
743397,13510,The Dragon in the Sword (Dragon in the Sword)
1825827,13511,Phoenix in Obsidian
1446207,13512,The Quest for Tanelorn (Chronicles of Castle Brass / Michael Moorcock)
2222173,13513,The Champion of Garathorm
1807529,13514,The Runestaff
1103346,13515,Sword of the Dawn
496028,13516,The Mad God's Amulet
1254021,13517,The Sword and the Stallion
1479739,13518,The Oak and the Ram
1743970,13519,The Bull and the Spear
1892637,13520,The King Of The Swords
388821,13521,The Knight of the Swords
1825866,13522,The Bane of the Black Sword
970397,13523,The Weird of the White Wolf
2634354,13524,Nightside The Long Sun
178614,13525,The Citadel of the Autarch
2252979,13526,"Beyond Sanctuary (Beyond Series, #1)"
40219933,13527,Mating Brand
24662047,13528,The Alpha Meets The Rogue
255108,13529,The Vampire's Kiss
16170687,13530,
15016235,13531,
14815971,13532,
19073634,13533,Edge of Passion
15254826,13534,
10682236,13535,The Book of Spells
16333518,13536,"Marked (City of the Damned, #1)"
21509430,13537,
18264664,13538,
141271,13539,"Haunted by Desire (Charmed, #6)"
15724391,13540,
15660724,13541,
15441969,13542,Hushed
15351642,13543,
15252416,13544,Claimed
15316550,13545,
113302,13546,Two Plays for Voices
1205854,13547,The Forever King
2994137,13548,Westmark
964542,13549,Space Trilogy
1077671,13550,Ill Met in Lankhmar
1852188,13551,Lost Boys
883851,13552,Billibub Baddings and the Case of the Singing Sword
2881144,13553,Playing for Keeps
2282661,13554,Heaven
17623317,13555,"Gold, Babies and the Brothers Muldoon"
19099751,13556,Kingdom of the Wicked
21938041,13557,The Maleficent Seven: From the World of Skulduggery Pleasant
23849119,13558,
40158081,13559,
13097421,13560,
21946208,13561,Last Stand of Dead Men
15588976,13562,Bloodspell
18468534,13563,Hidden
19095327,13564,
15248979,13565,
23681623,13566,
1639098,13567,White Tiger
13344802,13568,666 Park Avenue New
56563,13569,The Sight
17440512,13570,The Lost Art of World Domination
18037562,13571,
15121049,13572,Death Bringer
12908561,13573,Mortal Coil
8329667,13574,Dark Days
4958838,13575,The Faceless Ones
909084,13576,Playing with Fire
19019363,13577,I Am Number Four: The Lost Files: Nine's Legacy
2801152,13578,Monster Island
49446707,13579,The Colour Out of Space
15967649,13580,Cool Air
6735405,13581,Facts Concerning the Late Arthur Jermyn and his Family
6680902,13582,The Statement of Randolph Carter
15044703,13583,The Tiny Wife
4103652,13584,The Swan Maiden
2419739,13585,The Alchemy of Stone
18525442,13586,1Q84 Book 1 [Ichi-kyu-hachi-yon]
2498876,13587,The Dark Volume
23908952,13588,
5216497,13589,Breathers: A Zombie's Lament
211737,13590,The Free Lunch
42787069,13591,The Brightest Fell
52057413,13592,
21587708,13593,
44414244,13594,Ghost Summer: Stories
42870137,13595,
28349202,13596,
223686,13597,Through The Ice
6398950,13598,The Steerswoman
40357908,13599,Black Wolves
43203048,13600,The House of Shattered Wings
26174426,13601,
19178702,13602,The Tainted City
19190783,13603,At the Mouth of the River of Bees: Stories
735965,13604,One for Sorrow
3296295,13605,Mothstorm
1065641,13606,Predator's Gold
534712,13607,In the Cities of Coin and Spice
2360366,13608,Dust
1912591,13609,Starcross: An Intergalactic Adventure of Spies and Time Travel
1139516,13610,The Stolen Child
2323457,13611,Circle Trilogy 3 in 1
703918,13612,The Lair of the White Worm
460442,13613,A Walk in Wolf Wood
45914219,13614,
55506810,13615,Sufficiently Advanced Magic
42713969,13616,
41114872,13617,
53060290,13618,
50807898,13619,Tyrant's Throne
47460126,13620,Wrath
43507223,13621,Spellslinger
46118379,13622,The Malice
45775982,13623,Dead Man's Steel
50329696,13624,
60182,13625,"Miles, Mutants and Microbes"
23987743,13626,Veil of the Deserters
39917267,13627,The Thief Who Pulled on Trouble's Braids
49585955,13628,
45252453,13629,Dancer's Lament
44534169,13630,The Paper Menagerie and Other Stories
48254703,13631,Road Brothers
45363361,13632,The Last Witness
45068676,13633,Children of Earth and Sky
43527076,13634,
43193391,13635,
2274802,13636,The Somnambulist
44307749,13637,
28099421,13638,"The Buried Life (Recoletta, #1)"
43013247,13639,
25384382,13640,
929493,13641,The Etched City
422657,13642,Tooth and Claw
353753,13643,Pattern
416086,13644,Shadow
26174306,13645,Cyador's Heirs
915099,13646,Freedom and Necessity
18128401,13647,Bronze Gods
21497650,13648,
18483991,13649,Scourge of the Betrayer
1329550,13650,The Second Empire
3271555,13651,The Iron Wars
1269884,13652,The Heretic Kings
6856408,13653,Arms-Commander
55592,13654,"Hammerfall (The Gene Wars, #1)"
14351882,13655,Den of Thieves
13045676,13656,"The Half-Made World (The Half-Made World, #1)"
19158242,13657,Rapture
6234174,13658,Ghosts of Manhattan
1796997,13659,Miles in Love
879721,13660,A Plague of Angels
3642573,13661,The Company
1023898,13662,"Orcs (Orcs: First Blood, #1-3)"
416090,13663,"The Belly of the Bow. The Fencer Trilogy, Volume Two"
1661034,13664,"Colours in the Steel. The Fencer Trilogy, Volume One"
13089070,13665,The Hammer
221764,13666,The Second Chronicles of Thomas Covenant
29047,13667,"King's Sacrifice (Star of the Guardians, #3)"
29052,13668,"King's Test (Star of the Guardians, #2)"
338931,13669,"The Prophet of Akhran (Rose of the Prophet, #3)"
1018473,13670,"The Will of the Wanderer (Rose of the Prophet, #1)"
2075589,13671,Heroes: Saving Charlie
1270160,13672,"Diamond Mask (Galactic Milieu Trilogy, #2)"
6602402,13673,Intervention
1004657,13674,"The Adversary (Saga of the Pliocene Exile, #4)"
40910,13675,The Nonborn King
1270171,13676,The Golden Torc
128563,13677,"Sethra Lavode (Khaavren Romances, #3: The Viscount of Adrilankha, #3)"
1381450,13678,
1380633,13679,"The Paths of the Dead (Khaavren Romances, #3: The Viscount of Adrilankha, #1)"
407944,13680,Daughter of Regals and Other Tales
123899,13681,Only Forward
98622,13682,The First Book of Lankhmar
6058414,13683,The Rise of the Iron Moon
6915345,13684,Triumff: Her Majesty's Hero
743153,13685,The Dying Earth / The Eyes of the Overworld / Cugel's Saga / Rhialto the Marvellous
122058,13686,Lord of the Silent Kingdom
316060,13687,The Tyranny of the Night
3064057,13688,Old Tin Sorrows
390310,13689,Soldiers Live
604574,13690,Water Sleeps
6035603,13691,Nights of Villjamur
406888,13692,GRRM: A RRetrospective
2854236,13693,GRRM: A RRetrospective
1336666,13694,Sailing to Sarantium
2903660,13695,Lord of Emperors
45633097,13696,
43974133,13697,
43221852,13698,
7404407,13699,
6503545,13700,The Better Part of Darkness
46516829,13701,
48006456,13702,Zombie's Bite
6208654,13703,Wyvern
12958102,13704,
26331984,13705,The Last Hour of Gann
1192663,13706,Celestial Passions: Brianna
19192934,13707,
1028710,13708,Un senor muy viejo con unas alas enormes
25492234,13709,
26859068,13710,"Two's a Couple, Three's the Law"
1129547,13711,The Vintner's Luck
25046657,13712,
25095518,13713,Unwrapped Sky
24962500,13714,Scent of Salvation
17355393,13715,Hunted
24490104,13716,Arrow of the Mist
14285490,13717,
24162407,13718,
2975438,13719,"The Paladin of the Night (Rose of the Prophet, #2)"
19075638,13720,Peacemaker
18970835,13721,
25435937,13722,Close to You
24881734,13723,
19020414,13724,Home
14346008,13725,Broomstick Breakdown
2947682,13726,Undine
23756338,13727,Fire & Frost
7221201,13728,Dane
21410367,13729,Darkest Powers Bonus Pack 2
18295074,13730,Desire the Night
16119392,13731,Wild & Steamy
6640382,13732,"Shadowfae (Shadowfae Chronicles, #1)"
306544,13733,Bored of the Rings
16267648,13734,
17644383,13735,
16320155,13736,Daughter of the Centaurs
15712223,13737,Stealing Coal
1814449,13738,Driven
12051561,13739,Fury of the Phoenix
13498667,13740,
10868166,13741,Fearscape
4030686,13742,The Foretelling
3005175,13743,"Belle: A Retelling of ""Beauty and the Beast"" (Once Upon a Time)"
11142617,13744,
6488472,13745,Soulstice
335549,13746,Poison
1247755,13747,"The Dream-Maker's Magic (Safe-Keepers, #3)"
6068214,13748,Dull Boy
482759,13749,The Lion's Woman
818615,13750,Shadow of the Dragon: Dragon's Kiss (Book 1)
3220896,13751,Dark Elves I: Taken
2980845,13752,Lyon
22000642,13753,
21975814,13754,Come Alive
55410918,13755,The Magazine of Fantasy & Science Fiction
66346,13756,Pani Jeziora
44460269,13757,Wake of Vultures
66349,13758,Wieza Jaskolki
43082730,13759,
1387917,13760,La Horde du contrevent
42439373,13761,A Crown for Cold Silver
2369020,13762,The Peoples of Middle-earth
1662342,13763,Die Zwerge
3950216,13764,Les Lames du Cardinal
2964303,13765,The Lost Road and Other Writings
19218973,13766,Novyi Dozor
955522,13767,The Worm Ouroboros
21870230,13768,The Fall of Arthur
307688,13769,Bring Me the Head of Prince Charming
18202648,13770,Forge of Darkness
17131992,13771,V'iuga tenei
3167615,13772,All the Windwracked Stars
484158,13773,The Drawing of the Dark
18557150,13774,
82862,13775,Tales of Neveryon
6473924,13776,Half World
14310980,13777,Dzhanga s teniami
5104266,13778,The Adamantine Palace
135569,13779,A Cruel Wind: A Chronicle Of The Dread Empire
13428140,13780,
2548393,13781,Creatures of Light and Darkness
8135269,13782,Farlander
1115217,13783,"Geomancer (The Well of Echoes, #1)"
1409205,13784,The Secret History of Moscow
7268992,13785,Kradushchiisia v teni
6772613,13786,
6649961,13787,The Light of Burning Shadows
11229518,13788,Mogworld
13283821,13789,Hawkwood and the Kings
3080212,13790,Dragon Weather
6861266,13791,The Many Deaths of the Black Company
6838620,13792,The Return of the Black Company
50669011,13793,
439336,13794,Bridge of Souls
81982,13795,Blood and Memory
47373,13796,"The Myth Hunters (The Veil, #1)"
818834,13797,"Gotrek & Felix: The First Omnibus (Warhammer) (Gotrek & Felix, #1-3)"
45873028,13798,Das goldene Garn
21407299,13799,
2498824,13800,"Here, There Be Dragons (The Chronicles of the Imaginarium Geographica, #1)"
20408110,13801,"Arkadien fallt (Arkadien, #3)"
6811741,13802,"Arkadien erwacht (Arkadien, #1)"
9867709,13803,Splitterherz
20391559,13804,"Arkadien brennt (Arkadien, #2)"
6253366,13805,Faunblut
45110085,13806,The Graces
16498551,13807,Shadowlark
15378428,13808,
42476476,13809,The Secret Fire
23858942,13810,A Study in Silks
43323922,13811,Raging Sea
14832636,13812,Nightshifted
14692951,13813,Misfit
42864145,13814,The Potion Diaries
18878425,13815,Ink
32729438,13816,
44427737,13817,Howl at the Moon
19068295,13818,
18608777,13819,
24068971,13820,
15068916,13821,Demons and Other Inconveniences
54145455,13822,
52708667,13823,
45810072,13824,
15859687,13825,
49446882,13826,
47306624,13827,
55490454,13828,
44393131,13829,Abomination
19058698,13830,
47813208,13831,
379136,13832,"Baltimore, or, The Steadfast Tin Soldier and the Vampire"
2341067,13833,Hell
14532264,13834,Dreamland
13348362,13835,Shimmer
14095447,13836,Devil's Punch
6913777,13837,"Shady Lady (Corine Solomon, #3)"
6818593,13838,Hell Fire
3630402,13839,Blue Diablo
13436098,13840,Nocturne
21541326,13841,Werewolf in Alaska
19106969,13842,
17361876,13843,
6755766,13844,"Mr. Darcy, Vampyre"
2134976,13845,Past Redemption
181990,13846,"My Immortal (Seven Deadly Sins, #1)"
609809,13847,"In the Blood (Darkwing Chronicles, #4)"
653201,13848,"Beneath the Skin (Darkwing Chronicles, #3)"
81260,13849,Naughty or Nice?
597240,13850,"Drop Dead, Gorgeous! (Gorgeous, #2)"
7145291,13851,
19262579,13852,
42855661,13853,
14646524,13854,Dark Taste of Rapture
43123828,13855,
1964586,13856,Savor Me Slowly
208735,13857,Dead Man's Song (Book 2)
1233002,13858,Heart Choice
503078,13859,Heart Duel
390835,13860,"Harpy's Flight (Windsingers, #1)"
281793,13861,The Reindeer People
14212906,13862,Twisted
24172275,13863,
804919,13864,Heart Thief
2611807,13865,Dying of the Light
531529,13866,A Brother's Price
19133026,13867,
2397783,13868,The Hawk Eternal
2526467,13869,Last Sword of Power
2397785,13870,Ironhand's Daughter
1425840,13871,Dark Prince
513894,13872,Bloodstone
1265698,13873,
406790,13874,Ghost King
1907094,13875,Dark Moon
2989750,13876,Knights of Dark Renown
513893,13877,Wolf in Shadow
1251298,13878,Morningstar
1840118,13879,Stormrider
555169,13880,Winter Warriors
2960849,13881,Hero in the Shadows
555170,13882,Ravenheart
1850586,13883,Midnight Falcon
1376683,13884,The Legend of Deathwalker
1805412,13885,Quest for Lost Heroes
856177,13886,Waylander II: In the Realm of the Wolf
1016655,13887,Troy: Fall of Kings
20574,13888,The Swords of Night and Day
1270028,13889,Troy: Shield of Thunder
2337952,13890,The First Chronicles of Druss the Legend
1251299,13891,White Wolf
1433635,13892,Sword in the Storm
1166181,13893,Sorcerer's Legacy
1877476,13894,"Shadowfane (The Cycle of Fire, #3)"
350388,13895,The Master of White Storm
94424,13896,General Winston's Daughter
1153787,13897,"The Truth-Teller's Tale (Safe-Keepers, #2)"
3884828,13898,The Laurentine Spy
5333173,13899,Treason's Shore
2622071,13900,"Wren's War (Wren, Book 3)"
215802,13901,"Wren's Quest (Wren, Book 2)"
2231983,13902,King's Shield
187397,13903,"Wren to the Rescue (Wren, #1)"
215797,13904,The Fox
16820,13905,The Grand Design
1368875,13906,The Jackal of Nar
224839,13907,"The Lady of the Sorrows: The Bitterbynde Book II (The Bitterbynde, Book 2)"
2183157,13908,Heart of Gold
2300162,13909,Wizard of the Pigeons
717999,13910,The Vision
749595,13911,Into the Woods
6763122,13912,Unhallowed Ground
944150,13913,The Seance
3901380,13914,"Deadly Gift (Flynn Brothers, #3)"
3686391,13915,"Deadly Harvest (Flynn Brothers, #2)"
2957586,13916,The Presence
3394353,13917,Rip Van Winkle
23845627,13918,
53293963,13919,
3274768,13920,"Theodosia and the Staff of Osiris (Theodosia Throckmorton, #2)"
15371415,13921,
2158029,13922,The House of Power
4657854,13923,The Witch's Guide to Cooking with Children
10526128,13924,Trickster's Girl
19082095,13925,
17890804,13926,Fairest of All
164046,13927,The Enchanted Forest Chronicles: Dealing with Dragons / Searching for Dragons / Calling on Dragons / Talking to Dragons
13629690,13928,
6963058,13929,
16686500,13930,
2143025,13931,"Theodosia and the Serpents of Chaos (Theodosia Throckmorton, #1)"
15386726,13932,The Apothecary
1073972,13933,Kamichama Karin
240197,13934,purinsesu*aiWu Yu  2
9264,13935,"The Coming Storm (Pirates of the Caribbean: Jack Sparrow, #1)"
6434123,13936,rozariotobanpaia 9
7282559,13937,rozariotobanpaia 10
2840221,13938,rozariotobanpaia 8
6419776,13939,rozariotobanpaia 7
4590998,13940,rozariotobanpaia 6
4590997,13941,rozariotobanpaia 5
52699659,13942,
54152520,13943,
50095984,13944,
45811220,13945,
19128547,13946,The Curse - Vanoras Fluch
45361667,13947,The Void of Muirwood
215291,13948,Grey Griffins #1: The Revenge Of The Shadow King (Grey Griffins #1)
21491967,13949,
25467174,13950,
44930491,13951,"A Faerie's Secret (Creepy Hollow, #4)"
19931066,13952,Rogue
24950614,13953,
10546047,13954,Eternal: Love Stories With Bite
6937324,13955,
15570344,13956,
6848739,13957,Percy Jackson: The Ultimate Guide
21706250,13958,
24746543,13959,Dragon Age: The Masked Empire
11143247,13960,The Zombie Autopsies
17178163,13961,In Dreams
13837308,13962,The Vampire Diaries: The Hunters: Destiny Rising
523951,13963,
42803230,13964,
49296911,13965,The Midnight Sea
44508961,13966,Arcadia
46003777,13967,The Summer Dragon
45781381,13968,The Edge of Worlds
19268638,13969,The Siren Depths
16789468,13970,The Serpent Sea
1530649,13971,Wheel of the Infinite
3024829,13972,City of Bones
1127505,13973,Breath and Bone
426653,13974,Flesh and Spirit
26344127,13975,
7289026,13976,The Kinshield Legacy
170348,13977,"Dragonshadow (Winterlands, Book 2)"
16263651,13978,
17916213,13979,Scriber
21739789,13980,The City
21368011,13981,"Whill of Agora (Whill of Agora, #1)"
21983767,13982,
24074883,13983,Riddle in Stone: Book 1 of The Riddle in Stone Series
16645272,13984,
6886047,13985,"The Dark Griffin (The Fallen Moon, #1)"
13346038,13986,River of Shadows
13378982,13987,Spellbound
2221897,13988,Nussknacker und Mausekonig
2196462,13989,The Reluctant Dragon
25272005,13990,Shards of Time
5192748,13991,The Vampire Chronicles
10281620,13992,Cold Kiss
16270334,13993,Tankborn
6423549,13994,Of Bees and Mist
13291361,13995,Teeth
15093599,13996,When the Sea is Rising Red
9621635,13997,Dead Rules
6227364,13998,Vamped
13581215,13999,
14011210,14000,Beyond the Grave
14067744,14001,
13492118,14002,One Hundred Candles
10537554,14003,
9694849,14004,
10826723,14005,Slice of Cherry
13291317,14006,
15633232,14007,Frost
2513618,14008,"Sucks to Be Me: The All-True Confessions of Mina Hamilton, Teen Vampire (maybe)"
15459627,14009,Shine
1731948,14010,"Qadehar le Sorcier (Le Livre des Etoiles, #1)"
698993,14011,The Final Storm (The Door Within Trilogy #3)
536323,14012,The Rise of the Wyrm Lord (The Door Within Trilogy #2)
890342,14013,The Door Within
3619513,14014,"Wings of Wrath (The Magister Trilogy, #2)"
18258112,14015,
55290589,14016,
6668742,14017,Out of Position
17374270,14018,Blood Howl
54266833,14019,
40168802,14020,
41798229,14021,
21733962,14022,
51577766,14023,Fallow
18044485,14024,"Wolf's-own, Book One: Ghost"
16507131,14025,
18448707,14026,
24882294,14027,
21570399,14028,
19130723,14029,
16379114,14030,
15917853,14031,
48721885,14032,
18672681,14033,
47779339,14034,
26744110,14035,
13281507,14036,
5994694,14037,"True of Heart (The Draegan Lords, #1)"
45800532,14038,Charmed and Dangerous: Ten Tales of Gay Paranormal Romance and Urban Fantasy
43236290,14039,
6574111,14040,Allergies
45337340,14041,Forging the Future
18305354,14042,
4876414,14043,Dark Heart
13203305,14044,Litha's Constant Whim
44622945,14045,
40847015,14046,Axel's Pup
14420564,14047,Hallowed Bond
7167533,14048,Sacred Fate
25217344,14049,Black Dog Blues
44551141,14050,Hoarfrost
25320532,14051,
19042410,14052,
14605100,14053,Unspeakable Words
25027637,14054,
26163251,14055,Seven
12545977,14056,With Abandon
15346731,14057,William's House
25880489,14058,Spook Squad
2951473,14059,Fireflies
26878360,14060,"Old Loyalty, New Love"
42445593,14061,
41774234,14062,
27531988,14063,
25760630,14064,
25259163,14065,
18779843,14066,
15202098,14067,The Nourisher
15762064,14068,
444742,14069,Out There in the Night
13696837,14070,
14577000,14071,GhosTV
24257389,14072,
25419477,14073,
40861839,14074,Necropolis
3253571,14075,"A Tapestry of Lions (Chronicles of the Cheysuli, Book 8)"
1702040,14076,"Flight of the Raven (Chronicles of the Cheysuli, Book 7)"
1143673,14077,Track of the White Wolf
501232,14078,"Legacy of the Sword (Chronicles of the Cheysuli, Book 3)"
18818259,14079,
14805303,14080,A Thread of Deepest Black
13863634,14081,Acquainted with the Night
25643752,14082,
6178469,14083,Camp Hell
15269668,14084,
16727965,14085,Inheritance
3480789,14086,With Caution
5327744,14087,Secrets
2397353,14088,Body and Soul
5327742,14089,Criss Cross
19159420,14090,Good Bones
26427883,14091,Stormhaven
19205965,14092,Infected: Shift
21771954,14093,Infected: Lesser Evils
18148048,14094,Infected: Freefall
16176907,14095,Infected: Life After Death
14537115,14096,Infected: Bloodlines
24965721,14097,Threshold
13252424,14098,Prey
13024937,14099,Duck!
17053509,14100,"I, Omega"
17915292,14101,
17883026,14102,Unacceptable Risk
13142908,14103,
17302276,14104,A Chip in His Shoulder
18632807,14105,
7904668,14106,
6811618,14107,Bloodraven
17038023,14108,
6885960,14109,Gaven
13764821,14110,The Bonding
7335942,14111,Enraptured
21461431,14112,Wake Me Up Inside
3581093,14113,Soul Bonds (Common Powers #1)
18325291,14114,
6909500,14115,Remastering Jerna
17012631,14116,Alpha's Prerogative
683139,14117,Without Reservations
21944527,14118,Crucible of Fate
16304080,14119,
17485620,14120,
18228029,14121,
18577161,14122,
18969540,14123,
19152477,14124,
19814336,14125,
19013763,14126,
19231502,14127,
5301122,14128,Soul Mates: Secrets (Soul Mates Book 4)
1940866,14129,Soul Mates: Sacrifice (Book 3)
667299,14130,Soul Mates: Deceptions (Book 2)
946644,14131,Soul Mates: Bound by Blood
18468657,14132,The Dragonswarm (Dragonprince Trilogy #2)
16388438,14133,"Shattered Secrets (In the Shadow of the Wolf, #1)"
17635717,14134,Unthinkable
52214,14135,Emperor and Clown
1310963,14136,Faery Lands Forlorn
56218,14137,Perilous Seas
56202,14138,The Coming of Wisdom
52213,14139,The Destiny of the Sword
1310959,14140,Magic Casement
16028,14141,"Path of Blood (Path, #3)"
16024,14142,"Path of Honor (Path, #2)"
13397503,14143,
1372549,14144,The Shadow Sorceress
208267,14145,Darksong Rising
353972,14146,The Soprano Sorceress
14251777,14147,
20233,14148,"The Malloreon, Vol. 1: Guardians of the West, King of the Murgos, Demon Lord of Karanda (The Malloreon, #1-3)"
38145,14149,Shi -ZE 1
353979,14150,The Spellsong War
355551,14151,The Adept
1466323,14152,"A Pride of Princes (Chronicles of the Cheysuli, #5)"
1466333,14153,Daughter of the Lion
54118770,14154,
56431430,14155,Raised in Fire
45807915,14156,"Dark Stranger Immortal (The Children of the Gods, #3)"
45751577,14157,"Dark Stranger Revealed (The Children of the Gods, #2)"
45696894,14158,Dark Stranger the Dream
50833042,14159,Shifter's Sacrifice (One True Mate #1)
48683310,14160,
54285239,14161,
52197497,14162,
41642845,14163,
23634830,14164,
19167282,14165,Provoked
19253029,14166,
21856116,14167,A Kiss of Blood
18061985,14168,A Blood Seduction
49039156,14169,
24949966,14170,Wulfe Untamed
48122379,14171,
6282163,14172,"Zack and Ace (Circe's Recruits, #2)"
48686368,14173,
48575332,14174,
48192347,14175,
47270818,14176,
48013459,14177,
47752029,14178,
47324581,14179,
44416488,14180,
26038901,14181,
7210784,14182,
25701769,14183,
45633766,14184,
45578665,14185,
23692947,14186,
25130931,14187,
44515394,14188,
44160054,14189,
43719535,14190,
42574519,14191,
42472489,14192,
42418139,14193,"Return To The Bear (Bear Valley Shifters, #3)"
42342351,14194,"Devoted To The Bear (Bear Valley Shifters, #2)"
42109443,14195,
44082822,14196,
43229956,14197,
43010945,14198,
42910641,14199,
42794154,14200,
7325362,14201,"Tempting the Fire (ACRO, #5)"
41328667,14202,
15555419,14203,Were Love Found Her
13719818,14204,Were She Belongs
6449039,14205,"Very Much Alive (True Destiny, #1)"
1125440,14206,The Light-Bearer's Daughter (The Chronicles of Faerie: Book Three)
937379,14207,Declare
955499,14208,The Night Land
39963947,14209,The New Annotated H.P. Lovecraft
589090,14210,Expiration Date
937394,14211,Dinner at Deviant's Palace
937457,14212,The Stress of Her Regard
2438936,14213,Earthquake Weather
16152817,14214,The White People and Other Weird Stories
146900,14215,The Complete Chronicles of Conan: Centenary Edition
1559991,14216,Three Hearts and Three Lions
124319,14217,The Knight and Knave of Swords
18147288,14218,
827083,14219,Red Branch
58518,14220,Elric: Song of the Black Sword
26110702,14221,
388790,14222,The Book of Corum
98626,14223,The Elric Saga Part II The Vanishing Tower; The Bane of the Black Sword; Stormbringer.
927025,14224,The Dancers at the End of Time
2083711,14225,The Collected Ghost Stories
461235,14226,The Vampyre
18234367,14227,
78266,14228,Murder of Angels
2367365,14229,The Grin of the Dark
44482649,14230,
13623931,14231,Elric of Melnibone
970447,14232,A Nomad of the Time Streams: A Scientific Romance (Eternal Champion)
44842214,14233,"Elric: The Stealer of Souls (Eternal Champion, #11)"
743309,14234,"Von Bek (Eternal Champion Series, Vol. 2)"
970495,14235,The Swords of Corum
58524,14236,The Mad God's Amulet
970484,14237,The Eternal Champion
1432895,14238,Elric at the End of Time
26022162,14239,The Weird Shadow Over Innsmouth & Other Stories of the Supernatural
760864,14240,The Watchers Out of Time
353787,14241,The Savage Tales of Solomon Kane
2355685,14242,Conan of Cimmeria: The Bloody Crown of Conan (Book 2)
33553,14243,Conan of Cimmeria: The Conquering Sword of Conan (Book 3)
16807494,14244,
26682955,14245,
2598040,14246,The Horror at Red Hook
6152223,14247,The Music of Erich Zann
6747969,14248,The Thing on the Doorstep
66709,14249,Omnibus 3: The Haunter of the Dark
1907169,14250,The Whisperer in Darkness
926166,14251,The Lurker at the Threshold
15005007,14252,The Dunwich Horror
1324548,14253,The Necronomicon
54848315,14254,
57423,14255,H.R. Giger's Necronomicon
792877,14256,Tales of the Cthulhu Mythos
17950060,14257,The Light is the Darkness
3588772,14258,Gaslight Grimoire: Dark Tales of Sherlock Holmes
66700,14259,The Annotated H.P. Lovecraft
140077,14260,Best Ghost Stories of J.S. Le Fanu
655500,14261,The Children of Cthulhu: Chilling New Tales Inspired by H.P. Lovecraft
1203150,14262,The Mask of Cthulhu
757262,14263,American Supernatural Tales
194259,14264,The Dreams in the Witch House
16121898,14265,
32625,14266,The Darkest Part of the Woods
897056,14267,The Imago Sequence and Other Stories
15816257,14268,Southern Gods
16178063,14269,
16833928,14270,That Which Should Not Be
11064487,14271,Occultation and Other Stories
1145485,14272,The Horror in the Museum and Other Revisions
1769227,14273,Cold Print
288561,14274,Our Lady of Darkness
57817,14275,The Three Impostors
3223330,14276,Dagon and Other Macabre Tales (Omnibus 2)
551435,14277,The Thing on the Doorstep and Other Weird Stories
19023220,14278,
2278535,14279,Heck: Where the Bad Kids Go
49694414,14280,
45092941,14281,
19226003,14282,By Blood We Live
44804672,14283,The Children's Home
43969702,14284,Ghostly: A Collection of Ghost Stories
42578928,14285,
25333030,14286,
18639202,14287,The Lords of Salem
11045062,14288,The Silent Land
14352253,14289,Dead on the Delta
6803661,14290,"I Kissed a Zombie, and I Liked It"
2543255,14291,La vie suspendue
4793186,14292,Couch
2446530,14293,Alive in Necropolis
3222877,14294,Persistence of Memory
6608659,14295,buratsudeiKISS
25427953,14296,Exquisite Captive
23959911,14297,Of Metal and Wishes
17393358,14298,
19930022,14299,The MacKinnon Curse
18735224,14300,"Yao Hu xPu SS, 1"
1073971,14301,Kamichama Karin
18246067,14302,kurobanoGuo noarisu~buratsudeitsuinzu~
14211774,14303,Heart no Kuni no Alice
18347483,14304,Clover no Kuni no Alice - Cheshire Neko to Waltz
15952740,14305,Ying Ji Hua Chuan  4
15952739,14306,Ying Ji Hua Chuan  3
15952738,14307,Ying Ji Hua Chuan  2
239475,14308,"Millenium Snow, Volume 2"
7584,14309,"Primal Heat (Includes: Breeds, #10; Devlin Dynasty, #1)"
705201,14310,The Calling
1035065,14311,"In the Serpent's Coils (Hallowmere, Book 1)"
7416050,14312,
7416049,14313,Chains of Ice
15285247,14314,Tied with a Bow
304161,14315,"Fever (Leopard Series,  #1  and #2 )"
6643457,14316,"Belong To The Night (includes The Long Island Coven, #2)"
26746411,14317,Fairy Tail 41
19167859,14318,Fairy Tail 26
2162887,14319,"Rave Master, Volume 4"
1645426,14320,"Rave Master, Volume 3"
1645429,14321,"Rave Master, Volume 2"
26537429,14322,Fairy Tail 40
26321818,14323,Fairy Tail 39
25033264,14324,Fairy Tail 37
23749369,14325,Fairy Tail 34
25395354,14326,Fairy Tail 38
23749359,14327,Fairy Tail 33
24070452,14328,Fairy Tail 36
23749373,14329,Fairy Tail 35
20386955,14330,Fairy Tail 32
19167866,14331,Fairy Tail 29
19167865,14332,Fairy Tail 28
15740138,14333,Fairy Tail 24
19054212,14334,Fairy Tail 30
19054217,14335,Fairy Tail 31
17278792,14336,Fairy Tail 27
15740137,14337,Fairy Tail 25
11244941,14338,Fairy Tail 18
11244939,14339,Fairy Tail 20
13629871,14340,Fairy Tail 19
13629917,14341,Fairy Tail 21
13629689,14342,Fairy Tail 16
6677957,14343,Fairy Tail 14
13629963,14344,Fairy Tail 22
17341564,14345,Bleach--burichi-- 51
19138941,14346,Bleach--burichi-- 54
18614261,14347,Bleach--burichi-- 53
18135762,14348,Bleach--burichi-- 52
7977031,14349,Bleach--burichi-- 38
13356325,14350,Bleach--burichi-- 45
16117675,14351,Bleach--burichi-- 49
14061829,14352,Bleach--burichi-- 46
6481604,14353,Bleach--burichi-- 37
10256710,14354,Bleach--burichi-- 42
6158999,14355,Bleach--burichi-- 35
6739638,14356,Bleach--burichi-- 39
7187653,14357,Bleach--burichi-- 41
7369700,14358,Bleach--burichi-- 40
10441526,14359,Bleach--burichi-- 43
2934586,14360,NARUTO -naruto- Juan noSan Shi San
21995735,14361,
19152808,14362,"A Shimmer of Angels (Angel Sight, #1)"
18459123,14363,The Sweetest Dark
21365380,14364,
22983270,14365,
19143826,14366,
311130,14367,The Moonchild
1257094,14368,The Sea Priestess
1112961,14369,Only Human
2834150,14370,High Hunt
106674,14371,The Losers
14582446,14372,Spectyr
6739622,14373,"Beyond the Night (Envy Chronicles, #1)"
21939172,14374,
21857208,14375,
21433151,14376,
19334696,14377,
19264227,14378,
24566985,14379,Dust to Dust
21521729,14380,
17867921,14381,Plague Town
18468823,14382,Crux
434333,14383,"Her Majesty's Dog, Volume 1"
50878604,14384,
16412635,14385,
13354431,14386,
46885976,14387,
46232148,14388,
46169028,14389,
26742848,14390,
18262331,14391,
50394162,14392,Witchy Sour
50197354,14393,Hex on the Beach
42803231,14394,
48948282,14395,One Fell Sweep
44875804,14396,
44995526,14397,
44862249,14398,
26471097,14399,Fireborn
1689272,14400,Crimson Kiss (Pinnacle Horror)
23639239,14401,Mine to Chase
15970676,14402,
6465963,14403,A Highlander Christmas
1204374,14404,Secrets of the Highlander
185845,14405,Only With a Highlander
1492357,14406,Wedding the Highlander
10899223,14407,
9848630,14408,Strange Neighbors
1938583,14409,Loving the Highlander
5886490,14410,Dark Victory
811576,14411,My Immortal Highlander
271127,14412,"Dark Defender (Paladins of Darkness, Book 2)"
1223387,14413,Dark Rival
296417,14414,Dead Sexy
745703,14415,Highland Thirst
124266,14416,Wormwood
15176583,14417,"Rook: Allie's War, Book One"
3925,14418,Irresistible Forces
2702215,14419,"The Quantum Rose (Saga of the Skolian Empire, #6)"
6537116,14420,Dead and Kicking
3304185,14421,Devil May Ride
1214255,14422,The Remains of the Dead
7331706,14423,Starstruck
6898944,14424,Sleepless
16057365,14425,Whisper
19092079,14426,The Art of Wishing
20455767,14427,
98656,14428,The Knight in Rusty Armor
2038903,14429,"Juliet Dove, Queen of Love (Magic Shop, #5)"
17896332,14430,
13168092,14431,
158242,14432,Full Tilt
6830554,14433,Green Witch
20409658,14434,
21829991,14435,NARUTO -naruto- 63
21830009,14436,NARUTO -naruto- Juan noLiu Shi Er
21523830,14437,NARUTO -naruto- 60
3746506,14438,NARUTO -naruto- Juan noSan Shi Ba
21567155,14439,
21411789,14440,
21430740,14441,
45138470,14442,Alice in Wonderland: Based on the Motion Picture Directed by Tim Burton
159041,14443,The Vampire's Assistant and Other Tales from the Cirque Du Freak
14414141,14444,Der Rauberbrautigam
41124790,14445,Alice's Adventures Under Ground
45163785,14446,
231051,14447,The Moon Witch (Berkley Sensation)
308411,14448,The Star Witch (Berkley Sensation)
341259,14449,The Sun Witch (Berkley Sensation)
47469909,14450,
48784957,14451,Rootbound
1365507,14452,Queen of Dragons
6246467,14453,"Jonas (Beautiful Dead, #1)"
6814628,14454,Wish
18523595,14455,Tempted
6999549,14456,
17489716,14457,Shadows Before the Sun
14396500,14458,
6610200,14459,Demon Bound
5070052,14460,City of Souls
26249645,14461,Fall of Light
51034519,14462,
658855,14463,Silver's Edge (Reader's Choice)
3102999,14464,Steelflower
50718320,14465,
47255237,14466,
19334710,14467,
47848973,14468,
42858949,14469,The Last Time I Saw Her
24499900,14470,Bitter Spirits
19929117,14471,Rogue's Pawn
14561774,14472,Basilisk
24130185,14473,
18839697,14474,Perdition
6577192,14475,Hunting Memories
14095454,14476,Agave Kiss
19200406,14477,The Water Witch
14634663,14478,
18294870,14479,
21379496,14480,Rebel
11295572,14481,
297410,14482,Pale Immortal
21110,14483,Captive Dreams
1132624,14484,Child of a Dead God
3528770,14485,In Shade and Shadow
1938561,14486,"I Hunger for You (Prime Series, Book 3)"
2950891,14487,Hidden
19931652,14488,
22515182,14489,How Beauty Loved the Beast
45425161,14490,Knights of the Borrowed Dark
23821645,14491,Everville:  The First Pillar
2547030,14492,Last Wolf Watching
2547016,14493,
457527,14494,"Demonstorm (Legends of the Raven, #3)"
1560282,14495,"Shadowheart (Legends of the Raven, #2)"
352902,14496,"Elfsorrow (Legends of the Raven, #1)"
644328,14497,Nightchild
89577,14498,"Dalamar the Dark (Dragonlance: Classics, #2)"
45572466,14499,
21599853,14500,Into the Fire
14551548,14501,The Watchtower
1231818,14502,Dead Sexy
1124465,14503,Not Flesh Nor Feathers
378722,14504,Wings to the Kingdom
378717,14505,Four and Twenty Blackbirds
1216063,14506,Falling Sideways
1784542,14507,Who's Afraid of Beowulf?
93620,14508,The Talisman And Black House
43037,14509,Stephen King's The Dark Tower: The Complete Concordance
48525,14510,Nostradamus Ate My Hamster
1188428,14511,The Brightonomicon (Gollancz SF)
48515,14512,The Witches of Chiswick
1371177,14513,The Discworld Companion
48520,14514,The Antipope
34476,14515,A Tourist Guide to Lancre
450925,14516,Horn Crown
40079410,14517,Silver on the Road
41463275,14518,Get in Trouble
51832868,14519,Agents of Dreamland
49489315,14520,The Great Ordeal
22298827,14521,
21858272,14522,
54329489,14523,The Cold Eye
6499521,14524,"Flesh and Fire (The Vineart War, #1)"
16210217,14525,Blackdog
6681958,14526,"Zhila-byla zhenshchina, kotoraia khotela ubit' sosedskogo rebenka"
43458113,14527,
41612733,14528,
928740,14529,"Beowulf, the bee hunter"
526906,14530,The Werewolf of Paris
40807844,14531,
21414588,14532,The Wurms of Blearmouth: A Tale of Bauchelain and Korbal Broach
17389047,14533,The Last Dark
212316,14534,The Palace
3592,14535,In Camelot's Shadow
1721769,14536,Sharp Teeth
1893941,14537,Majipoor Chronicles
15232269,14538,Poslednii kol'tsenosets
895830,14539,Illusion
11097770,14540,Night Of The Living Trekkies
1294759,14541,The Hour of the Dragon
1135944,14542,The Fellowship of the Talisman
2626,14543,The Iron Ring
2501184,14544,Dark Hand of Magic
1711324,14545,Witches of Wenshar
2294,14546,Fancies and Goodnights
1948006,14547,Conan the Avenger
986017,14548,
1095838,14549,Maledicte (Antyre Book 1)
776965,14550,Temping Fate
1576338,14551,"Spirits of Flux and Anchor (Soul Rider, #1)"
1466252,14552,"The Chosen (The Stone Dance of the Chameleon, #1)"
3150114,14553,The House on the Borderland
1122298,14554,Madouc
2487859,14555,Judgment on Janus
788772,14556,Oriental Adventures (Advanced Dungeons & Dragons)
529520,14557,Book of Vile Darkness (Dungeons & Dragons Supplement)
1929989,14558,Impossible Things
170284,14559,Renfield: Slave of Dracula
170310,14560,Icefalcon's Quest (Darwath Series)
250613,14561,The Wild Road
3179518,14562,
1881692,14563,Hawk of May
788861,14564,Advanced Dungeons and Dragons: Fiend Folio
698396,14565,Advanced Dungeons & Dragons Monster Manual
1099979,14566,Advanced Dungeons & Dragons Players Handbook
228346,14567,Dungeon Master's Guide (Advanced Dungeons & Dragons 1st Edition)
421842,14568,Legends and Lore: Cyclopedia of Gods and Heroes from Myth and Legend (Advanced Dungeons & Dragons 1st Edition)
576937,14569,Camber the Heretic (Legends of the Camber of Culdi Vol. 3)
1261689,14570,Damiano
877355,14571,The Gammage Cup
894589,14572,The Incomplete Enchanter / The Castle of Iron
795737,14573,
135104,14574,Vampire Junction
295248,14575,Viriconium
2268002,14576,Hothouse
1010747,14577,Blood Games
288949,14578,The Anvil of the World
6341,14579,The Languages of Middle-Earth
209652,14580,Death Angel's Shadow
53529598,14581,
1689997,14582,The Ring of Five Dragons
205553,14583,The Sunset Warrior
1637902,14584,"Beyond the Pale (The Last Rune, #1)"
1027003,14585,Golden Witchbreed
134958,14586,World's End
587040,14587,"Dreamfall (Cat, #3)"
1913026,14588,Psion
1140184,14589,"Catspaw (Cat, #2)"
466711,14590,
2042213,14591,The Paladin
2527250,14592,"Watchtower (Chronicles of Tornor, #1)"
924634,14593,Empire of the East
235197,14594,The Wilding
78263,14595,Low Red Moon
78260,14596,Daughter Of Hounds
1806944,14597,The Coming of the Horseclans
2904642,14598,Songmaster
652653,14599,There Are Doors
1695662,14600,The Knight
2362834,14601,"Gather, Darkness!"
232414,14602,The Changing Land
60240,14603,Madwand
1105576,14604,Changeling
23880,14605,Reave the Just and Other Tales
648356,14606,Quag Keep
6625389,14607,"Dilvish, the Damned"
1791898,14608,The Dragon Waiting
78261,14609,Alabaster
209645,14610,The Children's Hospital
55568,14611,"The Morgaine Saga (Morgaine Saga, Books 1, 2, and 3)"
8173429,14612,
81228,14613,The Sherrilyn Kenyon Dark-Hunter Boxed Set
45201882,14614,
14399968,14615,Ganymede
2741007,14616,Summerland
1104663,14617,Eye of Cat
41559232,14618,
60241,14619,Jack of Shadows
23685629,14620,
1469484,14621,Valka s Mloky
40579,14622,The Wizard
17292402,14623,
2839678,14624,Mystic Warrior (Bronze Canticles #1)
43201566,14625,
19695380,14626,Project ELE
22020897,14627,
33431322,14628,
21775041,14629,The Flame Collector
6600795,14630,Possessions
21770911,14631,
18533962,14632,
6699966,14633,The Mark
27321726,14634,
20388274,14635,
18464360,14636,Hanging by a Thread
17499359,14637,
17148631,14638,
9408525,14639,
21356307,14640,Figment
52063541,14641,What's a Soulmate?
25604920,14642,Inland
15715510,14643,
25702381,14644,The Dolls
39969200,14645,The Healer
47925665,14646,
21512558,14647,Absent
25646425,14648,
19103466,14649,
19102194,14650,
43111511,14651,
1934481,14652,"The Crimson Thread: A Retelling of ""Rumpelstiltskin"""
25324556,14653,Defector (Variants #2)
42204413,14654,
20009022,14655,
16402333,14656,Renegade
13492122,14657,Here Lies Bridget
24652716,14658,
23858541,14659,
45116668,14660,Book of Lies
42070520,14661,
22629400,14662,
45017960,14663,The Awakening
16578485,14664,
42279407,14665,
6623610,14666,"Arizona (Beautiful Dead, #2)"
21972889,14667,
21823475,14668,The Harvesting
25337510,14669,
41889500,14670,
42482877,14671,
42916783,14672,Half Lies
40257194,14673,
43312977,14674,
24963701,14675,
21802945,14676,
43135566,14677,
43016531,14678,
26915698,14679,Insanity
26068943,14680,
42863233,14681,
17978208,14682,
16398572,14683,
42698680,14684,
19017393,14685,
24086803,14686,
24941733,14687,Steel Lily
18969177,14688,
21360909,14689,
19262259,14690,Let the Storm Break
11069963,14691,
6922921,14692,"Summer (Beautiful Dead, #3)"
20140739,14693,The Brokenhearted
26366567,14694,Sleep No More
40100345,14695,
21355191,14696,
21856416,14697,
19228900,14698,
24679171,14699,before i wake
25974596,14700,
25311684,14701,Witch Finder
19034284,14702,The Dead Girls Detective Agency
20468956,14703,
7285654,14704,
21474611,14705,Pretty Dark Nothing
21492489,14706,Rua
7420946,14707,Thirteen Days to Midnight
16712654,14708,
21614471,14709,
17005544,14710,Elemental: The First (Primord Series #1)
21581291,14711,Betwixt
23850703,14712,
18978988,14713,
20408380,14714,Joe
21832796,14715,The Girl Who Would Be King
16053422,14716,In My Dreams
15224024,14717,
18736435,14718,
16352852,14719,
21795406,14720,Broken Aro
15436973,14721,
10754650,14722,Shadow of the Sun
17792119,14723,
17489104,14724,
19023727,14725,Frost Arch
19173140,14726,
21888960,14727,
20550402,14728,Origins
17383060,14729,
19228630,14730,
15699125,14731,
6859918,14732,Heaven: Stadt der Feen
17057085,14733,Dark Heart Surrender
14590363,14734,
10890808,14735,
7384630,14736,
7384628,14737,
6696652,14738,"Gifted: Here Today, Gone Tomorrow"
5774191,14739,"Out of Sight, Out of Mind"
6488468,14740,Gifted: Better Late Than Never
14835429,14741,Mortal Kiss
13402183,14742,
13115136,14743,
9193850,14744,
3404943,14745,"Omnibus: Ritual / Legacy (Vampire Beach, Books 3 & 4)"
13893157,14746,
10662688,14747,By Midnight
6373060,14748,"Omnibus: Bloodlust / Initiation (Vampire Beach, Books 1 & 2)"
312363,14749,Soulmates
6871846,14750,Queen Victoria: Demon Hunter
41113144,14751,Revenge and the Wild
2983043,14752,Illyria
21856196,14753,September Girls
14183459,14754,
13756073,14755,
17379644,14756,
16796705,14757,Brown Eyes
26493363,14758,akamegaZhan ru! 2
26493262,14759,akamegaZhan ru! 1
23637449,14760,Shan Tian kunto7Ren noMo Nu  1
28133313,14761,Qi tsunoDa Zui  4
26537434,14762,Qi tsunoDa Zui  3
26537433,14763,Qi tsunoDa Zui  2
26537432,14764,Qi tsunoDa Zui  1
11556310,14765,"Alien Tango (Katherine ""Kitty"" Katt, #2)"
6567837,14766,Bitter Night
6291721,14767,"Le Pacte des MarchOmbres, Tome 3 : Ellana : La prophetie"
2101780,14768,"Le Pacte des MarchOmbres, Tome 1 : Ellana"
4660182,14769,"Le Pacte des MarchOmbres, Tome 2 : Ellana l'envol"
26586916,14770,
24253191,14771,The Whirlwind in the Thorn Tree
26575985,14772,Sezon burz
1877818,14773,"Cos sie konczy, cos sie zaczyna"
41881364,14774,
25570531,14775,
21940722,14776,Redemption
10531533,14777,
21551646,14778,The Keep
19046386,14779,The Rise (The Alexa Montgomery Saga #3)
7193791,14780,
7357203,14781,Kiss of the Rose
8447796,14782,"Everlasting Desire (Everlasting, #2)"
6669718,14783,My Wicked Vampire
12406823,14784,
14775928,14785,
17473958,14786,
15500420,14787,
50558588,14788,The Prey of Gods
50117169,14789,
47320148,14790,
42394221,14791,
25489461,14792,Blood of the Underworld
40357891,14793,A Dance of Ghosts
2649118,14794,"Alector's Choice (Corean Chronicles, Book 4)"
1290041,14795,"Scepters (Corean Chronicles, Book 3)"
10545800,14796,
18154127,14797,
17277658,14798,Troll Bridge
18281050,14799,Death and What Comes Next
14414461,14800,Theatre of Cruelty
31309,14801,"The Black Road (Diablo, 2)"
271163,14802,The Sundering
271147,14803,
275392,14804,Lord of the Clans
275391,14805,The Last Guardian
96832,14806,Day of the Dragon
271184,14807,The Well of Eternity
16179281,14808,Nine Princes in Amber; The Guns of Avalon
1321670,14809,"Roger Zelazny's The Dawn of Amber (Book 1, Dawn of Amber Trilogy)"
616842,14810,The Toynbee Convector
3095906,14811,"Exile's Song (Darkover, #24)"
969391,14812,Return to Eden
969404,14813,Winter in Eden
2932284,14814,Spellsinger
416403,14815,A Night in the Netherhells
52342,14816,A Malady of Magicks
56403725,14817,
42096629,14818,How the Marquis Got His Coat Back
45801648,14819,
45138990,14820,The Unquiet Past
17648349,14821,
15321870,14822,
15321909,14823,Savage
22088026,14824,
15321960,14825,Ghosts
15321711,14826,Framed
13457056,14827,Checkmate
15321938,14828,Infusion
15321835,14829,
15321743,14830,The Case of the Half-Demon Spy
15321784,14831,Escape
13456958,14832,Recruit
41092799,14833,
26527176,14834,
25609387,14835,
25084227,14836,
22035366,14837,
22024848,14838,
40229348,14839,
21428193,14840,
5685520,14841,Skykeepers
4547105,14842,Dawnkeepers
518819,14843,The Wizard's Dilemma
1575986,14844,"A Wizard of Mars (Young Wizards, #9)"
13569941,14845,Age of Darkness
41385700,14846,
26620659,14847,
24095620,14848,
42442576,14849,Metro 2035
16228596,14850,Apocalipsis Z: La ira de los justos
3915852,14851,Apocalipsis Z: Los dias oscuros
16462341,14852,Assassin's Creed: Revelations
14944790,14853,
20434248,14854,American Elsewhere
23858966,14855,The Children of Fire
42777977,14856,
26577537,14857,Z-Burbia
15135900,14858,The Islanders
5729918,14859,Metro 2033
2970690,14860,Mechanicum
19101219,14861,
81536,14862,"Space Wolf: The First Omnibus (Warhammer 40,000: Space Wolf)"
8136581,14863,
9669058,14864,"When Blood Calls (The Shadow Keepers, #1)"
14654980,14865,Bound by Moonlight
9897272,14866,Captured by Moonlight
9855010,14867,Chased by Moonlight
54466557,14868,
53172962,14869,
40364643,14870,
19239194,14871,
21903969,14872,
13299949,14873,
44440240,14874,
42813093,14875,
27209029,14876,Love and Decay: Volume Two
26343394,14877,"Love and Decay, Volume One"
43327764,14878,
42808260,14879,The Never Hero
24986793,14880,Red Rope of Fate
27540057,14881,
25578291,14882,"Mine to Spell (Mine, #2)"
25538530,14883,
21553111,14884,
19243068,14885,Slow Dance in Purgatory: a novel
229671,14886,Look for Me by Moonlight
16214256,14887,
14425995,14888,
13218531,14889,
13716251,14890,
17115669,14891,"Fate Fixed (Erris Coven, #1)"
16242870,14892,
41365224,14893,
40319995,14894,"Blades of Magic (Crown Service, #1)"
23698098,14895,Under A Spell
6224783,14896,Enchanting the Beast
25897617,14897,Spirited
14776173,14898,
17357103,14899,
16051939,14900,
15724550,14901,
23636711,14902,The Change
16121747,14903,Demon Possession
6458771,14904,Dark Lover
16406586,14905,
433092,14906,Pure Dead Magic
1106509,14907,The Anvil of Ice
10828360,14908,"Stormlord Rising (Watergivers, #2)"
56897,14909,"The Ring (The Sword, the Ring, and the Chalice, Book 2)"
56899,14910,"The Chalice (The Sword, the Ring, and the Chalice, Book 3)"
56906,14911,"The Sword (The Sword, the Ring and the Chalice, Book 1)"
42384495,14912,
40929705,14913,
3517139,14914,An American Werewolf in Hoboken
44081553,14915,
44429632,14916,
11133618,14917,Hell Bent: Love Kills... Professionally
11249639,14918,The Chosen Soul
15340713,14919,
14749022,14920,
15493449,14921,Serengeti Sunrise
10732977,14922,
7086537,14923,
14520513,14924,
3921267,14925,A Stranger to Command
439012,14926,"Flight Of The Eagles (Seven Sleepers, #1)"
343994,14927,"The Siege of Dome (Empyrion, #2)"
1375128,14928,"The Search for Fierra (EMPYRION, #1)"
46023311,14929,
40855274,14930,
25778591,14931,Unraveled
21985136,14932,"Artificial Evil (The Techxorcist, #1)"
24362185,14933,Alice in Tumblr-land: And Other Fairy Tales for a New Generation
16225694,14934,
65939,14935,The Winds of Marble Arch and Other Stories: A Connie Willis Compendium
1090049,14936,"Brain Ships (Brainship, #2-3)"
2723,14937,Wrapt in Crystal
14341907,14938,The Margarets
86460,14939,Six Moon Dance
1963246,14940,Shadow's End
822875,14941,The Visitor
759689,14942,Singer from the Sea
14066833,14943,The Family Tree
23766740,14944,"The Accidental Werewolf 2: Something About Harry (Accidentals, #8)"
17604399,14945,The Accidental Genie
17926179,14946,
25491449,14947,The Clockwork Wolf
25800461,14948,Disenchanted & Co.
16659499,14949,
39945061,14950,Free Agent
24035913,14951,
26542472,14952,Revenant
23692680,14953,Black and Blue
21538130,14954,
19141392,14955,Moonshifted
78241,14956,"Black Heart, Ivory Bones"
1007071,14957,The Dare
8686340,14958,Tomb with a View
6162375,14959,"Huntress (Includes: Cin Craven, #3.5; Black London #1.5)"
183057,14960,Kiss the Night Goodbye
13292986,14961,
183058,14962,Chasing the Shadows
14513,14963,
6221563,14964,"Dead If I Do  (Garnet Lacey, Book 4)"
2264166,14965,"Romancing the Dead (Garnet Lacey, Book 3)"
6843142,14966,"Dead Matter (Simon Canderous, #3)"
3715091,14967,Deader Still
1822923,14968,"Dead To Me (Simon Canderous, #1)"
6574919,14969,Dead Man Talking
64301,14970,The Buried Pyramid
3903185,14971,Night of the Loving Dead
3010840,14972,La Vida Vampire
679275,14973,A Distant Magic
645930,14974,Powers of Detection: Stories of Mystery & Fantasy
3161125,14975,Luthien's Gamble
2478547,14976,The Ogre Downstairs
978718,14977,Racso and the Rats of NIMH
1178112,14978,Jennifer Murdley's Toad
3234247,14979,Princess Nevermore
2501163,14980,Traveling with the Dead
595582,14981,"I, Strahd: The War Against Azalin (Ravenloft, #19)"
3138626,14982,Bloodcircle
3103213,14983,Lord Darcy (Omnibus)
3095905,14984,Gravelight
154679,14985,"After the Dark (Dark Angel, Book 3)"
779092,14986,Witch Fire
1515580,14987,A Chill in the Blood
93477,14988,Currant Events
170338,14989,Stranger at the Wedding
283947,14990,The Whispering Mountain
749665,14991,The Chick and the Dead
749667,14992,Tombs of Endearment
19154565,14993,
16278581,14994,"The Parasol Protectorate, Volume 1"
15732087,14995,
17032286,14996,
3825992,14997,"Preying For Mercy (Mercedes Thompson, #1-3)"
276708,14998,"Steal the Dragon (Sianim, #2)"
1933258,14999,The Queen's Bastard
15723331,15000,Wicked Circle
10796807,15001,
7359553,15002,
6514975,15003,Hallowed Circle
6343044,15004,By Blood We Live
18194715,15005,Kitsunegari
15727069,15006,"The Witches of Santa Anna (The Witches of Santa Anna, #1-7)"
14168376,15007,
481963,15008,The House Next Door
528871,15009,Witch Catcher
6329,15010,Below the Root
6551905,15011,Blood Ninja
41901934,15012,
323951,15013,Mimus
7164465,15014,"Final Battle (In Her Name: Redemption, #3)"
7164466,15015,"Confederation (In Her Name: Redemption, #2)"
8126037,15016,
5359158,15017,Winter Duty
2332744,15018,Fall with Honor
171403,15019,Valentine's Exile
273836,15020,Valentine's Rising
1936667,15021,Hunter's Run
1398398,15022,Valentine Pontifex
604600,15023,Deathstalker War
604599,15024,Deathstalker Rebellion
1259560,15025,Vampire World III: Bloodwars
1862951,15026,Vampire World II: The Last Aerie
64637,15027,Necroscope IV: Deadspeak
866490,15028,Necroscope V: Deadspawn
648770,15029,Northworld Trilogy
3384544,15030,"Legends Gift Set (Dragonlance: Legends, #1-3)"
263075,15031,Tale of the Thunderbolt
1008909,15032,"Emerald Sea (The Council Wars, #2)"
1334028,15033,The Seer King
1590425,15034,Dragonmaster
209562,15035,
7927699,15036,
147902,15037,"The Broken Crown (The Sun Sword, #1)"
221143,15038,The Law of Becoming
203456,15039,His Conquering Sword
959033,15040,In the Ruins
203458,15041,An Earthly Crown
179099,15042,"Spellbinder: A Love Story With Magical Interruptions (Spellbinder, Book 1)"
147900,15043,"The Uncrowned King (The Sun Sword, Book 2)"
21856418,15044,The Arrivals
52171270,15045,
49031507,15046,
26737277,15047,
18958567,15048,
21841897,15049,
21802940,15050,Starbright
21464936,15051,
19268559,15052,
15229208,15053,
18233012,15054,
16736818,15055,
14459349,15056,
13345063,15057,Bird Song
16520761,15058,
16234829,15059,
18929717,15060,
15236893,15061,
14014643,15062,Black Halo
3225146,15063,Heart's Blood
17579127,15064,
16217922,15065,
611453,15066,Well Wished
26631276,15067,
49030993,15068,"A Portrait of Pain (Seraph Black, #4)"
25035100,15069,
56926133,15070,
47801916,15071,
187818,15072,The Celtic Twilight: Faerie and Folklore
50379613,15073,"The Roman (The Florentine, #3)"
21466598,15074,
21466597,15075,
47816853,15076,
26490336,15077,
25959786,15078,Accidentally...Over?
24064799,15079,Vampires Need Not...Apply?
25310133,15080,Echo Prophecy
1724062,15081,Die Elfen
14645055,15082,Oblivion
45497305,15083,Playing with Monsters
27679755,15084,
48564153,15085,
44254534,15086,The Demon in the Wood
19156103,15087,Darkness & Light
46621279,15088,
45966770,15089,
44634461,15090,
44634493,15091,
42479309,15092,
28215719,15093,
26746727,15094,
44274147,15095,
18408178,15096,
16209170,15097,
21768409,15098,
19929057,15099,
21483299,15100,
21355902,15101,
21410946,15102,
24740155,15103,
23680700,15104,
21776063,15105,
17423703,15106,
19030488,15107,
21774534,15108,Moonlight
19203345,15109,
18684553,15110,
16627297,15111,Forever and Always
15778209,15112,The Werewolf Whisperer
14686480,15113,Vampire Love Story
45947099,15114,The Singing Bones
19098062,15115,
49993157,15116,"The Great Glowing Coils of the Universe: Welcome to Night Vale Episodes, Volume 2"
47465208,15117,
49993158,15118,"Mostly Void, Partially Stars"
231913,15119,
43010734,15120,A Criminal Magic
2656,15121,Angels and Visitations: A Miscellany
21920244,15122,
51414578,15123,
6890047,15124,Tortured Souls: The Legend of Primordium
18467502,15125,"I, Cthulhu, or, What's a Tentacle-Faced Thing Like Me Doing in a Sunken City Like This (Latitude 47deg 9' S, Longitude 126deg 43' W)?"
929525,15126,Shriek: An Afterword
2637244,15127,Sacrament
21940472,15128,Carniepunk
19086861,15129,Stray Souls
19093477,15130,Man in the Empty Suit
19101053,15131,
17323657,15132,The Weird: A Compendium of Strange and Dark Stories
15898155,15133,Emperor Mollusk versus The Sinister Brain
4812858,15134,The Pilo Family Circus
627834,15135,"Freaks: Alive, on the Inside!"
14513658,15136,Mechanique: A Tale of the Circus Tresaulti
9120695,15137,
45088866,15138,
4019291,15139,Palimpsest
10695338,15140,The Third Bear
6775967,15141,Finch
242535,15142,The Thackery T. Lambshead Pocket Guide to Eccentric and Discredited Diseases
14351889,15143,The Thackery T. Lambshead Cabinet of Curiosities
3989981,15144,Doctor Who: Prisoner Of The Daleks
6203195,15145,Doctor Who: The Krillitane Storm
6656169,15146,The Midnight Mayor
2075452,15147,Deathstalker Return
22017239,15148,The Wee Free Men. A Hat Full of Sky.
592520,15149,Nanny Ogg's Cookbook
522014,15150,City of Saints & Madmen
55501103,15151,Seasons of Glass and Iron
48894353,15152,A Fist of Permutations in Lightning and Wildflowers
50882371,15153,You'll Surely Drown Here If You Stay
726061,15154,"Black Swan, White Raven"
52061084,15155,
43866429,15156,Forest of Memory
51277695,15157,
758851,15158,Love in Vein II: 18 More Tales of Vampiric Erotica
42299018,15159,Area X: The Southern Reach Trilogy: Annihilation; Authority; Acceptance
16575290,15160,
37333063,15161,Jackalope Wives
212423,15162,The Last Rakosh: A Repairman Jack Tale
12435,15163,The Homecoming
14946135,15164,The Golden Acorn
2139309,15165,La Mecanique du coeur
11159208,15166,
13115207,15167,A Memory of Wind
378716,15168,Dreadful Skin
3506894,15169,We Never Talk About My Brother
6799644,15170,DarkShip Thieves
6771477,15171,Chivalry
1916021,15172,"Beyond the Dark Portal (World of WarCraft, #4)"
271105,15173,"Cycle of Hatred (World of Warcraft, #1)"
44498481,15174,
26038182,15175,
16480901,15176,Blood on the Bayou
19202069,15177,Leashing the Tempest
16200386,15178,
2640269,15179,The Second Chronicles of Amber
1725977,15180,The Warlock of Firetop Mountain
8572,15181,"The Sword of Truth, Boxed Set III: The Pillars of Creation, Naked Empire, Chainfire"
15313650,15182,Sisterhood of Dune
10076693,15183,
10154469,15184,
19427835,15185,
21456663,15186,
15269655,15187,
14252978,15188,
3271454,15189,"Scarlet and the White Wolf, Volume 2: Mariner's Luck"
3370324,15190,"Scarlet and the White Wolf, Volume 3: The Land of Night"
26112340,15191,
25075793,15192,Of Last Resort
19062858,15193,
27542593,15194,
44758042,15195,
23695986,15196,
47453880,15197,
41113243,15198,
24884914,15199,Dragon Slayer
25366727,15200,
41875040,15201,
17557638,15202,With a Kiss
22112967,15203,To Have a Human (Banded Brothers #1)
23976696,15204,
19108713,15205,
21871130,15206,
18445405,15207,
18157854,15208,
21371943,15209,
19058878,15210,
19022455,15211,
18625626,15212,
18135371,15213,
18135364,15214,
17387916,15215,
17468925,15216,
16920508,15217,
16189945,15218,
15443348,15219,
15228245,15220,
14568113,15221,
14483443,15222,
14037543,15223,
13379707,15224,
10842580,15225,
8943975,15226,
10539881,15227,
18310704,15228,
17868071,15229,
16332329,15230,
16073902,15231,
14401124,15232,
24492040,15233,
16688227,15234,
17383375,15235,Trials of Tam
24381695,15236,Backwoods Asylum
18013582,15237,
17396978,15238,"Pretty Monsters (Josh of the Damned, #1)"
16378177,15239,
14116433,15240,
14998674,15241,
16075339,15242,Some Kind of Magic
6472328,15243,Altered Heart
1630464,15244,Wicked Gentlemen
16841517,15245,
17055715,15246,
3271433,15247,"Marked (Northern Shifters, #1)"
10663351,15248,
10407930,15249,
13401343,15250,
7505096,15251,
7376855,15252,
13332466,15253,Blood Moon
12828835,15254,
1032808,15255,Oleander House
3911604,15256,With Love
13475081,15257,"His Hearth (Warder, #1)"
6630288,15258,Lone
13531227,15259,
14465402,15260,Hammer & Air
14846965,15261,"Aisling, Book One: Guardian"
599724,15262,The God Eaters
6586714,15263,The Devil's Fire
15573904,15264,The Ghost on My Couch
14483472,15265,
13057248,15266,Tatterdemalion
867136,15267,A Strong and Sudden Thaw
7394856,15268,
3271448,15269,"Scarlet and the White Wolf, Volume 1: The Pedlar and the Bandit King"
6704943,15270,"Kei's Gift (Darshian Tales, #1)"
3426258,15271,Prisoner
13110378,15272,
517285,15273,Immortalis
25073477,15274,The Lascar's Dagger
13626118,15275,Stormlord's Exile
44378515,15276,
25269022,15277,The Choice
25269016,15278,
17078403,15279,Horizon
2881386,15280,The Mammoth Book of Vampire Romance
555630,15281,Betwixt
1507439,15282,El delfin
16691192,15283,Il visconte dimezzato
481667,15284,Blood Sinister
7347533,15285,Seven Souls
19061518,15286,Multiversum
48011064,15287,
25473104,15288,
629126,15289,
707224,15290,"The Glasswrights' Progress (Glasswright, #2)"
6145724,15291,Kept
6803736,15292,Possessed
45212444,15293,Wizard Defiant
45104338,15294,
23679402,15295,
54511603,15296,
19108616,15297,
44979086,15298,
52958764,15299,
51946279,15300,
51389060,15301,Release The Dogs of War (The Kurtherian Gambit Book 10)
49465738,15302,
50373549,15303,We Will Build (The Kurtherian Gambit Book 8)
49713605,15304,
17551711,15305,
50777999,15306,It's Hell To Choose (The Kurtherian Gambit Book 9)
50699171,15307,
48675016,15308,
49156460,15309,
48111781,15310,
47698166,15311,
17287877,15312,
45792109,15313,
41895412,15314,
41902955,15315,
23583456,15316,
21552643,15317,Sleight of Hand
41895411,15318,
21754803,15319,Cold Hard Secret
25258454,15320,La corte de los espejos
19115695,15321,The Cadet of Tildor
24901878,15322,
23576348,15323,El libro de los portales
19107416,15324,Between Two Fires
16326939,15325,
467934,15326,Firelord
1351902,15327,Tolkien On Fairy-Stories
10468,15328,The Maps of Tolkien's Middle-earth
26034704,15329,
42915370,15330,
43174905,15331,Ascension
45278795,15332,
14460319,15333,
41118714,15334,
21770603,15335,
41901002,15336,Age of Iron
19116918,15337,Elantris
6914823,15338,
13521075,15339,
75218,15340,Sun of Suns
251085,15341,The Ball and the Cross
975268,15342,The Pilgrim's Regress: An Allegorical Apology for Christianity Reason and Romanticism
20569,15343,Tolkien: The Illustrated Encyclopedia
2963739,15344,Tolkien's World: Paintings of Middle-Earth
2964050,15345,The Monsters and the Critics: And Other Essays
2964497,15346,The Tolkien Reader
55675574,15347,
57327182,15348,Fire in His Embrace
57346912,15349,Aveoth
55290664,15350,
54976330,15351,
26541546,15352,A Vampire's Christmas Carol
50601876,15353,
49015869,15354,
46928330,15355,
21814421,15356,
45439339,15357,Roaring for Him
19018268,15358,
44706289,15359,
13276481,15360,
811578,15361,The Eternal Highlander
6154085,15362,"Edge Of Hunger (Primal Instinct, #1)"
11243931,15363,
734203,15364,"Radar Deception (Immortal Ops, #3)"
15965,15365,Critical Intelligence
7416225,15366,
7377029,15367,
7145262,15368,
25337774,15369,
25337773,15370,
18465455,15371,Story's End
21361222,15372,Odd Interlude #3
21361212,15373,Odd Interlude #2
8977776,15374,The Ascension Factor
501231,15375,Return to Avalon
50329955,15376,Death's Mistress
43458476,15377,Warheart
26064522,15378,
2105545,15379,Star Wars: The Approaching Storm
512109,15380,The Unsuspecting Mage: Book One of the Morcyth Saga
2347050,15381,Dragonslayer's Return
373347,15382,The Dragon's Dagger
220315,15383,The Dragon King
1645943,15384,The Sword of Bedwyr
2277164,15385,Crucible: The Trial of Cyric the Mad (Avatar #5)
551764,15386,"Baldur's Gate (Baldur's Gate, #1)"
282991,15387,"The Night Parade (Forgotten Realms: The Harpers, #4)"
21053,15388,"The Dream Spheres (Forgotten Realms: Songs & Swords, #5)"
48309,15389,
48306,15390,
283054,15391,"Masquerades (Forgotten Realms: The Harpers, #10)"
282832,15392,"Prophet of Moonshae (Forgotten Realms: Druidhome, #1)"
353250,15393,"Elfsong (Forgotten Realms: The Harpers, #8; Songs & Swords, #2)"
282955,15394,"Red Magic (Forgotten Realms: The Harpers, #3)"
282878,15395,Realms of Infamy (Forgotten Realms)
966676,15396,Crown of Fire
282852,15397,"Stormlight (Forgotten Realms: The Harpers, #14)"
60676,15398,Elminster's Daughter
282880,15399,Realms of Magic (Forgotten Realms)
517293,15400,Realms of Valor (Forgotten Realms)
1047316,15401,Dungeons and Dragons Basic Rules
1247830,15402,"Monster Manual II (Advanced Dungeons & Dragons 1st Edition, Stock #2016)"
788678,15403,"Unearthed Arcana (Advanced Dungeons & Dragons 1st Edition, Stock #2017)"
228340,15404,Saga of Old City
341682,15405,Choose Your Enemies Carefully
341683,15406,"Never Deal with a Dragon (Shadowrun: Secrets of Power, Book 1)"
341687,15407,Find Your Own Truth
21921318,15408,
2172982,15409,"Goddess of the Ice Realm (Lord of the Isles, #5)"
244767,15410,"Mistress of the Catacombs (Lord of the Isles, #4)"
5345394,15411,Jake Ransom and the Skull King's Shadow
21803401,15412,City of Screams: A Short Story Exclusive
6612418,15413,Jake Ransom and the Howling Sphinx
430910,15414,"The Dastard (Xanth, #24)"
319852,15415,Swell Foop
13529809,15416,Elric of Melnibone - Graphic Novel
232403,15417,"Roger Zelazny's Chaos and Amber (Book 2, Dawn of Amber Trilogy)"
16830678,15418,
18495143,15419,Magic Marks the Spot
43369579,15420,
3458605,15421,Kenny & the Dragon
194807,15422,Redwall: The Graphic Novel
13575705,15423,The Rogue Crew
1497424,15424,Brave Men Run - A Novel Of The Sovereign Era
3156327,15425,Any Given Doomsday
46723755,15426,
24875204,15427,
21363398,15428,
26449638,15429,
15808990,15430,Redeeming Zorus
14381042,15431,Touching Ice
166859,15432,Beneath a Darkening Moon
166857,15433,Beneath a Rising Moon
484302,15434,Night's Kiss
15501470,15435,
7355301,15436,
13276032,15437,Frostfire: A Novel of the Kyndred
21999029,15438,Avenging Angel
21436652,15439,Kiss of Temptation
6510010,15440,
6264809,15441,
3437735,15442,My Wicked Enemy
16783737,15443,Break Out
23862393,15444,A Study in Ashes
23862387,15445,A Study in Darkness
24286314,15446,
43450958,15447,
17700426,15448,All the Paths of Shadow
26030991,15449,City of Light
41694947,15450,
40145528,15451,
26958965,15452,
21744432,15453,
45859453,15454,
42454930,15455,Jackdaw
25264357,15456,
42710250,15457,
15275860,15458,
41039716,15459,
39006145,15460,Eidolon
40180350,15461,
21937049,15462,In the Dark
9376692,15463,The Stroke of Midnight
7210652,15464,Mind Reader
5327743,15465,Many Happy Returns
5327741,15466,Striking Sparks
7210657,15467,Thaw
16668842,15468,"Inside Out (PsyCop, #0.1)"
26111580,15469,Fish and Ghosts
25655232,15470,
26624966,15471,
25655222,15472,
21751549,15473,
13010131,15474,
41363920,15475,The Curse Defiers
27191257,15476,
42035995,15477,
42088622,15478,
27190863,15479,
23912802,15480,
21533426,15481,
48185514,15482,
42576398,15483,
5992785,15484,"No Place for Magic (The Tales of the Frog Princess, #4)"
16481742,15485,Make Me (Demon Underground #4)
50550392,15486,
46230347,15487,
50248671,15488,
21467944,15489,Forsaken (Daughters of the Sea)
24580211,15490,Avery
18286779,15491,
16639101,15492,
45216882,15493,
42395655,15494,
25200595,15495,The Wicked
42809379,15496,Unexpected Eden
24593443,15497,
18135114,15498,
45739437,15499,
43076149,15500,
43825769,15501,Hide and Seek
42443853,15502,
45104915,15503,
40104933,15504,
45152899,15505,The devourers
41529556,15506,Sisters of the Revolution: A Feminist Speculative Fiction Anthology
41227956,15507,
597815,15508,Castle Perilous
11410206,15509,
10409874,15510,
10409875,15511,
43240186,15512,Corrigan Fire
54317755,15513,
41153055,15514,
26658852,15515,"His Purrfect Mate (Shifters, Inc., #2)"
26217581,15516,The Alpha Meets His Match
42750016,15517,
181981,15518,A Date with the Other Side
19072944,15519,
17233414,15520,Dragon Down Under
951947,15521,"Immortal Rain, Vol. 1"
25106456,15522,
23691197,15523,
14615714,15524,
13276490,15525,
22376371,15526,
7101109,15527,
24345200,15528,Alpha Girl
2003668,15529,Di Yu Shao Nu  1
3688424,15530,Fire and Rain
6864752,15531,"Her Wolf (Westervelt Wolves, #1)"
16173,15532,Pretear Volume 1
17242635,15533,Deliver Me from Darkness
6847259,15534,Jue Dui Jue Xing Tian Shi misutoresuhuochiyun
6443718,15535,Hua Yue Ji
20132139,15536,
1489061,15537,SEX PISTOLS 2
3429059,15538,Jin Ri kara(ma)notsukuZi You Ye ! 1
2178751,15539,Akuma no Himitsu
3203953,15540,SILVER DIAMOND 1
894407,15541,Sex Pistols (#1)
15748525,15542,mitsudonaitosekuretari #7
15748546,15543,mitsudonaitosekuretari #6
15748526,15544,mitsudonaitosekuretari #5
15748547,15545,mitsudonaitosekuretari #4
15748550,15546,mitsudonaitosekuretari #3
15748533,15547,mitsudonaitosekuretari #2
273847,15548,vuanpaiagemu 1
16402583,15549,Die magische Gondel
6534848,15550,"Tainted (The Blood Lily Chronicles, Book 1)"
547188,15551,The Works of Jules Verne
19134525,15552,No Remorse
21865692,15553,
219047,15554,Bloodline Book Two: Reckoning
10230,15555,"First Collier (Guardians of Ga'Hoole, #9)"
2254439,15556,
10227,15557,"The Hatchling (Guardians of Ga'Hoole, #7)"
10224,15558,
10229,15559,
3005742,15560,
463686,15561,Bloodline
4691952,15562,Switchers
48080708,15563,Odd & True
2408814,15564,Ruby Key (Moon & Sun #1)
2419008,15565,Philippa Fisher's Fairy Godsister
730471,15566,The Chimera's Curse
2930188,15567,Mines of the Minotaur
2252348,15568,Secret of the Sirens
47590062,15569,The Time Thief
19068724,15570,
6238229,15571,Spellbinder
795581,15572,"Cry of the Wolf (Avalon Web of Magic, 3)"
9287351,15573,Molly Moon & the Morphing Mystery
1982775,15574,"Molly Moon, Micky Minus, & the Mind Machine"
14396152,15575,
19166606,15576,"My Soul to Keep * Reaper * My Soul to Steal (Soul Screamers #3, #3.5, #4)"
14540491,15577,Bloodlust
13120723,15578,Nightshade
15472133,15579,
54116423,15580,
46071922,15581,The Guns Above
21846164,15582,Elysian Fields
46175642,15583,
45399552,15584,
44125154,15585,
41803946,15586,"Lightspeed Magazine, June 2014: Women Destroy Science Fiction! Special Issue"
19122632,15587,River Road
18064876,15588,La Belle au bois dormant
16367896,15589,
12973988,15590,SLH
50430647,15591,All the Crooked Saints
41255516,15592,
42990070,15593,Catacomb
25598652,15594,Brazen
42299425,15595,
19216753,15596,The Hunter and The Hunted
26748381,15597,Sanctum
25686581,15598,
15457931,15599,
10277217,15600,Everfound
1191601,15601,"The Bloody Sun (Darkover, #17)"
21837135,15602,
18025331,15603,
14565276,15604,
5749835,15605,Toby and the Secrets of the Tree
42791806,15606,
21854428,15607,
948247,15608,Heretic
906582,15609,Century
23680554,15610,The Fellowship of the Ring
921982,15611,"Das Glaserne Wort (Merle-Trilogie, #3)"
26016931,15612,
46054498,15613,The Voodoo Killings
26732088,15614,
555278,15615,No Time Like Show Time
2174626,15616,The Sands of Time
10870680,15617,
14745104,15618,The Unnaturalists
25440424,15619,Tinder
21876628,15620,
21581925,15621,The Gypsy King
465314,15622,"The Wizard, the Witch, and Two Girls from Jersey"
4927668,15623,Fortune's Folly
20550596,15624,
14347584,15625,
54132225,15626,
50441124,15627,
17027114,15628,
48183384,15629,
50007274,15630,Soul Mate for Sale
42657801,15631,
52510900,15632,
50371160,15633,
45382125,15634,
43580878,15635,Ynyr
44825213,15636,
42972295,15637,
41195134,15638,
32580246,15639,The Craving
43014882,15640,
42453330,15641,
25489699,15642,
27677153,15643,
42458446,15644,
24343644,15645,
21939195,15646,
7174088,15647,
21983036,15648,The Living
15321768,15649,Adventurer
49782564,15650,Otherworld Chills
42955302,15651,Otherworld Secrets
48715748,15652,Kingdom of Ash and Briars
24493205,15653,Ungodly
42827868,15654,
19183324,15655,
25206600,15656,Asylum
21936859,15657,
21936858,15658,
21936852,15659,
21936854,15660,
21936849,15661,
1118334,15662,The Moth Diaries
1418,15663,At the Earth's Core
25981463,15664,
1124535,15665,Bella at Midnight
6997693,15666,Dark Fire
565137,15667,"Have a Hot Time, Hades!"
17227638,15668,Osama
831027,15669,The Fifth Head of Cerberus
7513441,15670,The World House
921713,15671,The Menstruating Mall
1250736,15672,Conan the Freebooter
18971446,15673,Conan
3095696,15674,Uther
418133,15675,Indiana Jones and the Dance of the Giants
21541833,15676,The Miniature Wife and Other Stories
58173,15677,Il castello dei destini incrociati
10011643,15678,
12509833,15679,Deal with the Devil
21497448,15680,
14402875,15681,
9861722,15682,
945665,15683,"Seized (Trek Mi Q'an, Book 1.5)"
21939164,15684,
3007845,15685,Everlasting Bad Boys
7318612,15686,"Wild (Amber Eyes, #1-2)"
16414374,15687,
13950239,15688,
45297473,15689,
43235884,15690,Hunted
43206701,15691,Duty
40776948,15692,A Thirst for Vengeance
25962129,15693,Infinity Blade: Redemption
6688260,15694,Kapitan Sino
14683981,15695,Ang Mga Kaibigan ni Mama Susan
1423868,15696,Alamat ng Gubat
1272316,15697,King Arthur and His Knights of the Round Table
2418305,15698,All Souls' Night
492748,15699,Ashes to Ashes
48759276,15700,Waylaid
41817150,15701,Firebrand
26163408,15702,
21846206,15703,
21739809,15704,
1415526,15705,Agyar
14359203,15706,The Neon Graveyard
2276583,15707,The Hunger
1604647,15708,Historic Haunted America
162738,15709,
402034,15710,The People of Pern
21536790,15711,
13684317,15712,
1177187,15713,The Skull of Truth
2310602,15714,+Anima 8
1818601,15715,+Anima 7
736271,15716,+Anima 6
1428568,15717,+Anima 5
736269,15718,+Anima 4
736272,15719,+Anima 3
736268,15720,+Anima 2
714249,15721,Meng Huan supairaru
57688,15722,Buried Fire
29562981,15723,
44903162,15724,The Witches of BlackBrook
21860286,15725,
17552009,15726,Something Witchy This Way Comes
495896,15727,Fairytale
6760241,15728,Mayfair Witches
788141,15729,"Ratha's Creature (The Named, #1)"
14801768,15730,Girl in the Mirror
18080850,15731,Dark Water
1179777,15732,Manual do guerreiro da luz
47291537,15733,Dark Bites
14046027,15734,Zombies Sold Separately
46597,15735,Love In Vein: Twenty Original Tales of Vampiric Erotica
2848956,15736,"Blood Blade (Skinners, # 1)"
45470220,15737,
44541820,15738,A Mad Zombie Party
42448191,15739,
15501165,15740,Just One Taste
2944476,15741,Every Demon Has His Day
23877325,15742,
2845551,15743,The Rumpelstiltskin Problem
259249,15744,The Fixer
329104,15745,Terry Pratchett's Carpe Jugulum
10463571,15746,The Call
47200537,15747,
43111526,15748,
24166623,15749,
25191083,15750,
19322716,15751,
21690967,15752,Bone Quill
6853336,15753,Drizzle
21983379,15754,The Shattered Mountain
18067384,15755,
19201122,15756,The terrible thing that happened to Barnaby Brocket
1371658,15757,The Realms of the Gods
18172240,15758,Hollow Earth
19227594,15759,The Vengekeep Prophecies
18983802,15760,Iron Hearted Violet
25486423,15761,
52421219,15762,
47809273,15763,
45668996,15764,
52460417,15765,
23893044,15766,Hawk
50312907,15767,
49471527,15768,
13414693,15769,Mystical Warrior
46249635,15770,"In Shining Armor (Pax Arcana, #4)"
45764196,15771,
24656259,15772,Bayou Noel
43142059,15773,
10934820,15774,Dragon Warrior
4099998,15775,Moonlight Warrior
15265494,15776,
45321915,15777,
44619637,15778,
44619588,15779,
45143101,15780,
45077623,15781,
44236143,15782,
42427706,15783,When Darkness Ends
41754869,15784,
42861233,15785,
42170969,15786,
26732395,15787,
26542305,15788,The Accidental Dragon
24998644,15789,
41496947,15790,Cat's Lair
41251927,15791,
42453026,15792,
41958859,15793,
40728699,15794,"Haunted By Her Dragon (Dragon Guards, #3)"
27068116,15795,"Her Dragon's Fire (Dragon Guard Series, #2)"
40864268,15796,
21922761,15797,Midnight's Promise
21922758,15798,Midnight's Temptation
21805716,15799,Midnight's Captive
21805715,15800,Midnight's Kiss
21957036,15801,Dead Sexy Dragon
15385507,15802,The Real Werewives of Vampire County
40236344,15803,
19101845,15804,
19068977,15805,
40167046,15806,
25755197,15807,The Highlander Next Door
27312801,15808,
21576471,15809,Crossing the AEthyr
26177248,15810,Ghost Seer
24941099,15811,Air Bound
16389116,15812,
13349062,15813,
7683478,15814,
18080647,15815,
13137349,15816,
6835017,15817,Where Angels Fear to Tread
4546957,15818,Dancing on the Head of a Pin
25587773,15819,
25563525,15820,
6835025,15821,Warrior Ascended: The Sons of the Zodiac
23857287,15822,Born in Chains
26407516,15823,
25004748,15824,Sebastian/Aristide
14520608,15825,The Vampire Next Door
16498074,15826,
21984628,15827,Fury of Desire
23644866,15828,The Art of Stealing Time
19261041,15829,Under Suspicion
21536068,15830,For the Love of Magic
17878149,15831,"Guardian Demon (The Guardians, #8)"
18649061,15832,For the Love of a Goblin Warrior
17942013,15833,Kiss of the Goblin Prince
22017995,15834,
21739840,15835,Heart Fortune
21533472,15836,The Cursed
21370593,15837,"Leopard's Prey (Leopard People, #6)"
21422056,15838,Eternal Sin
18531900,15839,Eternal Demon
14295717,15840,"Demon (The Fallen, #2)"
3990355,15841,
3118991,15842,"The Flame (Sons of Destiny, #7)"
4864226,15843,"The Storm (Sons of Destiny, #6)"
2352313,15844,"The Cat (Sons of Destiny, #5)"
1601040,15845,"The Song (Sons of Destiny, #4)"
462186,15846,"The Master (Sons of Destiny, #3)"
571641,15847,The Wolf
21533041,15848,The Heart of a Hero
22017916,15849,Bayon/Jean-Baptiste
9403320,15850,"The Shattered Sylph (Sylph, #2)"
21533494,15851,Unbound
19042463,15852,"Fury of Seduction (Dragonfury, #3)"
18942700,15853,"Fury of Ice (Dragonfury, #2)"
21803826,15854,
19938127,15855,
19076390,15856,Gates of Rapture
17130318,15857,Obsidian Flame
16444474,15858,Brink of Eternity
21413821,15859,The Hob
22015814,15860,Raphael/Parish
21489323,15861,
18737653,15862,Shadow Rising
16490585,15863,Midnight Reckoning
19068011,15864,The Undead In My Bed
18673933,15865,A Tale of Two Vampires
18464698,15866,Ember's Kiss
17490948,15867,"Eternal Beast (Mark of the Vampire, #4)"
17490858,15868,"Eternal Blood (Mark of the Vampire, #2.5)"
15482564,15869,Eternal Captive
13294840,15870,Eternal Prey
14573448,15871,Storm Kissed
6787098,15872,"Defeat the Darkness (Paladins of Darkness, #6)"
16489615,15873,
15719559,15874,Highlander for the Holidays
18556514,15875,
17250167,15876,"Warrior (The Fallen, #3)"
19106991,15877,Courting Carolina
17941176,15878,
17891357,15879,Deadly Is the Kiss
2991389,15880,The Redeeming
952531,15881,"Master of Darkness (Primes, #4)"
1003423,15882,"Primal Desires (Prime Series, Book 6)"
6134097,15883,Eternal Craving
12899698,15884,Master of Smoke
1003433,15885,"I Burn for You (Prime Series, Book 1)"
12452527,15886,Sins of the Flesh
11018102,15887,Blood Spells
13538186,15888,
2350928,15889,Mysteria Lane
14555638,15890,The Darkness Beyond
16350047,15891,Born of Ashes
16235966,15892,Lord of the Wolfyn
14285178,15893,"Eternal Kiss (Mark of the Vampire, #2)"
10658007,15894,Entice Me at Twilight
16103243,15895,Lord of Rage
3634592,15896,Soul Catcher
18198553,15897,
13523893,15898,Angelopolis
1134196,15899,Finis Mundi
6548259,15900,La llamada de los muertos
1134200,15901,La maldicion del maestro
1134198,15902,El valle de los lobos
1134204,15903,"Fenris, el elfo"
45046110,15904,Suenos de piedra
3479456,15905,
17963851,15906,Monster High: Back and Deader Than Ever
4025904,15907,El viajero
284852,15908,Child of the Hunt
3050466,15909,Sebastian Darke: Prince of Fools
1160139,15910,The Fire Thief (Fire Thief Trilogy)
56022098,15911,
17557645,15912,Donde los arboles cantan
59478,15913,MYST - The Book of D'Ni
59477,15914,The Book of Ti'ana
479290,15915,After the King: Stories In Honor of J.R.R. Tolkien
21865832,15916,
44858638,15917,
42266464,15918,
18316618,15919,
6453333,15920,Dust to Dust
2047385,15921,Land of Echoes
83714,15922,City of Masks
362599,15923,"Luscious Craving (Candace Steele Vampire Killer Series, Book #2)"
602477,15924,"Passionate Thirst (Candace Steele Vampire Killer Series, Book #1)"
21897909,15925,
17904176,15926,"Dearly, Beloved"
53355980,15927,Overtaken
47272939,15928,Land of the Beautiful Dead
17273351,15929,
26033060,15930,
21854528,15931,
21938798,15932,
21381108,15933,
21942835,15934,
19200608,15935,
1336226,15936,"Night of the Huntress (The Brotherhood of Blood, #2)"
171898,15937,The Crystal Singer Omnibus
28293,15938,Merlin Trilogy
42673500,15939,
19039639,15940,Witch Born
27543112,15941,
18534207,15942,
55709288,15943,
45314378,15944,
43067357,15945,
40155663,15946,
19209556,15947,
17098632,15948,
25424242,15949,A Cursed Moon
24806721,15950,
23634827,15951,Twisted
25134437,15952,Hers To Command
25033380,15953,
1067002,15954,"Trace's Psychic (Supernatural Bonds, #1)"
21483365,15955,
19186290,15956,
19235381,15957,
1053303,15958,"Sex & the Immortal Bad Boy (Immortally Sexy, #4)"
778136,15959,"He Loves Me, He Loves Me Hot (Immortally Sexy, #3)"
7232832,15960,Cheat the Grave
14735150,15961,
3054093,15962,"On the Prowl (Tales of an Urban Werewolf, #2)"
5001208,15963,"Fur For All (Fixed, Book 5)"
5001249,15964,"Fur Play (Fixed, Book 6)"
6171092,15965,"Leader of the Pack (Tales of an Urban Werewolf, #3)"
18096116,15966,
41193927,15967,
24760336,15968,The Girl Who Never Was
26161945,15969,
43981626,15970,Once Upon a Time: Red's Untold Tale
21404508,15971,
22011454,15972,
10997706,15973,Luminous
1182296,15974,The China Garden
48435778,15975,hueariteiru 56
45351812,15976,FAIRY TAIL 53
45351806,15977,FAIRY TAIL 52
45129161,15978,hueariteiru 51
1484559,15979,"Hunter X Hunter, Vol. 5"
41620183,15980,FAIRY TAIL 46
41127942,15981,Fairy Tail 45
40017037,15982,Fairy Tail 43
1671386,15983,You Xi Wang  4
813841,15984,You Xi Wang  3
19196781,15985,"D.Gray-man, Volume 23"
18403064,15986,"D.Gray-man, Volume 22"
53290123,15987,All That She Can See
6474630,15988,Dragon's Child
19930274,15989,
15342676,15990,The Hollows Insider
47971467,15991,
47833415,15992,
2338719,15993,Eve of Darkness
14347557,15994,
18079874,15995,
51435088,15996,
43892251,15997,
53496082,15998,
49915770,15999,
1989915,16000,The Secret World Chronicle
833296,16001,"Bedlam's Edge (Bedlam's Bard, #8)"
2589,16002,"This Rough Magic (Heirs of Alexandria, #2)"
29226,16003,The Wizard of Karres
170813,16004,"The Chrome Borne (SERRAted Edge, #1-4)"
794275,16005,"When the Bough Breaks (SERRAted Edge, #2)"
170877,16006,"Summoned to Tourney (Bedlam's Bard, #2)"
1101353,16007,"Mad Maudlin (Bedlam's Bard, #6)"
2618,16008,Bedlam's Bard
26544065,16009,
25984271,16010,
22153491,16011,
21943517,16012,
21452187,16013,
19205213,16014,Residue
25268516,16015,The Vampire Diaries: The Salvation: Unmasked
25004377,16016,The Vampire Diaries: The Salvation: Unspoken
25004288,16017,The Vampire Diaries: The Salvation #1: Unseen
14155442,16018,
6712537,16019,"Fablehaven; Rise of the Evening Star; Grip of the Shadow Plague (Fablehaven, #1-3)"
41204641,16020,
6575308,16021,"The Consolation Prize (Trueblood, #1)"
5941065,16022,"MaidenFlight (Dragon Knights, #1)"
14087401,16023,nurarihiyonnoSun
1353925,16024,Jie Jie Shi  1
18009298,16025,Claiming Her Geeks
2188707,16026,The Kestrel
1271717,16027,The Beggar Queen
18045377,16028,Boyfriend from Hell
6163709,16029,Animal Attraction
802115,16030,"Bond of Blood (Texas Vampires, #3)"
298324,16031,Crimson City
15925605,16032,
30588,16033,Mysteria
41887672,16034,
57224561,16035,
21386445,16036,Midsummer Heat
18776712,16037,
50818566,16038,Melody Bittersweet And The Girls Ghostbusting Agency
20410464,16039,
45395580,16040,
39910164,16041,
45976042,16042,Cinderella
46867801,16043,
40129646,16044,
43489577,16045,To Save a Mate
47482234,16046,
25540534,16047,
44740446,16048,
802113,16049,"Fangs for the Memories (Young Brothers, #1)"
2217286,16050,Sweet Starfire
21589464,16051,"Guardians Of Stone (Relic Seekers, #1)"
41549233,16052,Maximum Ride Forever
51432666,16053,Camp Half-Blood Confidential
17701894,16054,
21582713,16055,
865356,16056,Naomi's Room
41986925,16057,
41814655,16058,
40302419,16059,
6836110,16060,Howling for My Baby
26365802,16061,
127514,16062,Politically Correct Bedtime Stories: Modern Tales for Our Life & Times
18710538,16063,Interim Goddess of Love
24034547,16064,Lost in Babylon
18360678,16065,
294268,16066,"Sabrina : A Novelization (Sabrina, the Teenage Witch , No 1)"
6529718,16067,"How Not To Make a Wish (As You Wish, Book 1)"
263093,16068,Buffy the Vampire Slayer
284827,16069,
2410245,16070,
284698,16071,Long Way Home
2931180,16072,Tattoo
5494755,16073,Dragons Prefer Blondes
9047676,16074,Artemis Fowl: The Arctic Incident. The Graphic Novel
99639,16075,"The Child of the Holy Grail (Guenevere, #3)"
25128606,16076,Tether
1464457,16077,Bid Time Return
11583148,16078,Queen in Exile
1006229,16079,Seven Tears Into the Sea
6231690,16080,"Winter's Child: A Retelling of ""The Snow Queen"" (Once Upon a Time)"
294249,16081,Spirited
1098056,16082,"Re-Vamped! (My Sister the Vampire, #3)"
50875377,16083,Oversight
13713022,16084,
24044858,16085,
16741631,16086,
49825348,16087,
48195776,16088,
43694923,16089,"Coercion (Montana Dragons, #1)"
42869441,16090,
46921412,16091,
33731057,16092,Threats of Sky and Sea
25426284,16093,
27058691,16094,
46518443,16095,
16989164,16096,
39284337,16097,
25516400,16098,
19026102,16099,
18483747,16100,
44809913,16101,
45681913,16102,
42708375,16103,
45630485,16104,
22084929,16105,
24992479,16106,Forbidden Call
25983653,16107,
42577201,16108,
42577197,16109,
16138596,16110,The Witches of the Glass Castle
42747382,16111,
42411988,16112,Black Moon Draw
42750022,16113,
25635057,16114,Stone of Destiny (The Danaan Trilogy)
40703905,16115,Nights Embrace
24568775,16116,
24480310,16117,The Vampire Coalition: The Complete Boxed Set
19235859,16118,
41376809,16119,
16739838,16120,"Severed (Cloud Prophet Trilogy, #3)"
41696680,16121,Solomon's Sieve
15914928,16122,Oubliette (Cloud Prophet Trilogy #2)
10775063,16123,Alone
40878890,16124,
19199242,16125,
13012879,16126,Hunter's Choice
15469503,16127,
27431853,16128,
11350879,16129,
24738305,16130,Spellscribed Provenance
24754108,16131,
31804197,16132,A Tale of Two Kingdoms
26757939,16133,
25885755,16134,
15335465,16135,
15867444,16136,Death Whispers
21809098,16137,
18538920,16138,
18473164,16139,
17923127,16140,
15176310,16141,
16223561,16142,"Once Bitten, Forever Burned"
16338294,16143,Awaken His Eyes (The Awakened - Book One)
21485443,16144,The Burning of Isobel Key
14390682,16145,
15639943,16146,
13961974,16147,
5379592,16148,"The Warrior's Path (When Women Were Warriors, Book 1)"
17373228,16149,
17073784,16150,
15160276,16151,
14863157,16152,Amber Moon
14740829,16153,
18455068,16154,
13351391,16155,All In Time
18223995,16156,
16072671,16157,Unicorn Bait
42990999,16158,Seeker
357330,16159,
3259620,16160,"The Wizard Hunters (The Fall of Ile-Rien, Book 1)"
52830603,16161,
52487499,16162,
25319581,16163,
43938872,16164,
26216745,16165,Forbid the Sea
6035784,16166,God of Clocks
10276331,16167,Warrior and Witch
21774658,16168,
2510225,16169,
25095577,16170,
21455003,16171,"Imager's Battalion (Imager Portfolio, #6)"
18461563,16172,"Jaina Proudmoore: Tides of War (World of Warcraft, #11)"
18293875,16173,"Princeps (Imager Portfolio, #5)"
15966126,16174,"Scholar (Imager Portfolio, #4)"
3310086,16175,The Lord-Protector's Daughter (Corean Chronicles)
14723831,16176,
4593554,16177,Oracles of Delphi Keep
52786914,16178,
50371284,16179,
48169001,16180,
44290114,16181,
40114098,16182,
41951641,16183,
25168276,16184,I Am Forever
46125489,16185,"Demons in Disguise (Divinicus Nex Chronicles, #3)"
23629489,16186,
42713921,16187,The Nightmare Charade
10291911,16188,
24745487,16189,The Queen's Consorts
18152492,16190,Stolen Dreams
26619637,16191,
18488910,16192,
42431604,16193,
15963952,16194,
26407478,16195,
22675805,16196,
18959402,16197,A Killer First Date
15029238,16198,The Stone Demon
20388263,16199,
19493807,16200,
21437903,16201,
18194385,16202,
18186,16203,"An Old Friend of the Family (Dracula Series, #3)"
18208,16204,"The Holmes-Dracula File (Dracula Series, #2)"
1220177,16205,Daemonslayer
966759,16206,Skavenslayer
678256,16207,Trollslayer
935131,16208,Spike and Dru: Pretty Maids All in a Row (Buffy the Vampire Slayer)
2590816,16209,"The Vampire Files, Volume 1 (Omnibus: Bloodlist / Lifeblood / Bloodcircle)"
26864296,16210,
25896290,16211,"Shadows of the Past (Others of Edenton, #2)"
25784482,16212,
24934389,16213,
21473575,16214,
21473570,16215,
21856498,16216,
6545381,16217,"Destiny's Path (Warrior Princess, #2)"
16584785,16218,
384380,16219,Breathe: A Ghost Story
6713228,16220,The Devil's Playground
6100455,16221,Speak of the Devil
3154505,16222,"The Devil's Due (Morgan Kingsley, Book 3)"
10898614,16223,Crimson Wind
4752072,16224,Echoes In The Dark
499206,16225,Sorceress Of Faith
1546276,16226,The Cipher: A Novel of Crosspointe
1524141,16227,A Princess of Roumania
576938,16228,"Saint Camber (Legends of Camber of Culdi, Book 2)"
4527480,16229,"The Immortal Fire (Cronus Chronicles, #3)"
323386,16230,"The Siren Song (Cronus Chronicles, #2)"
2595608,16231,The Crossing of Ingo
5389170,16232,"Dong noHai Shen  Xi noCang Hai  [Higashi no Watatsumi, Nishi no Sokai]"
21401972,16233,
18357300,16234,
14893820,16235,
975083,16236,Beneath A Blood Red Moon
19106680,16237,
14629669,16238,
10885694,16239,
221690,16240,Nekropolis
16023603,16241,Wild Wild Death
13454712,16242,A Hard Day's Fright
550448,16243,May Bird and the Ever After: Book One (Paperback)
6177272,16244,ReVamped
7271,16245,Sugarplums and Scandal
2416737,16246,
1475508,16247,
2622092,16248,Nevernever
1140072,16249,Elsewhere
591569,16250,Dean Koontz's Frankenstein: Dead and Alive
626098,16251,Giants of the Frost
400463,16252,Live Girls
349617,16253,Fat White Vampire Blues (#1)
1203167,16254,"Merry Meet (Circle of Three, #2)"
1685821,16255,The Autumn Castle
45254499,16256,
42676357,16257,
6505586,16258,By Darkness Hid
21861446,16259,The Story of Owen: Dragon Slayer of Trondheim
207349,16260,Master of Middle-Earth: The Achievement of J.R.R. Tolkien in Fiction
16048,16261,The Golden Key
25033118,16262,
42397153,16263,Never Ever
41113156,16264,Nameless
26519140,16265,War
19017366,16266,Toxic Heart
26519134,16267,IaED
21536309,16268,
15768614,16269,Velveteen
13626132,16270,Shadow's Master
799081,16271,Renunciates of Darkover
25480758,16272,"The Sword of Aldones (Darkover, #20)"
1191591,16273,"The Winds of Darkover (Darkover, #16)"
42473605,16274,
25063061,16275,
16802325,16276,
9695027,16277,
44790612,16278,Bai Qian sanJia noayakashiWang Zi  2
19062218,16279,
42247059,16280,
21430439,16281,Qian Nian noXue  3
24505723,16282,Black Bird 18
22430128,16283,"Black Bird, Vol. 17"
26024156,16284,Li Ming noarukana 13
18965592,16285,Reimi no Arcana
25642066,16286,sinyi tab
15989055,16287,
17994799,16288,
21523846,16289,
25384477,16290,
26564636,16291,
13847166,16292,Betrayed
13715974,16293,Awakened: The Guardian Legacy
21744170,16294,
8752,16295,"The Happy Prince, and Other Fairy Stories"
45130405,16296,What Could Possibly Go Wrong?
1771225,16297,The Practice Effect
2381581,16298,The Goblin Reservation
52268857,16299,
4667151,16300,Krysar
2056484,16301,Broderna Lejonhjarta
1431883,16302,Superstition
143857,16303,Tales from the White Hart
567995,16304,Venus on the Half Shell
15782087,16305,
12335133,16306,
1042880,16307,Midnight Mass
615404,16308,Deathstalker Coda
615410,16309,Deathstalker Legacy
6300270,16310,Deathstalker Destiny
486655,16311,Deathstalker Honor
456488,16312,Rhialto the Marvellous
153213,16313,Cugel's Saga
19116465,16314,
3197616,16315,The Jewels of Aptor
1219230,16316,The Moon of Gomrath
279305,16317,The Weirdstone of Brisingamen
937185,16318,
2241328,16319,Manual de zoologia fantastica
743592,16320,The Ceremonies
5489820,16321,Dark Entries
14243265,16322,
861976,16323,He Tong  [Kappa]
118212,16324,The Circus of Dr. Lao
263302,16325,The Island of Doctor Death and Other Stories and Other Stories
1769349,16326,Night Winds
977797,16327,Darker Than You Think
486259,16328,The Book of Wonder
968926,16329,Voice of Our Shadow
968925,16330,White Apples
1876966,16331,The Book of Skulls
49328961,16332,The Apprentice Witch
44862797,16333,The Girl with Ghost Eyes
45966225,16334,Conspiracy of Ravens
45426319,16335,Arabella of Mars
45513237,16336,
25580276,16337,Oliver and the Seawigs
26851926,16338,
25695172,16339,Realm Walker
250695,16340,The Wolf King
13487616,16341,
19063507,16342,
47432976,16343,The Last Days of Jack Sparks
13032658,16344,
6540916,16345,
1259875,16346,Only Begotten Daughter
1309318,16347,Glory Lane
997317,16348,The Journals of Eleanor Druse: My Investigation of the Kingdom Hospital Incident
3431541,16349,Brides of the Impaler
41325151,16350,
23895290,16351,Burn Bright
16084285,16352,Eternal Starling
15705432,16353,
18319777,16354,
21559656,16355,
19244066,16356,
18714504,16357,
19227342,16358,
17849522,16359,
21863752,16360,
19057426,16361,A Strange Fire
19147133,16362,Death's Angel
17951676,16363,Messenger's Angel
48765760,16364,
46307753,16365,The Very First Damned Thing
18266351,16366,
19023867,16367,The Dark Lord's Handbook
18738601,16368,
22798602,16369,Celebromancy
25993265,16370,
25050908,16371,
387219,16372,Nobody Gets the Girl: A Superhero Novel
13454870,16373,Guild Wars: Edge of Destiny
17151768,16374,
19206590,16375,
18560323,16376,
16136112,16377,
6708342,16378,Dead Eye: Pennies for the Ferryman
15179004,16379,
16473256,16380,Night of Wolves
1317207,16381,The Day of the Djinn Warriors
1435591,16382,"The Gathering (The New Heroes/Quantum Prophecy, #2)"
784483,16383,"A School for Sorcery (A School for Sorcery, #1)"
50302361,16384,Hungry Daughters of Starving Mothers
44640238,16385,
26580567,16386,
240660,16387,The Goblin Wood
2924350,16388,Not Just a Witch
3017026,16389,Dial-a-Ghost
2355307,16390,Blood Bank
40321022,16391,
40728375,16392,"In the Black (Tales from the Edge, #1)"
6953929,16393,Servant of the Underworld
21512103,16394,Terminated
13361680,16395,Unbroken
13740812,16396,
10123681,16397,
6561949,16398,"Red Hood's Revenge (Princess, Book 3)"
6499238,16399,Darkborn
6748524,16400,"Embers (Anya Kalinczyk, #1)"
6801734,16401,"Unperfect Souls (Connor Grey, #4)"
6695979,16402,Unleashed
6329503,16403,Skin Deep
6519338,16404,"The Mermaid's Madness (Princess, Book 2)"
3740866,16405,Unfallen Dead
1124462,16406,Fathom
3903181,16407,New Tricks
1811655,16408,The One-Armed Queen
2148033,16409,Dog Days (Ace Fantasy Book)
578900,16410,The Summer Country
1657408,16411,"Unquiet Dreams (Connor Grey, #2)"
659049,16412,"Reap the Wild Wind (Stratification, #1)"
2267434,16413,Happy Hour of the Damned
16103,16414,Winter Moon
807,16415,Fog Magic
1651890,16416,The Dark Flight Down
7390830,16417,The thin executioner
724950,16418,Dread Locks
10682219,16419,
6559316,16420,Powerless
15363,16421,Quiver
603665,16422,"Thousandstar (Cluster, #4)"
1387530,16423,"Faith of Tarot (Tarot, #3)"
1387531,16424,"Vision of Tarot (Tarot, #2)"
1387532,16425,God of Tarot
411022,16426,The Castle Corona
197669,16427,The Secrets of Jin-shei
1203987,16428,Tarzan the Untamed
833224,16429,Jungle Tales of Tarzan (Tarzan #6)
2881352,16430,"Tarzan and the Jewels of Opar (Tarzan, #5)"
2792098,16431,The Son of Tarzan
813976,16432,The Beasts of Tarzan
808858,16433,"The Time of the Transference (Spellsinger, #6)"
924601,16434,"The Paths of the Perambulator (Spellsinger, #5)"
1309320,16435,"The Moment of the Magician (Spellsinger, #4)"
35104,16436,"The Day of the Dissonance (Spellsinger, #3)"
165610,16437,"The Hour of the Gate (Spellsinger, #2)"
2000987,16438,"Soarer's Choice (Corean Chronicles, Book 6)"
426497,16439,"Cadmian's Choice (Corean Chronicles, Book 5)"
15845040,16440,
52136585,16441,The Dire King
50204080,16442,The Alchemists of Loom
16241631,16443,The Torn Wing
49980892,16444,
45977454,16445,
46859208,16446,
2670085,16447,The Folk Keeper
3017848,16448,The Light of the Oracle
9398,16449,
53292100,16450,The Hazel Wood
48253219,16451,A Queer Trade
55383979,16452,
3132779,16453,Dreamquake
356811,16454,The Beginning
2239329,16455,The Arrival
353425,16456,The Suspicion
44754919,16457,JUMP
44866776,16458,
47056534,16459,Dragons Realm
46842163,16460,Shifter Planet
26104264,16461,
25534663,16462,
23857534,16463,
40317763,16464,
42026015,16465,
21874680,16466,
26418613,16467,Reap the Wind
13197781,16468,
34402,16469,Howls Moving Castle Picture Book (Howl's Moving Castle Picture Book)
6727229,16470,Claymore: The Lamentation of the Earth
6727227,16471,Claymore: Genesis of War
4989075,16472,Claymore: A Child Weapon
1932907,16473,Claymore: The Defiant Ones
2355095,16474,Claymore: The Souls of the Fallen
1821951,16475,Claymore: Kindred of Paradise
763451,16476,Claymore: The Deep Abyss of Purgatory
763450,16477,Claymore: The Witch's Maw
763454,16478,Claymore: The Battle of the North
763447,16479,Claymore: Fit for Battle
763448,16480,Claymore: The Endless Gravestones
2192271,16481,Bai Ji Chao
6740330,16482,Mo Fa Qi Shi reiasu2 Di 2Juan
60534,16483,Mo Fa Qi Shi reiasu2 Di 1Juan
60531,16484,Mo Fa Qi Shi reiasu2 Di 3Juan
60538,16485,Mo Fa Qi Shi reiasu Di 2Juan
60537,16486,Mo Fa Qi Shi reiasu Di 3Juan
1101694,16487,kadokiyaputasakura 6 [Cardcaptor Sakura 6]
221931,16488,kadokiyaputasakura 5 [Cardcaptor Sakura 5]
1158785,16489,kadokiyaputasakura 2 [Cardcaptor Sakura 2]
1791021,16490,kadokiyaputasakura  3 [Cardcaptor Sakura 3]
11893114,16491,
6982834,16492,
16389163,16493,Eventide
17131998,16494,
15019849,16495,
19101841,16496,
2585102,16497,Un Nuovo Regno
2585199,16498,Le due guerriere
2585360,16499,La setta degli assassini
23861244,16500,Dragonfly in Amber (Part 2)
44861923,16501,The Dreamer
18286621,16502,Tides
12873863,16503,Buio. My land
2585247,16504,Cronache del mondo emerso. La trilogia completa
14534409,16505,Hyperversum
2954225,16506,Hyperversum: Il falco e il leone
25665,16507,The Boy Who Couldn't Die
1376639,16508,He Fa doratsugu 2
86407,16509,The Salem Witch Tryouts
1130214,16510,Van Helsing
44277941,16511,
51153046,16512,
23732177,16513,Legend of the Highland Dragon
52512676,16514,Gods and Ends
50798952,16515,
21376876,16516,Going Under
41105837,16517,
49559427,16518,The Awakening
49464362,16519,
50403121,16520,
48661728,16521,
49178594,16522,
48695817,16523,
48907207,16524,
48600208,16525,Heaps of Pearl
23681797,16526,The Visitor
18234345,16527,
49403590,16528,
39971937,16529,Wolf at the Door
45263861,16530,
21579802,16531,Demon Hunting in a Dive Bar
18126419,16532,
21376825,16533,Crave the Darkness
17649907,16534,
45574512,16535,
24220426,16536,A Leap of Knowing
7860089,16537,
41702348,16538,Grave Phantoms
43090950,16539,
40449860,16540,Deadly Spells
39908344,16541,
40364125,16542,Masters of Seduction
26158102,16543,Cursed Moon
25324395,16544,Grim Shadows
21553161,16545,
6580922,16546,"Twilight Guardian (Children of the Goddess, #3)"
25138538,16547,Stone Cold
13374286,16548,Sin's Daughter
11240577,16549,Cyncerly Yours
15285015,16550,On Midnight Wings
14558640,16551,"Chosen by Blood (Para-Ops, #1)"
15498837,16552,Heart of the Sea: An Others Bonus Story
353011,16553,Moon Fever
10893590,16554,Firewalker
7374531,16555,
18371715,16556,Easy Pickings
13084708,16557,
6473251,16558,"Dark Stranger (Primes, #8)"
21747961,16559,
21413930,16560,
14574483,16561,"Black Heart Loa (Hoodoo, #2)"
17409851,16562,King of Darkness
21518571,16563,
10336701,16564,When Wicked Craves
10174831,16565,
19927914,16566,
15767732,16567,The Abandoned
14541411,16568,Uncertain Allies
6474290,16569,"Scorched (The Dark Forgotten, #2)"
12961591,16570,
14577127,16571,
271125,16572,Dark Protector
16998004,16573,
10641580,16574,Sins of the Heart
10441668,16575,Sins of the Soul
6805044,16576,Shadow Blade
7352722,16577,
14544788,16578,"Bloodlands (Bloodlands, #1)"
15624979,16579,Body of Sin
6268462,16580,Sins & Shadows
11021557,16581,
16243144,16582,
12878141,16583,
7374866,16584,
16798499,16585,Blood and Bullets
15961442,16586,
21955968,16587,
8888969,16588,Mermaid
21498054,16589,
47261369,16590,
25263985,16591,
25073329,16592,Charm
14739508,16593,
23635177,16594,Poison
25328429,16595,
26491329,16596,
21430601,16597,
6258695,16598,The Chestnut King
3145565,16599,Dragon Strike: Book Four of The Age of Fire
424168,16600,Dragon Outcast: Book Three of The Age of Fire
263072,16601,Dragon Avenger: Book Two of The Age of Fire
302621,16602,"Ami, el nino de las estrellas"
2817985,16603,The Wizards of Odd: Comic Tales of Fantasy
49344646,16604,
46202021,16605,The Edge of the Abyss
54984957,16606,A Step into the Dark
52379005,16607,The Magic
41375238,16608,
51949991,16609,
23629663,16610,Illusive
26743070,16611,Armageddon Outta Here
25468731,16612,The Dying of the Light
11546082,16613,L'Inesperee
23912936,16614,The Princess in the Opal Mask
14437091,16615,Blue
63679,16616,L'ultimo elfo
138161,16617,The Place of the Lion
138160,16618,All Hallows' Eve
1410206,16619,Lord of Illusions
3319493,16620,Books of Blood: Volumes 4-6
1946911,16621,Three Days to Never
2915352,16622,The Runaway Dolls
1137080,16623,The Beasts of Clawstone Castle
2095038,16624,The Great Ghost Rescue
225334,16625,"The River of Wind (Guardians of Ga'Hoole, #13)"
10225,16626,
35734,16627,"Golden Tree (Guardians of Ga'Hoole, #12)"
18133312,16628,
7386615,16629,
3618422,16630,"Escape from the Forest (Manga Warriors: Tigerstar and Sasha, #2)"
7204847,16631,
5138751,16632,"Return to the Clans (Manga Warriors: Tigerstar and Sasha, #3)"
7386622,16633,
2788198,16634,"Into the Woods (Manga Warriors: Tigerstar and Sasha, #1)"
11013337,16635,
6858138,16636,
2089271,16637,The Rise of Scourge (Manga Warriors)
2199788,16638,"Warrior's Return (Manga Warriors: Graystripe, #3)"
7989214,16639,"Night Whispers (Warriors: Omen of the Stars, #3)"
1338124,16640,"Warrior's Refuge (Manga Warriors: Graystripe, #2)"
2263898,16641,
317552,16642,Secrets of the Clans
6432575,16643,"The Fourth Apprentice (Warriors: Omen of the Stars, #1)"
2276646,16644,Gang noLian Jin Shu Shi : Qiu warenoLian Jin Shu Shi
49039531,16645,Unknown
2555018,16646,The Price of Pleasure
52125917,16647,
50821555,16648,
6309031,16649,
18447704,16650,
26518434,16651,
12614521,16652,Nightfall
4567042,16653,The Rogue Prince
857454,16654,The Playful Prince
7343004,16655,
13586954,16656,
6778742,16657,The Hunters: Declan and Tori
857452,16658,The Bound Prince
732204,16659,"Redeemed in Darkness (Paladins of Darkness, Book 4)"
271128,16660,"In Darkness Reborn (Paladins of Darkness, Book 3)"
5001225,16661,Fighting Faer
18342012,16662,
55549257,16663,
52587454,16664,
7279807,16665,"Bait (Angler, #1)"
16379125,16666,
54936206,16667,
51425133,16668,
44044863,16669,Crucible Zero
42427681,16670,
15972608,16671,The Love of a Mate
13658665,16672,
26021761,16673,"The Devil's Due: A Novella of the Breeds, from Enthralled"
25478459,16674,
25478482,16675,
25478473,16676,Steal the Moon
42662812,16677,
43586704,16678,
27323899,16679,
3723770,16680,"Mistress of Redemption (Nature of Desire, #5)"
25478444,16681,
6067857,16682,"Wild Card (Down & Dirty, Book 1)"
17402203,16683,Stolen
5369896,16684,Beautiful Sins: Leigh Lowery
16391157,16685,Bitten
21479478,16686,
16502779,16687,
11125324,16688,Bloodlust
13028769,16689,Overkill
26928,16690,Shao Nu Ge Ming utena 5
26927,16691,Shao Nu Ge Ming utena 4
1819437,16692,Shao Nu Ge Ming utena 3
1034784,16693,Yao shinoseresu 9
1379150,16694,Yao shinoseresu 11
1790878,16695,Yao shinoseresu 10
1192687,16696,Yao shinoseresu 12
727782,16697,Yao shinoseresu 14
1379152,16698,Yao shinoseresu 13
1790955,16699,Yao shinoseresu 7
727791,16700,Yao shinoseresu 5
727680,16701,Yao shinoseresu 6
1034846,16702,Yao shinoseresu 4
1790943,16703,Yao shinoseresu 3
1034759,16704,Yao shinoseresu 2
17458867,16705,
45835137,16706,
44760134,16707,
47432407,16708,Tournament of Losers
23750598,16709,The Stable Boy
40220291,16710,Remnant
26584661,16711,Butterflies
2745461,16712,"Chaining the Lady (Cluster, #2)"
17341,16713,"Cluster (Cluster, #1)"
32197,16714,X (etsukusu) (X/1999) 5
32198,16715,X (etsukusu) (X/1999) 1
1786115,16716,Dong Jing BABYLON 6
276200,16717,Dong Jing BABYLON 7
1568495,16718,Dong Jing BABYLON 5
1791286,16719,Dong Jing BABYLON 3
2158214,16720,Dong Jing BABYLON 4
1176350,16721,Dong Jing BABYLON 2
284706,16722,The Burning
284743,16723,Door to Alternity
284652,16724,The Sunnydale High Yearbook
2750772,16725,"Sea Witch (Children of the Sea, #1)"
2627,16726,The Foundling and Other Tales of Prydain
980687,16727,"Vathek, conte arabe"
3047044,16728,"Jeremy Thatcher, Dragon Hatcher (Magic Shop, #2)"
1546321,16729,"Exile (Guardians of Ga'Hoole, #14)"
10222,16730,"To Be a King (Guardians of Ga'Hoole, #11)"
3338450,16731,"The War of the Ember (Guardians of Ga'Hoole, #15)"
578391,16732,The Blue Djinn of Babylon
550444,16733,"May Bird, Warrior Princess: Book Three"
1962977,16734,May Bird Among the Stars: Book Two (Paperback)
7347655,16735,
31724,16736,"Izzy The Indigo Fairy (Rainbow Magic, #6)"
31727,16737,"Heather The Violet Fairy (Rainbow Magic, #7)"
996662,16738,
1185325,16739,"Fern The Green Fairy (Rainbow Magic, #4)"
31725,16740,"Sunny The Yellow Fairy (Rainbow Magic, #3)"
356985,16741,"Amber The Orange Fairy (Rainbow Magic, #2)"
31729,16742,"Ruby the Red Fairy (Rainbow Magic, #1)"
3872414,16743,The Eye Of The Forest
2118,16744,The Last of the Really Great Whangdoodles
93472,16745,Ghost
2353360,16746,Killobyte
17339,16747,Shade of the Tree
255340,16748,Chthon
1041974,16749,"Kirlian Quest (Cluster, #3)"
223720,16750,Steppe
17295,16751,"DoOon Mode (Mode, #4)"
529911,16752,Pet Peeve
1245542,16753,Up in a Heaval
479385,16754,Stork Naked
42706369,16755,Alianzas
40211767,16756,Trollhunters
23576388,16757,Dreamwalker
7162524,16758,Nell Regno della Fantasia
1891341,16759,Shi Kong Yi Bang Ren KYOKO 1
251611,16760,
251612,16761,
19072429,16762,
1376883,16763,Sheng Chuan
445774,16764,"Magic Knight Rayearth I, Boxed Set"
1376860,16765,Sheng Chuan
7201600,16766,kobato.  2
1300571,16767,X (etsukusu) (X/1999) 17
32204,16768,X (etsukusu) (X/1999) 18
1300576,16769,X (etsukusu) (X/1999) 15
1300578,16770,X (etsukusu) (X/1999) 13
84854,16771,X (etsukusu) (X/1999) 11
1300572,16772,X (etsukusu) (X/1999) 12
1300579,16773,X (etsukusu) (X/1999) 16
27677,16774,Sheng Chuan
646992,16775,X (etsukusu) (X/1999) 9
1300577,16776,X (etsukusu) (X/1999) 10
32203,16777,X (etsukusu) (X/1999) 7
2158228,16778,X (etsukusu) (X/1999) 8
1328552,16779,X (etsukusu) (X/1999) 6
32205,16780,X (etsukusu) (X/1999) 4
32206,16781,X (etsukusu) (X/1999) 3
32200,16782,X (etsukusu) (X/1999) 2
112094,16783,He Fa doratsugu 3
32201,16784,X (etsukusu) (X/1999) 14
7201599,16785,kobato.  1
2811,16786,In Golden Blood
626433,16787,With Red Hands
1796136,16788,"The Lion, the Witch and the Wardrobe / The Magician's Nephew"
355160,16789,Angel Numbers
12958103,16790,
15341108,16791,
18607570,16792,
14613073,16793,
47375,16794,"Angel Souls and Devil Hearts (The Shadow Saga, #2)"
20390625,16795,Kinder - und Hausmarchen
15459710,16796,The Twisted Tragedy of Miss Natalie Stewart
26213746,16797,
51159534,16798,
43160134,16799,
42420868,16800,
41390531,16801,
44763053,16802,
21877890,16803,
6601777,16804,To Tempt the Wolf (Book #3)
10615644,16805,Slayed
2479762,16806,Heart of the Wolf
52707628,16807,Dying Breath
6972435,16808,Sweet Inspiration
7535079,16809,Black Magic
6776116,16810,Demonkeepers
19698273,16811,
18236017,16812,Jerusalem
44056895,16813,Mo Fa Shi inoJia  3
44056865,16814,Mo Fa Shi inoJia  2
45105502,16815,
817274,16816,The Light Ages
12660131,16817,Haunted Legends
42581457,16818,El mapa del caos
25701716,16819,
18154124,16820,
6957883,16821,sodoatoonrain2: ainkuratsudo
26158091,16822,The Falcon Throne
26098034,16823,
24505949,16824,The String Diaries
25204345,16825,Heap House
78242,16826,"Silver Birch, Blood Moon"
25386998,16827,The Flight of the Silvers
6720981,16828,sodoatoonrain1: ainkuratsudo
25121239,16829,
26165914,16830,
24678703,16831,
19176641,16832,Assassin's Creed - Forsaken
24540982,16833,Roses
21398185,16834,The Descent
43129090,16835,The Heavens Rise
18828065,16836,
20412041,16837,Blood's Pride
21566831,16838,Shapeshifted
23587920,16839,
17921391,16840,
18596335,16841,The Mephisto Kiss
686168,16842,Mina
10513867,16843,Dust
10863349,16844,The Darkly Luminous Fight for Persephone Parker
18214350,16845,El mapa del cielo
292054,16846,The Glass Books of the Dream Eaters
17469069,16847,Advent
17117023,16848,
6460482,16849,Blessed
16688146,16850,
15728353,16851,Shadow City
4556231,16852,Ravenous
468954,16853,Queen of Camelot
13794998,16854,
60504,16855,Wicked Willow I: The Darkening
284794,16856,Chaos Bleeds
302149,16857,
522000,16858,
10799833,16859,"Buffy the Vampire Slayer, Vol. 2"
9452071,16860,"Buffy the Vampire Slayer, Vol. 1"
521960,16861,"Knights of the Rose (Dragonlance: The Warriors, #5)"
284696,16862,"Tales of the Slayer, Vol. 3"
18163015,16863,Imaginary Friends
252074,16864,"Vinas Solamnus (Dragonlance: Lost Legends, #1)"
663868,16865,
1924019,16866,Deep Water
21404513,16867,
19120445,16868,A Highland Werewolf Wedding
20385566,16869,Bound to Seduction
13453162,16870,
6643538,16871,Legend of the White Wolf
10658031,16872,Embrace Me at Dawn
6357205,16873,Possess Me at Midnight
7061428,16874,
17409780,16875,A Seal in Wolf's Clothing
7156934,16876,The Bodyguard
464733,16877,Red Handed
464778,16878,"Blacklisted (Young Adult Alien Huntress, #2)"
4011605,16879,You Are So Undead to Me
51304450,16880,
45056217,16881,
23637038,16882,
30801463,16883,
23689624,16884,Hunting Angel
25966615,16885,Chasing Angel
25527259,16886,Courage
41345470,16887,
26487205,16888,Beginnings
19137839,16889,The Trouble With Fate
19137841,16890,The Thing About Weres
21960093,16891,
21521731,16892,
1129072,16893,The True Game
616721,16894,"Litany of the Long Sun (Book of the Long Sun, Books 1 and 2)"
826957,16895,The Plague Dogs
15296069,16896,The Tinkerer's Daughter
47442384,16897,The Neverland Wars
49878358,16898,
26407361,16899,Wakulla Springs
45459639,16900,Good Omens: The BBC Radio 4 dramatisation
46811602,16901,
2470237,16902,A Darkling Plain
9366730,16903,Infernal Devices
910696,16904,
1442390,16905,Caliban's Hour
62356,16906,The Discworld Mapp: Being the Onlie True and Mostlie Accurate Mappe of the Fantastyk and Magical Dyscworlde
17439,16907,"Noisy Outlaws, Unfriendly Blobs, and Some Other Things That Aren't as Scary, Maybe, Depending on How You Feel About Lost Lands, Stray Cellphones, ... Quite Finish, So Maybe You Could Help Us Out"
53562381,16908,
42754478,16909,Tutte le cosmicomiche
26678792,16910,
14911331,16911,Harry Potter and the Methods of Rationality
11136154,16912,"A Prince Among Frogs (The Tales of the Frog Princess, #8)"
6571858,16913,"Dragon Kiss (The Tales of the Frog Princess, #7)"
5992779,16914,"The Dragon Princess (The Tales of the Frog Princess, #6)"
120779,16915,The Indian in the Cupboard Trilogy
26064,16916,King of The Middle March
657749,16917,At The Crossing Places
1004368,16918,Mixed Magics: Four Tales of Chrestomanci
1482374,16919,Der Schrecksenmeister
19071991,16920,The World of Poo
136721,16921,Colman
43125228,16922,"If You Were a Dinosaur, My Love"
28349112,16923,"Stories of the Raksura, Volume One: The Falling World & The Tale of Indigo and Cloud"
1178714,16924,The Misted Cliffs
16339896,16925,
16474283,16926,
11089661,16927,
13326708,16928,Loss
13304921,16929,Managing Death
7351498,16930,Death Most Definite: A Steven De Selby Novel
6700838,16931,Token of Darkness
3132715,16932,A Woman Worth Ten Coppers
1777388,16933,"Royal Destiny (Queen of the Orcs, #3)"
2937339,16934,"Clan Daughter (Queen of the Orcs, #2)"
81980,16935,Blood Memories
418485,16936,The Unhandsome Prince
24227,16937,The Good Ghouls' Guide to Getting Even
16385241,16938,
15063746,16939,
13558321,16940,
21925667,16941,Shattered Souls
14495008,16942,Once Bitten
630826,16943,Never the Bride
3176700,16944,Red Fire
143069,16945,The Jaguar Knights
56207,16946,Upland Outlaws
2107433,16947,The Stricken Field
1310941,16948,The Living God
325207,16949,Impossible Odds
1894792,16950,Paragon Lost
40206785,16951,
45702079,16952,Transference
14435731,16953,
5537834,16954,"The Infinity Gate (Darkglass Mountain, #3)"
1158123,16955,Threshold
93481,16956,"Cube Route (Xanth, #27)"
18777855,16957,
2122209,16958,The Bottle Imp
1211060,16959,Fallen Angels
3343987,16960,Titus Alone
1394267,16961,Grailblazers
1815837,16962,Puck of Pook's Hill
701540,16963,Guardians of Time
48538,16964,The Sprouts of Wrath
42581939,16965,Eternity's Wheel
7215944,16966,Havoc
2214036,16967,Storm Thief
29078,16968,"Dragonsong / Dragonsinger (Pern: Harper Hall, #1-2)"
45322952,16969,
46196101,16970,
27678448,16971,
24077392,16972,
3466931,16973,Witch Heart
5687423,16974,Witch Fury
47303776,16975,
52306811,16976,
46902004,16977,
45595542,16978,Turn of the Moon
18333602,16979,
3343444,16980,The Harry Potter trilogy: The Philosopher's Stone; The Chamber of Secrets; The Prisoner of Azkaban
26517868,16981,
2056440,16982,"Mio, min Mio"
2393579,16983,Als der Weihnachtsmann vom Himmel fiel
1525711,16984,Fighting Fit
2227757,16985,Flying High
2880943,16986,"Losing the Plot (Angels Unlimited, #2)"
1176022,16987,Winging It
17998516,16988,
9034237,16989,
13664640,16990,Haunting Jasmine
15980715,16991,
15980664,16992,
15980620,16993,
42612434,16994,Dong Jing Can Zhong tokiyoguru 14
42609656,16995,Dong Jing Can Zhong tokiyoguru 13
44502619,16996,Dong Jing Can Zhong tokiyoguru:re 3
43310344,16997,Dong Jing Can Zhong tokiyoguru:re 2
42912402,16998,Dong Jing Can Zhong tokiyoguru:re 1
45336147,16999,
41128647,17000,
13121239,17001,Never Again
2960718,17002,Night Road
3144563,17003,Never Trust a Dead Man
851926,17004,"Curses, Inc. and Other Stories"
674569,17005,Shadows on the Stars
25011794,17006,
41929531,17007,
6608105,17008,deyurarara!!
42187585,17009,During the Dance
41768742,17010,danziyonniChu Hui iwoQiu merunohaJian Wei tsuteirudarouka 1
26948044,17011,roguhoraizun1 Yi Shi Jie nohazimari
21573650,17012,Mo Fa Ke Gao Xiao noLie Deng Sheng
28970131,17013,Select Mode
3470963,17014,Liang Gong haruhinoLiu Xi
19128580,17015,Dark Light of Day
2011,17016,Fiabe italiane
4855970,17017,Doomsday Can Wait
7275713,17018,
6528982,17019,Apocalypse Happens
21830716,17020,The Whispers of the Fallen
26177224,17021,Shadowbound
21732927,17022,
10628483,17023,Song of the Moon
18625428,17024,Dreams
16782480,17025,The Secret of the Nagas.
11196793,17026,The Immortals of Meluha
21400057,17027,
11340900,17028,Taken by the Others
15480574,17029,
7351294,17030,
9908051,17031,Sparks
15701379,17032,Killing Rites
13195067,17033,License to Ensorcell
5205383,17034,Spiral Hunt
14375920,17035,
6467488,17036,Night's Cold Kiss
7336970,17037,Hunted by the Others
4326452,17038,The Sweet Scent of Blood
6675948,17039,"Daemon's Mark (Nocturne City, #5)"
10898695,17040,"Chosen (Anna Strong Chronicles, #6)"
44929093,17041,
41938704,17042,
23679049,17043,
10924493,17044,
49552,17045,To Weave a Web of Magic
446769,17046,The Fire Opal
446767,17047,"The Dawn Star (Misted Cliffs, #3)"
240082,17048,Voyage of the Basset
18480897,17049,
23901042,17050,
14585381,17051,The Lady of the Storm
14889596,17052,
2398383,17053,Blood Colony: A Novel
18194593,17054,The Night Itself
64658,17055,"Paths of Darkness Collector's Edition (Forgotten Realms: Paths of Darkness, #1-4)"
43532115,17056,The Light Within: A Winter's Tale
53047385,17057,
1036234,17058,The Angel's Command
276673,17059,Scent of Magic
501229,17060,Karavans
44809112,17061,
46718,17062,Shoggoth's Old Peculiar
25369840,17063,
895725,17064,Visits from the Afterlife
9690,17065,Life on the Other Side: A Psychic's Tour of the Afterlife
696862,17066,The Wizard's Ward
2941905,17067,"In Legend Born (Chronicles of Sirkara, Book 1)"
63680,17068,Complete Adventurer
352831,17069,Leaves from the Inn of the Last Home
405290,17070,The Book of Nod
718163,17071,The Complete Thief's Handbook (Advanced Dungeons & Dragons 2nd Edition)
238032,17072,Vampire: The Dark Ages
245694,17073,Ravenloft: Knight of the Black Rose
17127942,17074,
6571574,17075,"Beneath the Skin (The Maker's Song, #3)"
308182,17076,"Ghost Legion (Star of the Guardians, #4)"
44798125,17077,1Q84 Book 2 [Ichi-kyu-hachi-yon]
78229,17078,The Magic Toyshop
376411,17079,Five Children and It / The Enchanted Castle
3197160,17080,The Dragons of Blueland (My Father's Dragon Trilogy)
1965192,17081,Elmer and the Dragon (My Father's Dragon)
3356126,17082,Captivated / Entranced
2338731,17083,Eve of Chaos
2338728,17084,Eve of Destruction
99120,17085,Olvidado rey Gudu
13283626,17086,Y colorin colorado este cuento aun no se ha acabado
14609479,17087,Luka and the Fire of Life
28324,17088,Der Spiegel im Spiegel: Ein Labyrinth
2506784,17089,Der satanarchaolugenialkohollische Wunschpunsch
18650125,17090,Ayesha: The Return of She
1332828,17091,The White Raven
26657939,17092,
42021814,17093,"Invision (Chronicles of Nick, #7)"
19238199,17094,
18485588,17095,
20391248,17096,Rip Van Winkle and The Legend of Sleepy Hollow
46233109,17097,Harry Potter: Colouring Book
41322761,17098,
45385257,17099,TItans
26271433,17100,
27102186,17101,
21552725,17102,
19037442,17103,ReVamped
22412390,17104,
21980571,17105,
21830266,17106,
18272446,17107,
18647459,17108,
17433959,17109,The Twice Lost
21531726,17110,
15414093,17111,
19065570,17112,
14188997,17113,
9152941,17114,
7019013,17115,Starlighter
42021852,17116,Intensity
718000,17117,Kiss of Darkness
492176,17118,New Moon
1220499,17119,Wounded
457805,17120,"London, 1850 (Vampire Plagues, #1)"
1030928,17121,Petshop of Horrors 9
32217,17122,toriniteiburatsudo 3 [Toriniti Buraddo 3]
37866,17123,"The Tarot Cafe, #1"
3096203,17124,The Record of a Fallen Vampire Vol.1 (Record of a Fallen Vampire)
10094704,17125,souruita 6
1030910,17126,Petshop of Horrors 6
1591488,17127,"Wolf's Rain, Volume 2"
1376035,17128,
2538112,17129,Through the Veil
1256523,17130,Embrace the Night
6301771,17131,"Honeymoon of the Dead (Garnet Lacey, Book 5)"
47215499,17132,
40175663,17133,The Singular & Extraordinary Tale of Mirror & Goliath
21587260,17134,What's a Witch to Do?
341265,17135,Season of the Witch
11023310,17136,Jane Goes Batty
1097958,17137,Sorcerers of the Nightwing
18192272,17138,
6673728,17139,Burning Your Boats: Collected Short Stories
398273,17140,The Passion of New Eve
2535027,17141,Heroes and Villians
50804830,17142,
45199192,17143,La Belle et la Bete
6987362,17144,Leaf by Niggle
1614933,17145,"Isle of Swords (Isle of Swords, #1)"
17395788,17146,
2450977,17147,Cyndere's Midnight: The Blue Strand (The Auralia Thread #2)
533035,17148,Light Of Eidon (Legends of the Guardian-King #1)
45139623,17149,
42991649,17150,Poisonwell
40845476,17151,
17531070,17152,
19070375,17153,Threads That Bind
43239497,17154,
40718514,17155,
40213373,17156,
19135245,17157,
19019430,17158,Shadowland
17604898,17159,
17458470,17160,
21359510,17161,First Frost
18707899,17162,
21932091,17163,
19032963,17164,
18568988,17165,
17486415,17166,
18338190,17167,Cassidy Jones and Vulcan's Gift
18869383,17168,Stirring Up trouble
1682630,17169,You Had Me At Halo
17292389,17170,
17937139,17171,Forbidden Fire
16706219,17172,Fated
16490086,17173,
7145252,17174,
49777375,17175,The Siren
17360626,17176,Blood Kin
46122,17177,"Skin Game (Dark Angel, Book 2)"
2602242,17178,Angel
2054832,17179,"Seeker (Noble Warriors Trilogy, #1)"
104911,17180,Beyond the Summerland (Binding of the Blade #1)
256407,17181,A Million Open Doors
13042177,17182,
354538,17183,The Initiate Brother Book One
18278,17184,Vampire Hunter D Vol. 02
3005137,17185,Clash of the Titans
762320,17186,Quicker Than the Eye
588007,17187,"Conan the Magnificent (Conan, #5)"
146944,17188,"Conan the Defender (Conan, #2)"
266689,17189,"Conan the Invincible (Conan, #1)"
1411979,17190,"Conan the Victorious (Conan, #7)"
18275,17191,Vampire Hunter D Vol. 03
10090257,17192,The Waiting Room
3259616,17193,The Dragon Society
57415059,17194,Penric's Fox
46113270,17195,
55425075,17196,
53462520,17197,
42713956,17198,
21865829,17199,The Blue Blazes
3032796,17200,"The Indigo King (Chronicles of the Imaginarium Geographica, #3)"
600390,17201,"The Search for the Red Dragon (Chronicles of the Imaginarium Geographica, #2)"
14616990,17202,
13296466,17203,
43193176,17204,Wicked Embers
24574870,17205,
3295241,17206,Extraordinary Engines: The Definitive Steampunk Anthology
2968915,17207,The Last Coin
3130402,17208,The Chronicles of Master Li and Number Ten Ox
50573611,17209,Mo Fa Shi inoJia  6
46240984,17210,Mo Fa Shi inoJia  5
45490202,17211,Mo Fa Shi inoJia  4
41902535,17212,A Fierce and Subtle Poison
25594226,17213,
43902173,17214,Owl and the City of Angels
40321055,17215,
25705,17216,Wicked - Piano/Vocal Arrangement
474953,17217,The Acts of King Arthur and His Noble Knights
1427592,17218,Marchenmond
1073264,17219,The House Between The Worlds
1662371,17220,Urfin Dzhius i ego dereviannye soldaty
1471006,17221,Volshebnik Izumrudnogo goroda
298190,17222,Red Shift
828681,17223,Long After Midnight
1494484,17224,Mistress Masham's Repose
22383267,17225,
19170022,17226,
1715920,17227,Fall Of The Templar (Grey Griffins)
197054,17228,Rise Of The Black Wolf (Grey Griffins)
13332359,17229,Wildcat Fireflies
4682406,17230,The Travelers: Book Two (Pendragon: Before the War)
43456417,17231,
40748368,17232,
25011430,17233,
18005586,17234,
12942786,17235,
6578527,17236,Divine Misfortune
52603350,17237,In Other Lands
42788865,17238,The Hanged Man
11689593,17239,Bone Gods
2437808,17240,
4982543,17241,"The Cold Kiss of Death (Spellcrackers.com, #2)"
16969619,17242,
2510487,17243,The Stone Prince
21526311,17244,"Graveyard Child (The Black Sun's Daughter, #5)"
212827,17245,"The Mirador (Doctrine of Labyrinths, Book 3)"
6397987,17246,Corambis
6058383,17247,Shadow Magic
213756,17248,Kirith Kirin
1193671,17249,The Virtu
6891614,17250,"What A Demon Wants (New Orleans Vampires, #4)"
12850113,17251,Snaring the Huntress
17463009,17252,
41283191,17253,
21994882,17254,
21880848,17255,Amityville Horrible
6958013,17256,
7209218,17257,
24671,17258,Feng noGu nonaushika
1351068,17259,Odalisque
936679,17260,The Eyes of the Overworld
7407749,17261,
2555646,17262,The Arabian Nights II: Sindbad and Other Popular Stories (Arabian Nights No. II)
21450568,17263,
211759,17264,The Callahan Chronicals
708324,17265,Flying Dutch
48305,17266,"The Kingless Land (Band of Four, Vol. 1)"
345264,17267,Children of Amarid
861486,17268,Midnight Sun
943062,17269,"Prince of Ayodhya (Ramayana, Book 1)"
383607,17270,Bordertown: Where Magic Meets Rock & Roll
14048614,17271,
418166,17272,Indiana Jones and the Seven Veils
280615,17273,Hellboy: On Earth as It Is in Hell
98792,17274,Hellboy: Unnatural Selection
579170,17275,Hellboy: Odder Jobs
327554,17276,Toreador
14299576,17277,
1947958,17278,Conan: The Road of Kings
1839828,17279,Lavondyss
213942,17280,The Essential Bordertown (Borderlands)
1105534,17281,
3037396,17282,The World of Null-A
2909773,17283,The Hollowing
25970135,17284,
57405732,17285,
55394301,17286,Protector (Night War Saga Book 1)
56493808,17287,
43508226,17288,Brokenhearted
47064515,17289,
42209838,17290,Nemesis
43962671,17291,
24779974,17292,
23684764,17293,
6427121,17294,"Unbound (The Hollows, #7.5; Night Huntress, #0.5; Sign of the Zodiac, #4.5; Dark Days, #0.6)"
26680311,17295,Apolonia
25078580,17296,
368450,17297,Good Ghouls Do
11089238,17298,
6679309,17299,Undead Much
52490278,17300,Fireblood
26736567,17301,Sublime
19257274,17302,
19093179,17303,The Maelstrom
8611498,17304,Death's Sweet Embrace
45582642,17305,
44611577,17306,
5523459,17307,"Dead Girl Dancing (Dead Girl, #2)"
451480,17308,The Coyote Road: Trickster Tales
7367658,17309,
3410967,17310,Dead Girl Walking
5873848,17311,Salt and Silver
220201,17312,Lily Dale: The Awakening
999513,17313,Switched
2477877,17314,Zombie Blondes
507614,17315,Out of This World
36514,17316,Midnight Brunch
273991,17317,Golden
353007,17318,"Crescent Moon (Nightcreature, #4)"
802117,17319,Fangs But No Fangs (Young Brothers: Book 2)
353041,17320,Bareback
106753,17321,Foop!
1700164,17322,"Beg For Mercy (Mercy Hollings, #1)"
1291558,17323,Platinum
1793933,17324,Blood Is the New Black: A Novel
3028941,17325,Into The Mist (Land of Elyon)
41862259,17326,
16086759,17327,
40734815,17328,
26839908,17329,
25808153,17330,
25365429,17331,
24876038,17332,
24447025,17333,
19185376,17334,
19037780,17335,
51952745,17336,
49300904,17337,
48893154,17338,
40015096,17339,
25273317,17340,
40075812,17341,
31468472,17342,
42788028,17343,Magic for Nothing
45339053,17344,
46137102,17345,Beneath a Waning Moon
18040996,17346,Silently and Very Fast
41484725,17347,
43010013,17348,Gifted
40320983,17349,
40025587,17350,
24534644,17351,
27129117,17352,
538695,17353,Marchen
40121522,17354,Forsaken
15772320,17355,Blood Lite III
10932269,17356,
14765143,17357,Remedial Magic
21402076,17358,The Weird Girls
17301799,17359,
25142358,17360,
602378,17361,Jennifer Scales and the Messenger of Light
14281017,17362,Deceived by the Others
15810627,17363,The Case of El Chupacabra
15321756,17364,Bargain
15321958,17365,Expectations
15321652,17366,
6498505,17367,"Feather (Feather, #1)"
25209558,17368,
18637512,17369,
21480716,17370,
24035854,17371,
15749484,17372,
16552847,17373,
22000479,17374,Dangerous Voices
21362991,17375,The Fierce Reads Anthology
2054820,17376,Foxmask
1856030,17377,Wolfskin
16881867,17378,Thief!
15464468,17379,
12828046,17380,All Just Glass
6498895,17381,Retribution
15049699,17382,Necromancer
21549533,17383,
715233,17384,The Book of Dreams (The Chronicles of Faerie: Book Four)
15604208,17385,Crossroads
17579182,17386,"Always, Angel"
16590847,17387,
1073262,17388,The Planet Savers
13902885,17389,The Crystal Shard: The Graphic Novel
13902928,17390,Streams of Silver: The Graphic Novel
21056,17391,Evermeet: Island of Elves (Forgotten Realms)
23362027,17392,Romulus Buckle & the City of the Founders
1606574,17393,Conan the Barbarian
399097,17394,Conan the Warrior
146931,17395,Conan the Wanderer
2816243,17396,Conan the Buccaneer (Book 6)
1204553,17397,Conan the Usurper
432541,17398,Conan the Adventurer
2407113,17399,"Conan the Destroyer (Conan, #6)"
473283,17400,"Conan the Triumphant (Conan, #4)"
17353924,17401,
25148108,17402,The Conch Bearer
43194190,17403,Shen Yang hazimemashita 20
40860053,17404,Shen Yang hazimemashita 19
26330269,17405,Shen Yang hazimemashita 18
40073400,17406,
1688263,17407,
330491,17408,"The Mysterious Island (The Secrets of Droon, #3)"
1047985,17409,"The Hidden Stairs and the Magic Carpet (The Secrets of Droon, #1)"
14375778,17410,
220737,17411,Jinx On The Divide
282058,17412,Back to The Divide
21922409,17413,
15083889,17414,
19121261,17415,The Interrogation of Ashala Wolf
42577487,17416,
52726401,17417,
21989751,17418,Damned (The Pirate Series)
39076704,17419,
23730978,17420,
40064655,17421,
26481236,17422,Blood and Bite
22386798,17423,
21774563,17424,
53387221,17425,
25453400,17426,Firefly Hollow
45764791,17427,
21918734,17428,
41705964,17429,
24362188,17430,
15467617,17431,Touching the Surface
44701510,17432,
44799175,17433,
47359968,17434,
49155413,17435,
48656575,17436,
18111517,17437,
183060,17438,Penumbra
25198403,17439,
18341927,17440,
16006369,17441,Deadly Captive
40077486,17442,Jinn and Juice
44242783,17443,
3477407,17444,"Cry Sanctuary (Red Rock Pass, Book 1)"
13516569,17445,"Wilder's Mate (Bloodhounds, #1)"
22259788,17446,
21567542,17447,
3513819,17448,What's New Pussycat?
18221842,17449,
13049720,17450,
650759,17451,The Dragon on the Border (Dragon Knight #3)
578549,17452,"Mindspeaker's Call (Ghatti's Tale, #2)"
578550,17453,"Finders Seekers (Ghatti's Tale, #1)"
518818,17454,"On Her Majesty's Wizardly Service (Cats of Grand Central, #2)"
1468153,17455,"The Book of Night with Moon (Cats of Grand Central, #1)"
19107288,17456,
15661188,17457,The Dark Elite: Volume 1 (Firespell & Hexbound)
48199655,17458,
17934666,17459,"Dead Soul (In Her Name: The Last War, #3)"
10789433,17460,"Legend of the Sword (In Her Name: The Last War, #2)"
23642533,17461,
21520287,17462,
23587899,17463,
288339,17464,Vampire: The Requiem (nWOD)
1946448,17465,The Twilight Herald
200917,17466,"Liar's Oath (Legacy of Gird, Book 2)"
21566283,17467,
16411224,17468,
9824804,17469,
2889327,17470,The Secret of Crickley Hall
1232279,17471,The Final Reckoning
80617,17472,The Crystal Prison
41069115,17473,
42903022,17474,Hunted Holiday: A Vampire Romance
45330855,17475,
46436780,17476,
18969357,17477,
22375420,17478,Untimed
6577608,17479,The Honour of the Knights
17304273,17480,
6936911,17481,A Matter Of Blood
25095549,17482,
49877,17483,"The Whim of the Dragon (The Secret Country Trilogy, Vol. 3)"
49876,17484,"The Hidden Land (The Secret Country Trilogy, Vol. 2)"
1149057,17485,Fell
16673341,17486,
1451847,17487,The Limits of Enchantment: A Novel
21513063,17488,
170361,17489,The Tooth Fairy
3326533,17490,Dark Sister
15546528,17491,Death Watch
1239054,17492,The Ghosts Of Sleath
212443,17493,The Touch
15464478,17494,Wolf at the Door
30563,17495,Really Unusual Bad Boys
24644247,17496,Fairies in My Fireplace
21490836,17497,Pooka In My Pantry
53244644,17498,
2077759,17499,Invisible City
2769365,17500,Lionboy
2464345,17501,Lionboy: The Chase
48556856,17502,
54788230,17503,Semua Ikan di Langit
7025789,17504,El regreso del joven principe
10948479,17505,7 Hari Menembus Waktu
121762,17506,Wizards: Magical Tales From the Masters of Modern Fantasy
25337582,17507,Battle of the Beasts
40771532,17508,
16164291,17509,
3284569,17510,"Erec Rex: The Search for Truth (Erec Rex, Book 3)"
1547976,17511,The Leap
18989920,17512,Gods and Warriors
24336296,17513,
15295640,17514,Soldier Mine
5575000,17515,Pledge Slave
16314498,17516,
12959038,17517,
10408063,17518,
10408042,17519,
10408003,17520,
11244102,17521,"King Of Prey (King Of Prey, #1)"
6686148,17522,Dark Elves III: Salvation
7165294,17523,Mastered
24796457,17524,Lacey and Lethal
13341994,17525,
13547816,17526,
17462944,17527,FrostFire
16264383,17528,Draconian Measures
477677,17529,"Triad (Witches Knot, #1)"
2112530,17530,Binding Krista
66356,17531,"The Warrior Prince (Dragon Lords, #4)"
21750809,17532,
17366812,17533,Bound to the Prince
13367975,17534,
16943784,17535,
6671683,17536,Bacchus
13100899,17537,
608007,17538,Warlord
19241615,17539,
24502277,17540,Dark Kings
39931001,17541,
41215969,17542,Hot Blooded
41680979,17543,
46067067,17544,
373707,17545,On the Edge of Darkness
17989306,17546,The Dress
22008926,17547,Zuruck nach Hollyhill
45550460,17548,The Map
21601548,17549,
13496968,17550,
17482502,17551,Exiled
24800418,17552,
21802402,17553,
19073078,17554,
17388983,17555,El libro de Gabriel
15346892,17556,
14156976,17557,
2730028,17558,Touch of Darkness (The Thrall #3)
531673,17559,Touch of Madness (The Thrall #2)
85911,17560,"Watchers in the Night (The Guardians of the Night, Book 1)"
3328773,17561,"Night Falls Darkly (Shadow Guard, #1)"
824928,17562,Sword and Sorceress III
16797569,17563,The Auction
17442435,17564,
6684844,17565,Jane and the Damned
290199,17566,The Goblin Companion
1835563,17567,Mirror
42955741,17568,Graceful
45842365,17569,
3890793,17570,Death: A Life
45780725,17571,Grayling's Song
44669178,17572,
44534409,17573,
24575049,17574,
19216898,17575,Constable & Toop
42672818,17576,
1775203,17577,The Resurrectionist
16256450,17578,Silvermay
1104665,17579,Four for Tomorrow
121373,17580,Escape from the Carnivale
5107186,17581,Septimus Heap: The Magykal Papers (Septimus Heap)
374215,17582,Household Gods
1382166,17583,Camber of Culdi
147898,17584,"Sea of Sorrows (The Sun Sword, Book 4)"
169642,17585,"The Shining Court (The Sun Sword, Book 3)"
10868836,17586,Red Moon Rising
41927003,17587,
26098174,17588,
20434588,17589,
18629466,17590,Mo Fa Shao Nu madokamagika 2
18284368,17591,Mo Fa Shao Nu madokamagika 1
7162491,17592,The Dead Path
20435,17593,In Silent Graves
52837258,17594,
25741,17595,Inside Job
49659767,17596,Good Intentions
49761547,17597,
21495576,17598,
43546815,17599,
40160100,17600,
89666,17601,"The Chronicles of Narnia: The Lion, the Witch and The Wardrobe (Sheet Music)"
42656825,17602,
41819376,17603,
24255175,17604,"Element, Part 1"
21563669,17605,"Soul Meaning (Seventeen, #1)"
19173812,17606,
17272088,17607,
13723864,17608,
212254,17609,Mordant's Need
1364652,17610,The Witch Doctor
1364653,17611,The Secular Wizard
486625,17612,The Oathbound Wizard
19092205,17613,
1761301,17614,"Prince of Spies (Dragon Knights, #4)"
47307321,17615,
15575165,17616,Now or Never
46913453,17617,
1370414,17618,The Dead Room
45817432,17619,
46570658,17620,
53095947,17621,"Emerald Dragon (Awakened Dragons, #6)"
52697499,17622,
52358167,17623,
52133039,17624,"Ruby Dragon (Awakened Dragons, #3)"
52025471,17625,
51386559,17626,
56128551,17627,
56070658,17628,
56013285,17629,
42400465,17630,
45022184,17631,
6144655,17632,"Sacred Places (Druid, #1)"
26683790,17633,Agent I1: Tristan
50228901,17634,
44987532,17635,Viking Warrior Rising
48309526,17636,
45693901,17637,
42058937,17638,
45528608,17639,
43266286,17640,Edge of Darkness
1956795,17641,"Any Way You Want It (New Orleans Vampires, #1)"
45937244,17642,
43402199,17643,
43435220,17644,By the Light of the Moon
5941068,17645,Border Lair
6625611,17646,Tooth and Claw
9865388,17647,
40792385,17648,
46822667,17649,
23697563,17650,Bear with Me
13733848,17651,Eye of the Beholder
42756234,17652,
15517419,17653,Within the Flames
10453638,17654,In the Dark of Dreams
19120447,17655,Silence of the Wolf
17478659,17656,
6530625,17657,"The Fire King (Dirk & Steele, #9)"
15269676,17658,
41397716,17659,Taken
21807679,17660,
10924967,17661,
273405,17662,"When Wizards Rule (Wizard Twins, #2)"
15897001,17663,
700054,17664,Penelope
19263759,17665,Into the Bermuda Triangle
16826733,17666,Zola's Pride
6808337,17667,"Embrace the Night Eternal (Envy Chronicles, #2)"
18326545,17668,
11061385,17669,Bespelling Jane Austen
1188767,17670,"Draw One in the Dark (Shifters, #1)"
13156361,17671,The Keepers
3244268,17672,Double Enchantment
6103079,17673,Nightwalker
943744,17674,The Witches of Karres
233516,17675,"Pyramid Scheme (Pyramid, #1)"
1027642,17676,A Scholar of Magics
1097824,17677,Afternoon of the Elves
1369513,17678,The Violet Fairy Book
460724,17679,The Crimson Fairy Book
24339014,17680,
2995157,17681,The Lilac Fairy Book
1283325,17682,The Olive Fairy Book
1369492,17683,The Brown Fairy Book
760598,17684,The Orange Fairy Book
3273617,17685,The Pink Fairy Book
760601,17686,The Yellow Fairy Book
244466,17687,The Green Fairy Book
2526492,17688,Seaward
2781420,17689,The Red Fairy Book
2001550,17690,Black Maria
21620324,17691,
14551127,17692,
7311537,17693,Changeling
755574,17694,Resurrection #3 (The Wereling)
4993531,17695,Night Runner
19051723,17696,Passenger
26127979,17697,
3061364,17698,Stonefather
1171240,17699,The Doomfarers of Coramonde
195433,17700,"Epiphany of the Long Sun (Book of the Long Sun, Books 3 and 4)"
652311,17701,The Misplaced Legion
3162240,17702,An Emperor for the Legion
97990,17703,Swords of the Legion
97905,17704,The Legion of Videssos
958538,17705,The Falling Woman
602873,17706,Blood Trillium
486650,17707,
796821,17708,Guards of Haven
1201013,17709,"The Harrowing of Gwynedd (Heirs of Saint Camber, Vol I)"
1201011,17710,"King Javan's Year (Heirs of Saint Camber, Vol 2)"
1201010,17711,The Bastard Prince
17294169,17712,Son of Spellsinger
7205491,17713,Divine Beginnings
6785979,17714,A White Cougar Christmas
41371883,17715,
6996013,17716,Three Dog Night
6699620,17717,"Storm Warning (Triple Trouble, #2)"
6674350,17718,"Trouble Comes in Threes (Triple Trouble, #1)"
458044,17719,Coast To Coast Ghosts: True Stories of Hauntings Across America
1171083,17720,Tamsin
241036,17721,The Devil's Advocate
1405268,17722,The Mennyms
1785404,17723,The Search for Delicious
22227210,17724,
228019,17725,A Darker Dream
27110219,17726,
1489804,17727,"Highland Vampire (MacNachton Vampires, #2)"
484297,17728,Shades of Gray
6916296,17729,"Everlasting Kiss (Everlasting, #1)"
2278530,17730,Dead Perfect
3421628,17731,Night's Pleasure
3128812,17732,Night's Master
2616430,17733,Night's Touch
2628327,17734,"Bound by Shadow (The Dark Crescent Sisterhood, Book 1)"
484303,17735,Desire After Dark
90126,17736,"A Taste of Crimson (Crimson City, #2)"
298323,17737,"Through a Crimson Veil (Crimson City, #3)"
484292,17738,Midnight Embrace
52577154,17739,
45279959,17740,Heir to the Sky
25473109,17741,Storm
6556565,17742,Alyzon WhiteStarr
284702,17743,Night of the Living Rerun
1466961,17744,"The Angel Chronicles, Vol. 1"
1165120,17745,"The Angel Chronicles, Vol. 2"
47486,17746,Blooded
284701,17747,Coyote Moon
683324,17748,Halloween Rain
18298985,17749,A Cajun Werewolf Christmas
16739659,17750,
6876438,17751,Shadow Mirror
1284213,17752,Walk of the Spirits
3004379,17753,The Gathering
21811298,17754,
44431952,17755,
44915222,17756,The Narrative of Arthur Gordon Pym of Nantucket
27237014,17757,
21809007,17758,
24601252,17759,Tent City
21580103,17760,
521666,17761,Leaping Beauty: And Other Animal Fairy Tales
398375,17762,Umney's Last Case (Penguin 60s)
19150722,17763,
21398563,17764,Caged Warrior
16797099,17765,Flame of Surrender
21560354,17766,
45102362,17767,
54121069,17768,The Unlikeable Demon Hunter
49795841,17769,
50494181,17770,
50626545,17771,
25095567,17772,
43367988,17773,Shestoi Dozor
44883362,17774,"The Familiar, Volume 2: Into the Forest"
26588821,17775,
48867496,17776,
26739960,17777,
6570035,17778,The Winds of Winter
48632722,17779,
437975,17780,At Winter's End
47079607,17781,Warcraft: Durotan
24490252,17782,
41818360,17783,
26215762,17784,
40150517,17785,
26215750,17786,
24167955,17787,
21594359,17788,
26650617,17789,
25593927,17790,One Bite
25260960,17791,
22028491,17792,
41635,17793,Glass Soup
1787075,17794,The Shadow Year: A Novel
1407177,17795,Paingod and other Delusions
55627,17796,Rider at the Gate
356124,17797,The Wooden Sea
1670575,17798,The Minotaur Takes a Cigarette Break
45781067,17799,The Awakening of Sunshine Girl
3005128,17800,Elsewhere
2562781,17801,Kwaidan: Stories and Studies of Strange Things
882910,17802,Burnt Offerings
16212107,17803,
6774043,17804,Seeking Spirits: The Lost Cases of The Atlantic Paranormal Society
34395,17805,Wither
104291,17806,Ghosts Among Us: True Stories of Spirit Encounters
265459,17807,The Myrtles Plantation: The True Story of America's Most Haunted House
890802,17808,Ghost Hunting: True Stories of Unexplained Phenomena from The Atlantic Paranormal Society
143140,17809,Grave's End
99187,17810,Saffron and Brimstone: Strange Stories
1716177,17811,Mortal Love: A Novel
1179447,17812,The Loveliest Dead
50499449,17813,Spellbook of the Lost and Found
25781603,17814,The Sorcery Code
15830832,17815,Stolen Away
24504857,17816,"Fountain Of Secrets (Relic Seekers, #2)"
23635434,17817,
24504907,17818,
254998,17819,"Scrutator (The Well of Echoes, #3)"
1624062,17820,"Chimaera (The Well of Echoes, #4)"
255022,17821,"Tetrarch (The Well of Echoes, #2)"
41439190,17822,Serpentine
43145793,17823,
47285017,17824,
36424579,17825,
179002,17826,Shadowsinger
43200414,17827,Seven Sisters (Seven Sisters #1)
44748865,17828,
306943,17829,Little Wizard Stories Of Oz
11451708,17830,Finding the Way and Other Tales of Valdemar
559545,17831,"Cartomancy (The Age of Discovery, #2)"
24498604,17832,
40819045,17833,
14316276,17834,
25652178,17835,
19142009,17836,
16312528,17837,
21974272,17838,
23682447,17839,
17007092,17840,
977217,17841,"The Language of Power (The Steerswoman, #4)"
977218,17842,"The Lost Steersman (The Steerswoman, #3)"
977219,17843,"The Outskirter's Secret (The Steerswoman, #2)"
1309450,17844,"The Aware (The Isles of Glory, #1)"
14358819,17845,
23577807,17846,
21479270,17847,
20385605,17848,
17945726,17849,
25031758,17850,
25638474,17851,
19190200,17852,Firefly Beach
1769242,17853,The House of Doors
891293,17854,Race Against Time
5021272,17855,The Reach (Leisure Fiction)
29779,17856,Kong Se Gou Yu
6843159,17857,The Twelve Kingdoms: Skies of Dawn
14655591,17858,ICO-Wu noCheng
118969,17859,bureibusutori
24651783,17860,Unleashed
25795685,17861,
52970826,17862,
52360051,17863,The Dragons of Nova
49300935,17864,
41947388,17865,
2388047,17866,"Thrice United (Witches Knot, #4)"
42462087,17867,
41080354,17868,
44706270,17869,
45933669,17870,
44993364,17871,
24653414,17872,
18492951,17873,
44213678,17874,
9807073,17875,
22009652,17876,
29894565,17877,
21573723,17878,Rocky
24079877,17879,
37571302,17880,Blood Mate
439567,17881,The Dark Prince
30714573,17882,
27482218,17883,
26491748,17884,
6147170,17885,"The Bond That Ties Us (Eternal Bond, #1)"
1232998,17886,Heart Dance
17367680,17887,
21904901,17888,
16229438,17889,
6520202,17890,Eurydice
7218077,17891,Moonshine
19043940,17892,
17006152,17893,Creatura
15736939,17894,Hidden
6504496,17895,Devil's Kiss
13440542,17896,
254962,17897,The Moon and the Sun
719995,17898,Teenage Mermaid
339007,17899,"Alice at Heart (Waterlilies Series, #1)"
6494266,17900,In Great Waters
13849263,17901,
18451305,17902,
17051010,17903,The Waiting Booth
16410551,17904,Blood Born
16332064,17905,
21533073,17906,A Deadly Web
23590418,17907,
3990345,17908,The Treasure Keeper
24511270,17909,
51846019,17910,
18321844,17911,Troll Bridge
13220085,17912,The signal-man
40270262,17913,"Mrs Bradshaw's Handbook (Discworld, #40.5)"
23997558,17914,
6395772,17915,"The Sword and the Flame (The Dragon King, Book 3)"
2501162,17916,Sisters of the Raven (Aspect Fantasy)
35169,17917,"The Conan Chronicles 1 (Conan, #1-3)"
25658712,17918,
159035,17919,"Vampire War Trilogy (Cirque Du Freak, Books 7-9)"
159037,17920,"Vampire Rites Trilogy (Cirque Du Freak, Books 4-6)"
42472961,17921,
42360379,17922,Once Upon a Time: A Story Collection
26373614,17923,Earthquake
18516414,17924,
11258864,17925,"Dom, v kotorom..."
41292278,17926,
501228,17927,"Shapechanger's Song (Chronicles of the Cheysuli, Omnibus 1)"
3173963,17928,Down Among the Dead Men
45537348,17929,
49239478,17930,
50648006,17931,My Name is Markham
40233105,17932,
42439408,17933,Clash of Iron
1249612,17934,The Citadel of Chaos
661322,17935,Deathtrap Dungeon
24817714,17936,The Lost
24860924,17937,
15938763,17938,Night Beach
921757,17939,"My Sister is a Werewolf (Young Brothers, #4)"
284904,17940,"I Only Have Fangs For You (Young Brothers, #3)"
2595729,17941,Before I Wake
20060757,17942,
43239900,17943,
25101514,17944,Tunnel Vision
17447235,17945,
8944708,17946,The Dead Boys
21543847,17947,"No Return (Jeroun, #1)"
41999188,17948,The Devil's Detective
968920,17949,The Marriage of Sticks
26611013,17950,Nine Goblins
426994,17951,Bride of the Rat God
6916531,17952,
15421133,17953,
3232084,17954,Hell is the Absence of God
182903,17955,The Copper Crown
42912437,17956,
42912435,17957,
26580626,17958,
45222855,17959,
21861167,17960,The Winter People
39874250,17961,
21383625,17962,
25031301,17963,
24075477,17964,
18544071,17965,
16354757,17966,
16016609,17967,Havoc
22242620,17968,
21869955,17969,
19106049,17970,Wielder's Rising
28769562,17971,The Ghost Files 2
6445081,17972,The Spook's Bestiary: The Guide to Creatures of the Dark (The Last Apprentice / Wardstone Chronicles)
21406462,17973,The Darke Toad
18081468,17974,Thicker Than Water
51298123,17975,
44123648,17976,Led Astray: The Best of Kelley Armstrong
45805924,17977,"Outtakes from the Grave (Night Huntress, #7.5)"
13004831,17978,
14496117,17979,"The Legend of Michael (Zodius, #1)"
16642723,17980,The Merzetti Effect
52148475,17981,
17371004,17982,
21693835,17983,Jaguar Fever
648728,17984,"East of the Sun and West of the Moon (The Council Wars, #4)"
869853,17985,The Gate of Ivory
7364695,17986,
16279984,17987,Heaven to Wudang
13252500,17988,Hell to Heaven
9627839,17989,
2086141,17990,"Red Phoenix (Dark Heavens, #2)"
43556548,17991,The Smuggler and the Warlord
42460815,17992,Fighting Instinct
6854658,17993,Hemovore
16819333,17994,Crying for the Moon
15711323,17995,
21545248,17996,The Gravedigger's Brawl
6148951,17997,The Long Way Home
16128312,17998,"Last Line (Last Line, #1)"
26124548,17999,Jack
28142427,18000,
24069369,18001,
15655188,18002,
4057295,18003,Verdigris Deep
3234374,18004,The Word Eater
14344137,18005,
924563,18006,Dinotopia Lost
836792,18007,The Dark Portal
10979,18008,The Great Redwall Feast (Redwall)
1177166,18009,The Battle For The Castle
801200,18010,"Voyage of Slaves (Flying Dutchman, #3)"
44180150,18011,Kingdom of Ashes
42378716,18012,
2472515,18013,Stormed Fortress
222463,18014,Queste del Saint Graal
1125921,18015,The Gods of Pegana
1025554,18016,Red Unicorn
2638,18017,Gold Unicorn
6750554,18018,The Twilight Reign: Ragged Man Bk. 4
21873472,18019,
13546152,18020,
12274018,18021,The Fallen Blade
55539,18022,Fortress of Ice
1791857,18023,Fortress of Owls
2641319,18024,Fortress of Eagles
1860207,18025,"The Heart of the Mirage (Mirage Makers, #1)"
3333408,18026,Crown of Stars
13598146,18027,Lady-Protector
2278131,18028,Revenge
1486870,18029,Destiny
3732607,18030,Songs of the Dying Earth: Stories in Honour of Jack Vance
1103863,18031,"The Grave Thief (Twilight Reign, #3)"
1026842,18032,Peril's Gate
2641318,18033,"Fortress of Dragons (Fortress, Book 4)"
10939622,18034,
10939611,18035,Fire World
13395719,18036,"Cabel's Story (Dream Catcher, #1.1)"
9929312,18037,
26018200,18038,
21866758,18039,
24938762,18040,
24255053,18041,Crimson Debt
6488960,18042,A Mermaid's Ransom
398423,18043,Stolen Magic
2210999,18044,A Kiss of Fate
2976343,18045,"Primal Needs (Prime Series, Book 7)"
290325,18046,"Primal Heat (Prime Series, #5)"
1282544,18047,"I Thirst for You (Prime Series, Book 2)"
48079251,18048,
44915149,18049,
946088,18050,Skammerkrigen
1983940,18051,Skammertegnet
249239,18052,kinonoLu  I
2172980,18053,The Isle of Battle
1455095,18054,The Burning City
3155001,18055,Fairy and Folk Tales of the Irish Peasantry
1250516,18056,Complete Conan of Cimmeria
18035480,18057,Rivals and Retribution
17243506,18058,
45892809,18059,
25987195,18060,
41758023,18061,
19075122,18062,
15668373,18063,Mind Over Monsters
43129110,18064,
16492099,18065,
16435623,18066,
8685008,18067,"The Map of All Things (Terra Incognita, #2)"
25738310,18068,
26015502,18069,Creatus
21808018,18070,
19228381,18071,
18407982,18072,
44080122,18073,Bound by Spells
41320887,18074,
24586502,18075,First Bite
2477467,18076,Goddess
808925,18077,Thief With No Shadow
1148273,18078,"The Heart of Myrial (The Shadowleague, Book 1)"
178775,18079,Circle of Death
40903,18080,Intervention
40908,18081,"Magnificat (Galactic Milieu Trilogy, #3)"
4923407,18082,"Knowing Caleb (Hawkins Brothers/Quinten, Montana, #5)"
15470375,18083,
15123805,18084,
14971796,18085,
19134991,18086,
15723205,18087,
21942721,18088,
19197938,18089,
17975670,18090,Edric
15472040,18091,
16416399,18092,
17915434,18093,
18869278,18094,
17431185,18095,
17431236,18096,
18256423,18097,
16416498,18098,
22596605,18099,A Boy and His Dragon
13490425,18100,
6576318,18101,"Ardeur: Unauthorized Essays on Laurell K. Hamilton's Anita Blake, Vampire Hunter Series (Smart Pop)"
42860710,18102,
42816415,18103,
16686861,18104,
870957,18105,The Tricksters
33131,18106,"Underworld (Underworld, #1)"
40726965,18107,
26522334,18108,The Supernatural Enhancements
23595995,18109,The Secret of Abdu El-Yezdi
17323760,18110,
302418,18111,The Town That Forgot How to Breathe
1689776,18112,The Merlin Effect
45346993,18113,
170438,18114,"The Blood Books, Volume I (Omnibus: Blood Price / Blood Trail)"
184641,18115,Kalpa Imperial
622728,18116,Die Haarteppichknupfer
1407213,18117,Stalking the Unicorn: A Fable of Tonight
1381448,18118,The King's Peace
2501182,18119,Mother of Winter
55652,18120,The Dreaming Tree
372876,18121,Mockingbird
1415919,18122,Dingo (Newford #22)
3471663,18123,Sei Dragon Girl
863365,18124,The Book of Joby
16924698,18125,The Golden Door
19157661,18126,
21577890,18127,The War for Banks Island
16827542,18128,The Art of The Hobbit
1623593,18129,"Out Of Times Abyss (Caspak, #3)"
1027401,18130,The People That Time Forgot
2600917,18131,The Order of Odd-Fish
7351219,18132,
1662344,18133,Die Rache der Zwerge
1662343,18134,Der Krieg der Zwerge
21987568,18135,
18364451,18136,The City's Son
12547904,18137,The Five Fakirs Of Faizabad
7408419,18138,Dark Goddess
26738183,18139,Cat Out of Hell
18303355,18140,
19181675,18141,
1171189,18142,The Witch's Boy
45517022,18143,Aerie
25325866,18144,Becoming Jinn
43208335,18145,The Dagger in the Desk
17132464,18146,Black Spring
2373711,18147,Rozen Maiden 1
473380,18148,Dazzle Volume 1
542641,18149,Ghost Hunt 7 (Ghost Hunt)
542638,18150,Ghost Hunt 2 (Ghost Hunt)
1338701,18151,"The Tarot Cafe, #4"
1338692,18152,"The Tarot Cafe, #3"
1338748,18153,"The Tarot Cafe, #2"
488767,18154,By These Ten Bones
32219,18155,toriniteiburatsudo Rage Against the Moons I huromuzienpaia
599425,18156,Complete Warrior
1371881,18157,"City of Sorcery (Darkover, #14)"
116082,18158,The Stories of Ray Bradbury
1433632,18159,The Silver Branch
51720170,18160,
49340660,18161,That Game We Played During the War
47877428,18162,The Maiden Thief
3545602,18163,ywtwby
19111636,18164,The Brothers Wroth
50278232,18165,
430909,18166,Piers Anthony's Visual Guide to Xanth
18129992,18167,
26006610,18168,
49767882,18169,
53525330,18170,
44516456,18171,
47869225,18172,Unwanted
47250913,18173,
42899915,18174,
43827427,18175,
25529581,18176,Night's End
24494786,18177,Real Vampires Know Size Matters
24744364,18178,
19147992,18179,
14524213,18180,
16491973,18181,
8203273,18182,
659960,18183,Circus of the Darned
783121,18184,Got Fangs?
7096339,18185,
6754275,18186,Werewolf Smackdown
3838107,18187,Jailbait Zombie
639351,18188,pnyctntr [Pancatantra]
16691209,18189,Il cavaliere inesistente
1486566,18190,Marchen
2963754,18191,The Adventures of Tom Bombadil and Other Verses from the Red Book
43009513,18192,
18359092,18193,
18010788,18194,
18010758,18195,
17669984,18196,
17297018,18197,
18714134,18198,
653539,18199,Blithe Spirit
18461763,18200,
21407232,18201,
25029174,18202,Ambrosia Shore
25747906,18203,Chaos
16703555,18204,
40025,18205,Under the Moons of Mars
211738,18206,Callahan's Legacy
25095496,18207,Mentants of Dune
1852558,18208,Beyond the Hanging Wall
2095444,18209,Time Travellers Strictly Cash
583643,18210,The Streets of Ankh Morpork: Being a concife and possibly even accurate Mapp of the Great City of the Discworld : Including Unfeen University and environs!
25630348,18211,
10731645,18212,
10486105,18213,
10457212,18214,Super Human
13796423,18215,
1171808,18216,Storm Over Warlock
135896,18217,Undine
15388454,18218,The History Keepers. The Storm Begins
17606366,18219,
19171903,18220,The Constantine Affliction
14706383,18221,Son Of Heaven
18980216,18222,East of Ecstasy
16104033,18223,
18980209,18224,South of Surrender
26208760,18225,
16348715,18226,The Curse Girl
6708456,18227,Whisper
16960388,18228,In a Fix
19072567,18229,
15553487,18230,
3920,18231,King's Blood Four
14341922,18232,The Companions
6317390,18233,
15876025,18234,Fierce Dawn
6444451,18235,The Fey
17215748,18236,
16324028,18237,
6580107,18238,"Skin Game (Skin, #1)"
6418941,18239,Dark Time
16937165,18240,Mistwalker
16792185,18241,
7357188,18242,Cold Sight
15570935,18243,
7252521,18244,
7157720,18245,
7143482,18246,rozariotobanpaia season II 1
15220588,18247,Janitors
223913,18248,Eye Of The Oracle
14298124,18249,Trance
17352434,18250,
7114684,18251,
18172043,18252,
192096,18253,Darkfall
14539948,18254,
15093500,18255,
16149992,18256,
16681356,18257,
15414695,18258,On a Dark Wing
16736103,18259,Altered (Setenid Blight #1)
17618948,18260,
16511000,18261,
15710512,18262,
19194387,18263,"Gifted, A Donovan Circus Novel"
18903151,18264,
1831435,18265,
9924560,18266,
10129142,18267,Frost Moon
353066,18268,Vulnerable
40229210,18269,Put' Shamana. Taina Temnogo lesa.
6591041,18270,Rebirth
6591038,18271,Tainted
6241642,18272,Manikin
6241657,18273,Vertigo
45818699,18274,
25606251,18275,
21810611,18276,
17231272,18277,Ember
18738102,18278,
518740,18279,Cloud's Rider
2132726,18280,Gene Of Isis
1432966,18281,An Echo in Time: Atlantis
2162034,18282,Masters of Reality: The Gathering
179437,18283,"Whiskey and Water (Promethean Age, Book 2)"
179435,18284,"Blood and Iron (Promethean Age, Book 1)"
2987303,18285,Elidor
1787521,18286,"Breed to Come (Vintage Ace, 07895)"
2986816,18287,Moon of Three Rings
858417,18288,Cuckoo's Egg
55705,18289,Gate of Ivrel
15972266,18290,Well-Tempered Clavicle
6504425,18291,Knot Gneiss
3182436,18292,Two to the Fifth
42431542,18293,The Crow Talker
42459917,18294,Boo
26473032,18295,
18082394,18296,Lucid
13225040,18297,Wishful Thinking
319409,18298,The Fall of Lucifer (Chronicles of Brothers)
24650815,18299,
27567651,18300,
19138483,18301,
18641497,18302,
18484823,18303,
7354609,18304,
24654803,18305,
21609095,18306,
21969163,18307,
3095600,18308,"Kiss of a Dark Moon (Moon Chasers, Book 2)"
22236604,18309,
18748196,18310,
848964,18311,"Black Thorn, White Rose"
293243,18312,"Metallic Love (Silver Metal Lover, #2)"
2204975,18313,Unicorn Variations
6418012,18314,Tarzan the Terrible
1649346,18315,After Worlds Collide
6695275,18316,The Light
17423,18317,The World of Shannara
29965,18318,Beyond Thirty
813932,18319,Tarzan the Invincible
46044413,18320,The Land That Time Forgot
320700,18321,Tarzan at the Earth's Core
1204562,18322,Conan of the Isles
1301206,18323,The Flight of the Horse
50579281,18324,Beauty and the Beast Novelization
2320591,18325,Dragonsdale
48561140,18326,
48131672,18327,
47851368,18328,
40026899,18329,Next Top Villain
2096673,18330,"Pandora Gets Jealous (Pandora Series, #1)"
42461498,18331,
40321063,18332,
54380591,18333,
45686774,18334,
24176752,18335,How to Date a Dragon
3673950,18336,Casual Hex (Hex series #3)
44110434,18337,
49965355,18338,The Wind and the Void
52911130,18339,Soulsmith
49030897,18340,
51106215,18341,Unsouled
43128366,18342,
21734521,18343,
41125531,18344,
45495806,18345,
25196105,18346,Dreamstrider
42575331,18347,Witch's Pyre
15093755,18348,Above World
45760886,18349,A Boy Called Christmas
42003341,18350,
21945949,18351,
16289740,18352,
17594520,18353,Wielder's Awakening
7250268,18354,Redemption in Indigo
541429,18355,Fitcher's Brides
824927,18356,Sword and Sorceress II
43981438,18357,
42713938,18358,
25649513,18359,
44393465,18360,
40379501,18361,
14813228,18362,Phoebe and Seithe (Neuripra Book 1)
21805389,18363,
22429607,18364,
18256997,18365,Open Door Invitation
8181119,18366,The Fairy's Return (The Princess Tales)
25938669,18367,
42141612,18368,
4030687,18369,Indigo
47416361,18370,The Starlit Wood: New Fairy Tales
97117,18371,"Titans of Chaos (Chronicles of Chaos, #3)"
1116984,18372,I Am Mordred
290176,18373,Goblins in the Castle (Minstrel Book)
40801915,18374,"Shift Happens (Carus Series, #1)"
42572740,18375,
41326535,18376,
25426580,18377,
43324892,18378,
25690185,18379,
48292554,18380,
48292549,18381,
48292557,18382,
14149907,18383,
484298,18384,Sunlight Moonlight
484295,18385,Deeper Than the Night
40211717,18386,
19320759,18387,
236880,18388,A Whisper of Eternity
484293,18389,After Sundown
11538304,18390,Left for Undead
7221350,18391,"Never Cry Werewolf (Crimson Moon, #5)"
1086132,18392,
25030746,18393,
3337652,18394,Ice Land
448311,18395,Fluke
13586379,18396,Ash
40167968,18397,
46822015,18398,
17476685,18399,
15711308,18400,
6723911,18401,"Catching Midnight (Midnight, #1)"
6480535,18402,To Hate and To Hold
14981995,18403,
21409104,18404,
19192833,18405,
19927492,18406,
19051332,18407,
16166765,18408,
15892652,18409,
15231672,18410,
14740371,18411,
15588370,18412,
15074423,18413,
14576421,18414,
14576404,18415,
14207088,18416,
13432930,18417,
13744476,18418,
17528925,18419,
18311412,18420,
17516579,18421,
15696233,18422,
15479671,18423,
14417218,18424,
17915360,18425,
17915298,18426,
17915268,18427,
17915283,18428,
6686610,18429,
12819073,18430,
6493063,18431,
10932593,18432,Reaper's Justice
15464534,18433,"Slade  (Shadow Wranglers, #4)"
3090596,18434,Chronicle of Ages (Celestial Triad Book 1)
50755147,18435,Dreadnought
49190409,18436,The Liberation
24732919,18437,
13394990,18438,The royal treatment
15337023,18439,
1073231,18440,Sword and Sorceress V
21887231,18441,The Best of Connie Willis: Award-Winning Stories
12934724,18442,
1592009,18443,The Eye of the Heron
689940,18444,Don't Bet on the Prince: Contemporary Feminist Fairy Tales in North America and England
1592301,18445,Anne Mccaffrey: A Life With Dragons
26413087,18446,
19107299,18447,
18285205,18448,"Devil's Luck (The Disillusionists, #3.5)"
6002460,18449,
2490132,18450,Let the Night Begin
1336228,18451,"Taken by the Night (The Brotherhood of Blood, Book 3)"
13201576,18452,
850230,18453,The Hunt
2967244,18454,What Dreams May Come
6232707,18455,"Cry Mercy (Mercy Hollings, #3)"
2328363,18456,Angel of Mercy
1068303,18457,"The History of the Hobbit, Part One: Mr. Baggins"
14348904,18458,
22189465,18459,The Morning Star
25464305,18460,
21517184,18461,Men Who Wish To Drown
41430544,18462,
2343000,18463,"First Blood (Includes: Laws Of The Blood, #5.5; Vegas Vampires, #5; Vampire Babylon, #3.5; The Guardians, #3.5)"
5010335,18464,"Sea Lord (Children of the Sea, #3)"
3182615,18465,"Tall, Dark and Kilted"
452687,18466,Mythology (Ologies)
96995,18467,Brian Froud's World of Faerie
16925,18468,The Goblins of Labyrinth : 20th Anniversary Edition
2750783,18469,Sea Fever
21112,18470,"Master of the Moon (Mageverse, #4)"
6723918,18471,Courting Midnight
240144,18472,"Man of My Dreams (includes: The League, #3.5)"
44731359,18473,
52102281,18474,The End of the Day
43078797,18475,Forsaken
25433460,18476,
25589480,18477,"Love and Decay, Episode One"
41385319,18478,
15330114,18479,Witness Protection
14856875,18480,The Written
23694837,18481,Jimmy and the Crawler
2502884,18482,Doors of Stone
2173682,18483,E Pluribus Unicorn
480091,18484,Pilgrimage: The Book of the People
706843,18485,The People: No Different Flesh
1650584,18486,"Two to Conquer (Darkover, #7)"
89247,18487,Angry Candy
44606270,18488,
21430475,18489,"The Lady, or the Tiger?"
25693030,18490,Awoken
16319507,18491,
957679,18492,You You Bai Shu  02
957680,18493,Yu Yu Hakusho 03
957681,18494,Yu Yu Hakusho 04
421008,18495,You You Bai Shu  05
421009,18496,
421010,18497,
13260197,18498,rozariotobanpaia season II 5
13976327,18499,rozariotobanpaia season II 4
12772523,18500,rozariotobanpaia season II 3
8940499,18501,rozariotobanpaia season II 2
15774270,18502,
2323399,18503,Grimpow el camino invisible
1292738,18504,"Lycidas (Uralte Metropole, #1)"
147897,18505,"Hunter's Death (The Sacred Hunt, Book 2)"
104939,18506,"Hunter's Oath (The Sacred Hunt, Book 1)"
147899,18507,"The Riven Shield (The Sun Sword, Book 5)"
19123900,18508,
6726930,18509,Bloodflower
61513,18510,"The Neddiad: How Neddie Took the Train, Went to Hollywood, and Saved Civilization"
4000075,18511,biblioteka
14771196,18512,
384269,18513,Now and Forever
6810924,18514,The Chronicles of Chrestomanci: Volume III (Conrad's Fate & The Pinhoe Egg)
501226,18515,"Legacy of the Wolf (Chronicles of the Cheysuli, Omnibus 2)"
13117840,18516,
18197127,18517,Intuition
16703548,18518,
11607929,18519,
24898771,18520,
21907300,18521,
17035468,18522,"Wolfheart (World of WarCraft, #10)"
122865,18523,The Atlas of Pern
45785370,18524,
17343915,18525,Living Violet
14184256,18526,
23877446,18527,Bloodwitch
2436404,18528,Ghosts Among Us: Uncovering the Truth About the Other Side
49634825,18529,
49634818,18530,
19928143,18531,
55656990,18532,The Werewolf Tycoon's Baby
477699,18533,"The Supernatural Book of Monsters, Spirits, Demons, and Ghouls"
45351186,18534,
40782008,18535,Blood Deep
46123091,18536,Sinful Cinderella
17940624,18537,
16993057,18538,Jane Vows Vengeance
26630615,18539,
19112346,18540,
7259676,18541,
146888,18542,Berserk
1847231,18543,Crystal Flame
2217363,18544,Shield's Lady
26226674,18545,Jocelyn's Story
289554,18546,The World of Darkness (Main Rulebook)
56205331,18547,
563573,18548,"Monstrous Manual (Advanced Dungeons and Dragons 2nd Edition, Accessory/2140)"
25369195,18549,
9834820,18550,
619138,18551,The Writers Complete Fantasy Reference: An Indispensable Compendium of Myth and Magic
21567477,18552,
21464383,18553,The Last Days of Lorien
41852668,18554,
21514645,18555,Mist
48210684,18556,
26419438,18557,
45209259,18558,Farjan
42010764,18559,
48150889,18560,
24889233,18561,
14623606,18562,The Mythology of Supernatural: The Signs and Symbols Behind the Popular TV Show
16758003,18563,
3840580,18564,Supernatural : John Winchester's Journal
6179799,18565,'sTwr@ lmwt~ l'Hy
6179113,18566,'sTwr@ frnknshtyn
6179976,18567,'sTwr@ rjl lthlwj
6187134,18568,'sTwr@ lmqbr@
6187133,18569,'sTwr@ mlk ldhbb
6186909,18570,'sTwr@ akhr llyl
6186940,18571,'sTwr@ 'rD lmGwl
6221535,18572,'sTwr@ byt l'shbH
6179989,18573,'sTwr@ Hsn lmqbr@
6173331,18574,'sTwr@ lTwTm
6186972,18575,'sTwr@ tkhtlf
6221533,18576,'sTwr@ lmHrkyn
6186946,18577,'sTwr@ lfSyl@ lsds@
13909817,18578,smh 'dhm
40727129,18579,
46751663,18580,
6186932,18581,'sTwr@ b`d mntSf llyl
874785,18582,The Various
299408,18583,"Night Bites (Mackenzie Vampires, #2)"
150829,18584,
25792272,18585,Der goldne Topf
7117000,18586,"Skin Tight (Skin, #2)"
7624030,18587,Enemy Lover
2343001,18588,Fallen
20144183,18589,
6603014,18590,Pingo
6600500,18591,The Tear Collector
21762484,18592,
44783654,18593,Shen Yang hazimemashita 21
126426,18594,kingudamuhatsuchieinobumemorizu 2
126427,18595,kingudamu hatsu chiein obu memorizu 1
2899854,18596,"Pandora Gets Vain (Pandora Series, #2)"
535904,18597,The Spiderwick Chronicles: Notebook for Fantastical Observations
43111520,18598,
3883391,18599,"White Star (Epic of Palins, #2)"
41068261,18600,
14654722,18601,Warcry
26615827,18602,Five's Betrayal
25778578,18603,
24589992,18604,Pittacus Lore Transmissions
6479555,18605,"The Guidance (Ghost Huntress, #2)"
7348692,18606,
6186958,18607,The Awakening
1201029,18608,The Shadow Speaker
23692844,18609,
784720,18610,Spinners
10683182,18611,
19107175,18612,Daughter of the sword
7009795,18613,
23908949,18614,
177116,18615,The Game of Sunken Places
18233291,18616,
19071126,18617,"Ghost of a Dream (Ghost Finders, #3)"
15619101,18618,No Hero
7790623,18619,
3200108,18620,Empire: A Zombie Novel
17275485,18621,
15525116,18622,
1171104,18623,Sword of the Rightful King: A Novel of King Arthur
21899384,18624,The Escape of Princess Madeline
46189002,18625,
45534559,18626,The Costume Shop
42705452,18627,Royal Institute of Magic
46859389,18628,Girl in the Shadows
39942000,18629,
41248781,18630,
10411833,18631,
26510,18632,The Lord of the Rings Sketchbook
43985572,18633,The Story of Kullervo
250161,18634,The Faerie Queene: Book One
44187213,18635,Skin
21584944,18636,
25383337,18637,City of Bones: The Little Book of Quotes
45195556,18638,Der Sandmann
2494439,18639,Kinder des Judas
4546537,18640,Reavers Ransom
2964544,18641,Mr. Bliss
2976649,18642,The Ragwitch
43248182,18643,Murder on the Orient Elite
43309882,18644,
18154137,18645,
25037596,18646,
17501965,18647,Draykon
6794380,18648,"Stormrage (World of Warcraft, #7)"
14424644,18649,"The Shattering: Prelude to Cataclysm (World of Warcraft, #8)"
42346618,18650,
42288006,18651,
41884832,18652,
15833459,18653,"The Storm That Is Sterling (Zodius, #2)"
15950094,18654,
13359172,18655,
990214,18656,"Immortality (Immortal Witches, #4)"
24389390,18657,
53432430,18658,
46832379,18659,Masquerade
45625950,18660,The Apprentice's Quest
53607920,18661,
18983877,18662,
24700535,18663,
21804282,18664,
26329387,18665,
24701218,18666,
21599328,18667,
21475571,18668,
6887125,18669,The Language of Dying
21876653,18670,Relic
48150720,18671,Titeres de la magia
24220259,18672,Waterfell
7071076,18673,
48668180,18674,
21805706,18675,Sleeping with the Entity
23914806,18676,
22291672,18677,The Lair
878390,18678,Necklace of Kisses
18450430,18679,Magic of the Angels
20391398,18680,
19248786,18681,
16118726,18682,Vampires Rule
14771036,18683,
22430208,18684,Shadows of Asphodel
45798153,18685,
21801632,18686,Bound by Blood
47308250,18687,
2482119,18688,The Wendigo
16153971,18689,Taken Away
8840651,18690,The Nightmarys
41240498,18691,
10546621,18692,The Frenzy
15799553,18693,
16686496,18694,
18978518,18695,Flutter
792016,18696,Time Windows
2462677,18697,Unleashed
21812736,18698,
9396850,18699,
21362618,18700,
50256,18701,Monster Manual II (Dungeons & Dragons Supplement)
1006272,18702,Changeling: The Lost
13406233,18703,
43746461,18704,
36267870,18705,
21937674,18706,
19191156,18707,
10977,18708,The Redwall Cookbook
170484,18709,The Book of Dragons
12913252,18710,
280829,18711,Supernatural : The Official Companion Season 1
42216473,18712,
1529836,18713,Here Be Monsters
284731,18714,Visitors
212369,18715,Power of Persuasion
284845,18716,Little Things
15327472,18717,"The Dark-Hunters, Vol. 4"
11041927,18718,"The Dark-Hunters, Vol. 3"
6962604,18719,The Dark-Hunters
10094716,18720,souruita 5
13251744,18721,Fated
1620351,18722,"Die Wasserweber (Wellenlaufer-Trilogie, #3)"
922112,18723,"Die Wellenlaufer (Wellenlaufer-Trilogie, #1)"
13261168,18724,Pathfinder Roleplaying Game: Advanced Player's Guide
1724060,18725,Elfenwinter
26649078,18726,
18499820,18727,
17871288,18728,
19260249,18729,The Abominables
23895248,18730,Absolute Surrender
6326307,18731,Amazon Ink
19035770,18732,Skies of Fire
21911370,18733,
26410645,18734,
16750275,18735,
21846197,18736,Gideon Smith and the Mechanical Girl
941097,18737,Ten Sorry Tales
953611,18738,The Glamour
387320,18739,The Magic Cottage
308193,18740,Candlenight
1819248,18741,Bi Fang kara 10
42919301,18742,Bi Fang kara 8
763500,18743,Bi Fang kara 7
42919306,18744,Bi Fang kara 6
1819246,18745,Bi Fang kara 5
1363615,18746,Bi Fang kara 4
42918893,18747,"Bi Fang kara, 2"
2050444,18748,Hero's Song: The First Song of Eirren
820095,18749,The Eyes of God
10877704,18750,"Sleeping Beauty: Vampire Slayer (Twisted Tales, #2)"
43207682,18751,"Words of Radiance, Part 1"
43207676,18752,"Words of Radiance, Part 2"
18000438,18753,Deadweather and Sunrise
926183,18754,Rusalka
926175,18755,Jirel of Joiry
307684,18756,If at Faust You Don't Succeed
549016,18757,"Encyclopedia of Things That Never Were: Creatures, Places, and People"
2982507,18758,Hunters of the Red Moon
81622,18759,"Witch Hill (Occult Tales, book 3)"
409542,18760,Red Sun of Darkover
1073273,18761,"The World Wreckers (Darkover, #22)"
1578986,18762,Witchlight
1333279,18763,
1073275,18764,"Star of Danger (Darkover, #15)"
60186,18765,Ghostlight
556255,18766,Heroics for Beginners
21937806,18767,A SEAL Wolf Christmas
45562818,18768,A Portable Shelter
41471073,18769,Misty Falls
23970639,18770,
20268559,18771,
15674011,18772,The UnTied Kingdom
19154371,18773,"A Cat, a Hat, and a Piece of String"
14645141,18774,The Summerkin
25339340,18775,The Eternity Key
15955256,18776,
15790567,18777,
21599816,18778,Undone
11349023,18779,Shadow Fall
10736358,18780,Shadow Bound
16138853,18781,
16411638,18782,Hidden by Blood
14985467,18783,Embraced by Blood
3163771,18784,"The Wings of a Falcon (Kingdom, Book 3)"
26542547,18785,Enslaved By the Others
19112621,18786,Blood Winter
22003843,18787,Forsaken by the Others
3916993,18788,"Spell Games (Marla Mason, #4)"
2827791,18789,"Dead Reign (Marla Mason, #3)"
17907238,18790,Stalking the Others
3259619,18791,The Gate of Gods
1204985,18792,The Salvation
8572964,18793,Spellcrash
6329997,18794,"MythOS (Webmage, #4)"
2973529,18795,"Codespell (Webmage, #3)"
1720641,18796,Cybermancy
960534,18797,"WebMage (Webmage, #1)"
11014014,18798,Uprising
21446513,18799,
49475329,18800,
48492150,18801,
44320937,18802,Darkness Brutal
40257288,18803,Starbound
26115601,18804,The Relentless Warrior
13456270,18805,Quantum
13455936,18806,Equilibrium
10759616,18807,
26331252,18808,Perfect Mate
16889995,18809,
17128265,18810,
26172610,18811,
18637738,18812,
18120615,18813,
24581841,18814,
1934201,18815,Grimus
26580058,18816,Charred Heart
17315363,18817,Kiera's Moon
54372404,18818,Reincarnation Blues
48998311,18819,
30857282,18820,The Peculiar Miracles of Antoinette Martin
46913478,18821,
17358063,18822,
41714039,18823,
40233103,18824,
19258194,18825,Scent of Darkness
13752107,18826,The Enterprise of Death
18455184,18827,Diving Belles
14557574,18828,
24787,18829,
1128986,18830,Little Black Book of Stories
47326233,18831,
16697866,18832,
16099688,18833,
14653700,18834,
16367073,18835,
11231079,18836,
6936078,18837,
27364824,18838,
346093,18839,"Septimus Heap Box Set: Magyk and Flyte (Septimus Heap, #1-2)"
15691,18840,Bi Fang kara 14
15690,18841,Bi Fang kara 13
15689,18842,Bi Fang kara 12
954365,18843,Bi Fang kara 11
2681365,18844,"Les sortceliers (Tara Duncan, #1)"
1851668,18845,The Magic Half
23587389,18846,
3004655,18847,Olivia Kidney
40103846,18848,
42768334,18849,
21554975,18850,Alien in the House
613072,18851,"Ravenous (Horde Wars, #1)"
347259,18852,Manaconda
3721243,18853,Wolfen
13020700,18854,
7754348,18855,The Beast Within
4185252,18856,"Firedrake (Dragon Knights, #5)"
16140786,18857,Flashfire
16021349,18858,
6926605,18859,The Alchemist
9402735,18860,
24508692,18861,
170440,18862,"The Blood Books, Volume III (Omnibus: Blood Debt / short stories)"
170437,18863,"The Blood Books, Volume II (Omnibus: Blood Lines / Blood Pact)"
47142357,18864,Lord Mouse
47465211,18865,Return to the Isle of the Lost
13895078,18866,Ildproven
4150542,18867,Erik Menneskeson
2976395,18868,Heart Fate
46254586,18869,
48189759,18870,Reliquary
48629684,18871,From Burning Ashes
45141112,18872,The Barrier Between
19021651,18873,
6676796,18874,The Taking (Seven Deadly Sins #3)
53355746,18875,
51438954,18876,
52720413,18877,
422265,18878,Clavicula Salomonis Regis: Ars Goetia
1827919,18879,Night Warriors
1115874,18880,Delirium's mistress
1521025,18881,"Delusion's Master (Flat Earth, #3)"
78321,18882,Dark Dance
1044276,18883,Death's Master
457123,18884,Night's Master
3027737,18885,The Ghost in Love
1357551,18886,Tales of the Otori Trilogy
24362187,18887,
24743346,18888,
21526191,18889,
282936,18890,Bloodtide
6444329,18891,Killer Pizza
810263,18892,Frozen Fire
5201437,18893,Prism
5021375,18894,
2865571,18895,"Great Bear Lake (Seekers, #2)"
1373821,18896,"La pierre sculptee (Le livre du temps, #1)"
2467828,18897,The Midnight Twins
18000455,18898,The Vindico
563752,18899,Fangland
362426,18900,Clothar the Frank
224770,18901,"The Nameless Day (The Crucible, #1)"
54155240,18902,
50531847,18903,
53459658,18904,
16418515,18905,Song of Oestend
47784506,18906,
18305412,18907,Ruffskin
23527909,18908,The Engineered Throne
13164849,18909,
10172509,18910,The Guardian
13202749,18911,
24255026,18912,Creature Feature
6954979,18913,
469186,18914,"Partners (PsyCop, #1 & #2)"
16598450,18915,
16688207,18916,
16416424,18917,
6812007,18918,The Vampire King's Husband
6635107,18919,Feral
14807159,18920,DarkHunter: An Insider's Guide
3362747,18921,Paul's Dream
2335829,18922,The Spiderwick Chronicles: Care and Feeding of Sprites
45600491,18923,
491445,18924,Touch A Dark Wolf (The Shadowmen Book 1)
25314773,18925,
19025169,18926,Dark Love
40149388,18927,
26412527,18928,
24751894,18929,
18884869,18930,
21490782,18931,
45526555,18932,
5389481,18933,"D.N.Angel, Volume 12"
6627390,18934,Heaven Can Wait
1766922,18935,Oddkins: A Fable for All Ages
16438776,18936,Happy Family
6129049,18937,Jesus liebt mich
1221958,18938,Tales from the Perilous Realm
940450,18939,The Winter Knights
26735149,18940,Blood Passage
25332773,18941,
24343410,18942,Death by Silver
53685449,18943,
51776123,18944,The Angel of Death
55477735,18945,
42411130,18946,
48297196,18947,
46173010,18948,Half Truths
45711671,18949,
45337774,18950,
46927072,18951,The Sight
45390751,18952,Witches Protection Program
40843956,18953,Tear You Apart
21545762,18954,The Lost
25144622,18955,
26127326,18956,
4408095,18957,Bad to the Bone
12795696,18958,
6947213,18959,The Bitter Seed of Magic
21536910,18960,Under the Gun
11202662,18961,
14428191,18962,
19112635,18963,
19093510,18964,
6557029,18965,The Mammoth Book of Vampire Romance 2: Love Bites
334196,18966,The Museum at Purgatory (Byzantium Book)
23906992,18967,
53017089,18968,"Bellamy and The Brute (Bellamy and the Brute, #1)"
25697035,18969,"Soul Screamers, Volume Four: With All My Soul * Fearless * Niederwald * Last Request"
24811980,18970,Grif
25640341,18971,
12640909,18972,The Light of Asteria
2755657,18973,"The Angel Experiment/School's Out Forever/Saving the World Set (Maximum Ride, #1-3)"
42075069,18974,
7323013,18975,
40235866,18976,
6551910,18977,The Mysterious Stranger and Other Stories
1140195,18978,Ladyhawke
464444,18979,"I, Vampire: The Confessions of a Vampire - His Life, His Loves, His Strangest Desires ... (Fawcett Gold Medal)"
18963159,18980,
396549,18981,Poltergeist
1419748,18982,A House of Pomegranates
607860,18983,"Night Rising (Vampire Babylon, Book 1)"
2347252,18984,Midnight Reign
3237445,18985,Break of Dawn
21867311,18986,
19015028,18987,
114330,18988,Winter of Fire
14141347,18989,Wild
9399854,18990,
21444312,18991,Lord of the Vampires: 4-in-1 Bundle
3990316,18992,"Darkness Unknown (Paladins of Darkness, #5)"
21738448,18993,
14518234,18994,
14518236,18995,
14518239,18996,
14518214,18997,
14518206,18998,
14518197,18999,
14518187,19000,
19112578,19001,Man Made Boy
16476955,19002,Caszanda
15399450,19003,Lab Rat One
7362199,19004,The Glass Swallow
14738371,19005,
17224082,19006,In the Vault
15268808,19007,
2154382,19008,Dark Crusade
2154381,19009,Bloodstone
69928,19010,Dust
24900983,19011,
26375107,19012,
7407230,19013,Paul Is Undead: The British Zombie Invasion
18193411,19014,All You Zombies ...
25214493,19015,
6500720,19016,The Playground
3616201,19017,More Ghost Stories of an Antiquary
1695673,19018,Once...
335870,19019,Carnacki the Ghost-Finder
4093328,19020,"Oh, Whistle, and I'll Come to You, My Lad"
576508,19021,"King of Spades (Wonderland, #2)"
17148363,19022,
18613309,19023,"rest in peace, it begins, unseen"
53592527,19024,Don't Cross This Line (The Kurtherian Gambit Book 14)
53079157,19025,My Ride is a Bitch (The Kurtherian Gambit Book 13)
52462819,19026,
48246194,19027,
23961872,19028,Balance
48717638,19029,
1494392,19030,De Oproep Der Kabouters
15553088,19031,Island Heat
24535,19032,J.R.R. Tolkien: Artist and Illustrator
21966795,19033,Ghost Hand
68392,19034,Territory
2206809,19035,Phantastes: A Faerie Romance
2975155,19036,The Eternal Flame
1527250,19037,Ulitka na sklone
14628301,19038,The Last Hunter: Descent
21514568,19039,
21485227,19040,
21396383,19041,
1589402,19042,Clash of the Sky Galleons
1643262,19043,Master of Dragons
853,19044,The Annotated Legends (Dragonlance: Dragonlance Chronicles)
857041,19045,"The Dragon's Son: (The Dragonvarld Trilogy, #2)"
857042,19046,Journey into the Void
3250250,19047,"Mistress of Dragons (The Dragonvarld, Book 1)"
44681652,19048,The Adventures of Tom Bombadil
26890271,19049,
23962012,19050,
43110236,19051,
25324435,19052,Frozen
17867403,19053,
21834557,19054,Switch!
21801158,19055,
1889134,19056,The Passion
18197464,19057,Beyond the Wall: Exploring George R. R. Martin's A Song of Ice and Fire
20196539,19058,
40214816,19059,
14510514,19060,Adjustment Team
6762446,19061,Along Came A Demon
16732350,19062,
19119018,19063,"From Chaos Born (In Her Name: The First Empress, #1)"
17472245,19064,
17570497,19065,Forsaken
14279946,19066,Glimmer
19696746,19067,
3063224,19068,"Blood Red (Alliance Vampires, #8)"
15802542,19069,
42902362,19070,
20627253,19071,"King, King, Goose?"
45921235,19072,Oneiron
7394716,19073,
112189,19074,Metamorphoses: A Play
21539227,19075,
6767248,19076,The Undrowned Child
2054854,19077,"Frognapped (Araminta Spookie, #3)"
21863001,19078,
26340914,19079,
44561090,19080,Lorali
21603852,19081,The Hobbit: An Unexpected Journey - Chronicles: Art & Design
44863476,19082,
43135719,19083,
41475140,19084,
19108784,19085,
19108778,19086,
2825389,19087,Patrimony
21406383,19088,
1916419,19089,
367427,19090,Circles Of Seven
7351387,19091,Lightborn
15441310,19092,
40091810,19093,noragami 5
48604119,19094,The Tomato Thief
588049,19095,The Wall and the Wing
24652597,19096,
18068622,19097,
18476567,19098,
3664430,19099,Escape from Hell
3246638,19100,Sviashchennaia kniga oborotnia
2237290,19101,Starseed
211724,19102,Callahan's Con
1407156,19103,Callahan's Secret
2564817,19104,The Callahan Touch
211758,19105,Callahan's Key
618348,19106,Lady Slings the Booze
2137741,19107,Riverworld and Other Stories
813926,19108,Tarzan the Magnificent
965414,19109,Tarzan and the Foreign Legion
2335861,19110,Tarzan and the Forbidden City
19227604,19111,Circle of Heroes
13291312,19112,Through Her Eyes
1448327,19113,The Healer's Keep
230987,19114,Sign of the Dove
399005,19115,Flight of the Dragon Kyn
6643487,19116,Confessions of a Demon
59967,19117,"Meditations on Middle Earth: New Writing on the Worlds of J.R.R. Tolkien by Orson Scott Card, Ursula K. Le Guin, Raymond E. Feist, Terry Pratchett, Charles de Lint, George R.R. Martin, and more"
19262115,19118,
17617634,19119,
553885,19120,Ascension
177492,19121,"The Princess Tales, Volume I (The Fairy's Mistake, The Princess Test, Princess Sonora and the Long Sleep)"
1505119,19122,The Rope Trick
18344399,19123,
55690966,19124,Blood Kissed
51822222,19125,
25001139,19126,
44125283,19127,
42137964,19128,
43172283,19129,Thicker Than Blood
21898767,19130,
14389854,19131,The Marked
17417134,19132,
19249505,19133,
2016079,19134,A Well-Timed Enchantment
41916821,19135,
45324101,19136,
14579613,19137,Master of Shadows
10138965,19138,Deadlock
6853458,19139,"Crossroads (Southern Arcana, Book 2)"
15739079,19140,
13095029,19141,
13158759,19142,
13850475,19143,
15884798,19144,Sunset
21911457,19145,
34836,19146,Clive Barker's The Great And Secret Show Volume 2
15561906,19147,Hearts and Swords
46061230,19148,Steeplejack
6598079,19149,The Squire's Quest
6464015,19150,"The Princess Tales, Volume 2 (Cinderellis and the Glass Hill, For Biddle's Sake, The Fairy's Return)"
21863020,19151,
353922,19152,"Twice Upon a Time, No. 2: Sleeping Beauty, the One Who Took the Really Long Nap (Twice Upon a Time)"
240818,19153,A Hidden Magic
14708936,19154,
2230199,19155,The Evil Seed
55135379,19156,
50497477,19157,
44260080,19158,Wicked Brew
44061696,19159,Careful What You Witch For
18475306,19160,
16326851,19161,
21490062,19162,
44584878,19163,Wandering Star
42803047,19164,Le Livre de Perle
55271407,19165,
51797941,19166,
42133250,19167,A Song for Ella Grey
23859541,19168,
16210495,19169,"Crossroads (Crossroads Saga, #1)"
3244499,19170,"Magician: Apprentice, Volume 2"
18148940,19171,
23630856,19172,
16367424,19173,
1665981,19174,Fires of Prophecy: Book Two of the Morcyth Saga
379790,19175,Guardians of the Flame: The Warriors (Guardians of the Flame: #1-3)
57415949,19176,
49715084,19177,
25207818,19178,
16919722,19179,A Hunger So Wild: A Renegade Angels Novel
6813063,19180,"Bring on the Night (WVMP Radio, #3)"
14520345,19181,
6808334,19182,"Embrace the Night Eternal  (Envy Chronicles, #2)"
3162026,19183,Dark Embrace
19105335,19184,
5756423,19185,In the Flesh
6930662,19186,
1728967,19187,Witch Blood
6795601,19188,Child of Darkness
3798762,19189,Queene of Light
2993500,19190,The Little Lame Prince
56445379,19191,
55839691,19192,"Her Mates (Wolf Trials, #1)"
26493460,19193,"Battle Angel (Immortal City, #3)"
42954435,19194,
45198747,19195,"Amber Sand, Matchmaker"
45713387,19196,
45251933,19197,
45856087,19198,
43545975,19199,Fire in Frost
25416054,19200,
10671965,19201,Touched
8446659,19202,
6792953,19203,The Pace
13478734,19204,The Locket
6733294,19205,The Owl Keeper
409091,19206,Princess Alyss of Wonderland
10833775,19207,Devil's Lair
701312,19208,"Deadly Relations: Bester Ascendant (Babylon 5: Saga of Psi Corps, #2)"
52216,19209,The Alchemist's Apprentice
24247384,19210,
21429703,19211,
40904,19212,"Surveillance (Intervention, #1)"
922261,19213,Space Wolf
7217993,19214,Il destino di Adhara
109958,19215,Moon Shadows
6584273,19216,Highland Beast
295058,19217,Dragon Lovers (Includes: Guardians #2.5)
180639,19218,Charmed
9701,19219,Secrets & Mysteries of the World
25003916,19220,Tempt Me Eternally
26122220,19221,
56140140,19222,
50142093,19223,Spirit Sown
50611784,19224,Nobody's Hero
50329008,19225,The Castle Doctrine
51981126,19226,Ash
16338292,19227,Hands To Make War (The Awakened - Book Three)
16338293,19228,Paths of Destruction (The Awakened - Book Two)
25781931,19229,
18229334,19230,
14521381,19231,Beauty School Demon
808427,19232,The Lord of the Rings: The Fellowship of the Ring Visual Companion
65478,19233,The Lord of the Rings: The Art of The Return of the King
90550,19234,
17145,19235,The Lord of the Rings: The Art of The Two Towers
17150,19236,
521513,19237,The Lord of the Rings: The Making of the Movie Trilogy
13739908,19238,
19177475,19239,
23907445,19240,
43206066,19241,
41718270,19242,
17958988,19243,Goblin Secrets
13478530,19244,Scrivener's Moon
8800420,19245,A Web of Air
42676360,19246,
31179059,19247,
16389202,19248,
5941070,19249,Forever Valentine
834077,19250,"Courage of Falcons (The Secret Texts, #3)"
101125,19251,The Ancient One
27259671,19252,"Grave Matters (The Demon Trappers, #4.5)"
18456196,19253,
13293410,19254,My Immortal Assasin
21856431,19255,Dead Man's Deal
6129542,19256,Das Schicksal der Zwerge
16728131,19257,To Walk the Night
19938300,19258,
19355468,19259,Death Wish
17200765,19260,
16180613,19261,Rage of Lions
298326,19262,Crimson Rogue
11573717,19263,
218499,19264,"Rising Moon (Nightcreature, #6)"
353008,19265,
353006,19266,"Midnight Moon (Nightcreature, #5)"
3346055,19267,"Bound by Light (The Dark Crescent Sisterhood, Book 3)"
3346054,19268,"Bound by Flame (The Dark Crescent Sisterhood, Book 2)"
13382327,19269,Green Eyed Envy
7207104,19270,"Dark Warrior Untamed (The Talions, #3)"
6357206,19271,"Dark Warrior Unbroken (Talions, #2)"
2452239,19272,"Dark Warrior Unleashed (Talions, #1)"
6564465,19273,Torn
5350099,19274,"Red Kiss (Gods of Midnight, #2)"
512620,19275,Parallel Attraction: A Novel of the Midnight Warriors
13125794,19276,
13516695,19277,
7358087,19278,
7240268,19279,"Sacrifice (Mortal Path, #2)"
14524187,19280,Bloodlines
6574265,19281,"Edward Unconditionally (Common Powers, #3)"
7137003,19282,
6471379,19283,Rush in the Dark (Common Powers #2)
21497514,19284,
96802,19285,The Dragonology Handbook: A Practical Course in Dragons
6341493,19286,"Where The Heart Is (Bay City Paranormal Investigations, #6)"
263086,19287,
14737008,19288,
16331112,19289,
15778236,19290,
15231760,19291,
17961954,19292,
15503829,19293,
15503892,19294,
15540933,19295,
152362,19296,Falling
5755818,19297,Hell Cop
3060656,19298,Twilight
2146263,19299,What Hides Inside
7262557,19300,Bourbon Affair (Pentacles of Magick #2.5)
18097629,19301,"Yes, Sir"
1686393,19302,Once upon a More Enlightened Time: More Politically Correct Bedtime Stories
28479,19303,A Sudden Wild Magic
1029930,19304,The Persistence of Vision
558796,19305,Story Time
1943845,19306,Alfred Kropp: The Seal of Solomon
14518585,19307,
2341082,19308,Earth
3149826,19309,Wasteland
1852559,19310,The Crippled Angel
1230152,19311,"The Wounded Hawk (The Crucible, #2)"
47328144,19312,
26038176,19313,Reckoning
42956234,19314,
22292966,19315,
17565561,19316,
23596264,19317,
26102626,19318,
15344700,19319,Pani jeziora
476473,19320,Der kleine Vampir zieht um
1654819,19321,La maldicion de Odi
1086130,19322,"Panteon (Memorias de Idhun, #3)"
24875209,19323,Triada
25187905,19324,Memories of Ash
17611392,19325,
15284175,19326,Dark Passage
413158,19327,"Ring of Light (Circle of Three, #6)"
413157,19328,"In the Dreaming (Circle of Three, #5)"
1203163,19329,"What the Cards Said (Circle of Three, #4)"
1583398,19330,"Second Sight (Circle of Three, #3)"
15155431,19331,Wherever You Go
49243233,19332,
21533072,19333,
2704122,19334,The Challenge
6493176,19335,Heart Change
3218965,19336,"I Want You To Want Me (New Orleans Vampires, #2)"
38807,19337,The Bride Finder
900595,19338,"Captive Moon (A Tale of the Sazi, Book 3)"
55959426,19339,
57024404,19340,
53793543,19341,
52582934,19342,
51985418,19343,
46135723,19344,
17961706,19345,
23841008,19346,
24901041,19347,
14876546,19348,
2355028,19349,Yao Jing Biao Ben  1
1015267,19350,"A Flame in Hali (Clingfire, #3)"
400175,19351,"Zandru's Forge (Clingfire, #2)"
3692997,19352,Raintree: Inferno / Sanctuary / Haunted (1-3)
1066538,19353,At Twilight
26429894,19354,Of Dreams and Rust
40902521,19355,
21954157,19356,
3124743,19357,The Robe of Skulls
96133,19358,"The Floating Island (The Lost Journals of Ven Polypheme, #1)"
1517706,19359,The Book of Story Beginnings
434982,19360,The Snow-Walker Trilogy
1288466,19361,The Gorgon's Gaze
18164524,19362,"Midnight's Lover (Dark Warriors, #2)"
16388881,19363,Darkest Highlander
14864664,19364,Shadow Highlander
13447430,19365,Untamed Highlander
44909478,19366,
21833625,19367,
46062514,19368,Drown: a twisted take on the classic fairy tale
19165727,19369,
479305,19370,The Healer's War
2932106,19371,The Well of Tears: Book Two of The Crowthistle Chronicles
813335,19372,"The Iron Tree (The Crowthistle Chronicles, #1)"
1343222,19373,"The Battle of Evernight: The Bitterbynde Book III (The Bitterbynde, Book 3)"
26526473,19374,
6723939,19375,Saving Midnight
6723937,19376,Breaking Midnight
6723917,19377,Hunting Midnight
2586862,19378,Dragonborn
2968916,19379,"One Bite Stand (Mackenzie Vampires series, Book 4)"
877234,19380,"Realm Of Shadows (Vampire, #4)"
602901,19381,When Darkness Falls
1832816,19382,Tahn: A Novel
39939862,19383,Sea Spell
45979323,19384,Puss in Boots
6298698,19385,
25790472,19386,
53434326,19387,
48017811,19388,
7128729,19389,
17927524,19390,
42564543,19391,
22154685,19392,
26941522,19393,
124294,19394,The Saints of the Sword
10944394,19395,"The Dragon's Apprentice (The Chronicles of the Imaginarium Geographica, #5)"
6524989,19396,"The Shadow Dragons (The Chronicles of the Imaginarium Geographica, #4)"
16816,19397,Sword of Angels
308408,19398,The Devil's Armor (Daw Books Collectors)
27114708,19399,
19164774,19400,
47547880,19401,noragami 15
46106572,19402,
45434548,19403,noragami 13
44326582,19404,noragami 12
44636397,19405,Zhong warinoserahu 8
42907934,19406,Zhong warinoserahu 7
42907896,19407,Zhong warinoserahu 6
42907885,19408,Zhong warinoserahu 5
42099517,19409,Zhong warinoserahu 4
40713028,19410,Zhong warinoserahu 3
26679961,19411,Zhong warinoserahu 2
40016938,19412,
18363879,19413,
42809824,19414,
308583,19415,The Darkening
21414406,19416,I Hope You Find Me
24301095,19417,
21826270,19418,
21360460,19419,
15486460,19420,"Swear (My Blood Approves, #5)"
48199262,19421,
48430335,19422,Winter Halo
24153488,19423,
41371110,19424,
42756706,19425,
42018728,19426,
818877,19427,Touched by Darkness
3561631,19428,The Messenger
23580630,19429,Veiled
45645018,19430,Evna
958496,19431,Lanark: A Life in Four Books
34291,19432,"The Dalemark Quartet, Volume 1: Cart and Cwidder / Drowned Ammet"
26143582,19433,
6784128,19434,Original Sin
18609906,19435,
15760470,19436,
49897636,19437,
50078656,19438,House of Furies
38911904,19439,The Devil's Intern
40792359,19440,The Wondrous and the Wicked
2016375,19441,
16944570,19442,Without Mercy
746360,19443,Highland Mist
19206337,19444,
17762367,19445,
16663544,19446,
7338907,19447,
21982320,19448,
15592107,19449,
21359507,19450,
19121325,19451,Alaskan Fire
24820469,19452,
40208765,19453,
21931398,19454,
22014515,19455,
42362291,19456,About a Girl
19209090,19457,
16949965,19458,
18530047,19459,
24665751,19460,
19024662,19461,
18313797,19462,
15544013,19463,
26522847,19464,
42303495,19465,
44977672,19466,
10727399,19467,
21754805,19468,A Secret to Die For
2644654,19469,Succubus in the City
21821088,19470,Blood Bond
24165907,19471,Deadshifted
6139787,19472,Dead Witches Tell No Tales
30645,19473,This Witch for Hire
49037524,19474,
47869522,19475,
914814,19476,The Red Magician
14970875,19477,
14970876,19478,
4646129,19479,The Lees of Laughter's End: A Tales of Bauchelain and Korbal Broach
2300376,19480,Blood Follows: A Tale of Bauchelain and Korbal Broach
25441344,19481,
370541,19482,Are You Loathsome Tonight?: A Collection of Short Stories
16472910,19483,
16921138,19484,
13549204,19485,
353067,19486,"Wounded (Little Goddess, #2)"
3156284,19487,The Chosen Sin
2330940,19488,Devil's Cape
569745,19489,"The Brothers' War (Magic: The Gathering: Artifacts Cycle, #1)"
8794838,19490,Skin Heat
6488636,19491,Nina. La bambina della sesta luna
2516259,19492,Il segreto delle gemelle
3088928,19493,L'isola delle Maschere
3096432,19494,La casa degli specchi
14247701,19495,That Voodoo You Do
6785029,19496,"and Falling, Fly"
26031299,19497,
308586,19498,Realm Immortal 1: King of the Unblessed
21962604,19499,
1737968,19500,"Grave Illusions (Jess Vandermire, #1)"
6478766,19501,"The Ghost Shrink, the Accidental Gigolo & the Poltergeist Accountant"
16897743,19502,
6691673,19503,Spellbent
18229816,19504,
19092640,19505,The Corpse-Rat King
10728723,19506,"City of Dreams & Nightmare (City of a Hundred Rows, #1)"
53616105,19507,
25590911,19508,
25078657,19509,
1444520,19510,The Cutting Edge
5822075,19511,"Last Vampire Standing (Oldest City Vampire, Book 2)"
5379593,19512,"A Hero's Tale (When Women Were Warriors,  Book 3)"
5379594,19513,"A Journey of the Heart (When Women Were Warriors, Book 2)"
9411733,19514,Second Nature
9370411,19515,Ambereye
394213,19516,Sword of the Guardian: A Legend of Ithyria
17374765,19517,
14424878,19518,
6784097,19519,Goldenseal
6973813,19520,
14541283,19521,
13092002,19522,
14518261,19523,
14518249,19524,
14518244,19525,Demon Lost
6816052,19526,Through Stone and Sea
973076,19527,Fires of Azeroth
1185251,19528,"Well of Shiuan (Morgaine Saga, Book 2)"
1494276,19529,
1192166,19530,A Multitude Of Monsters
2156645,19531,Balladyna
18485913,19532,Taken
3735336,19533,The Ta'e'sha Chronicles 1: Daughters of Terra
24944234,19534,
22028338,19535,
20409389,19536,
56585440,19537,
7249858,19538,
25008114,19539,
56022536,19540,
56022543,19541,
53817583,19542,
45603048,19543,
43631339,19544,"Love for the Cold-Blooded, or The Part-Time Evil Minion's Guide to Accidentally Dating a Superhero"
6754413,19545,
21563273,19546,
6848757,19547,"Mate Test (Dragonmen, #2)"
15915779,19548,
7165242,19549,
6679497,19550,
6540126,19551,Hellbourne 01: Lost and Found
12771195,19552,
8119752,19553,
18256445,19554,
10780362,19555,sodoatoonrain3: hueariidansu
6891276,19556,The Wolfman
45578246,19557,
42391550,19558,
18407809,19559,
26531,19560,The Lord of the Rings and Philosophy: One Book to Rule Them All (Popular Culture and Philosophy Series)
26532099,19561,
9531266,19562,Heart Journey
14655377,19563,Heart Search
1233001,19564,Heart Quest
24161955,19565,
19197431,19566,
14030021,19567,
5081440,19568,"Dominic (The Lords of Satyr, #4)"
19017493,19569,Gravity
16518223,19570,
14992795,19571,
458382,19572,The Road to Damascus (The Bolo Series)
45671059,19573,The Refuge Song
3898162,19574,Angels of Destruction
1129061,19575,The Facts of Life
364483,19576,Past the Size of Dreaming
462131,19577,A Red Heart of Memories
187716,19578,Madeleine is Sleeping
45707507,19579,
18459470,19580,
13026827,19581,The Horns of Ruin
3320671,19582,The Domino Men
14626200,19583,The Edinburgh Dead
21454820,19584,
22957490,19585,City of Bones: The Official Illustrated Movie Companion
41240824,19586,
21871244,19587,
1391510,19588,The Remarkable Journey of Prince Jen
42466461,19589,
21952811,19590,A Dance with Dragon. Book Five of a Song of Ice and Fire
19238193,19591,A Dance with Dragon. Book Five of a Song of Ice and Fire
18141116,19592,A Dance with Dragon. Book Five of a Song of Ice and Fire
42863131,19593,
1380460,19594,Driving Blind
1592007,19595,Six of Swords
1560368,19596,Grad obrechennyi
21833626,19597,Jonathan Strange & Mr Norrell
6534152,19598,Rehepapp ehk november
12928154,19599,
46049979,19600,Dracula's Guest & other stories
7266469,19601,
17415443,19602,
15783654,19603,Bound and Determined
7155332,19604,
18304628,19605,
14832405,19606,Priscilla the Great
170308,19607,Dog Wizard
25282749,19608,The Edge of the Water
3504463,19609,Soul Enchilada
18449864,19610,
18215594,19611,
18985342,19612,A Short Stay in Hell
4302383,19613,How to Make Friends with Demons
50573607,19614,totsukuninoShao Nu  1
16355876,19615,Ruling Passion
21382012,19616,
1474163,19617,"Necroscope: Resurgence, The Lost Years Volume II (Necroscope, Book 10)"
1474160,19618,"Necroscope: The Lost Years Volume I (Necroscope, Book 9)"
13902825,19619,Homeland: The Graphic Novel
19018501,19620,
21769479,19621,
6888872,19622,Summer's Wolf
31085675,19623,
1083484,19624,Weapon of Flesh
21812196,19625,Child of the Sword
26300840,19626,Impossible Things
45592289,19627,Queen of Blood
13483318,19628,The Sentinel Mage
147901,19629,"Into the Dark Lands (The Sundered, Book 1)"
3328539,19630,Passion Play
13256459,19631,Daybreak
13256172,19632,Midnight
3346577,19633,Survivor
17997950,19634,The Librarian
5817531,19635,An noShou riRen
6714299,19636,Forget-Her-Nots
12873604,19637,Night of the Shifter's Moon
409517,19638,Secrets of the Scepter
409523,19639,Search for the Star
12873602,19640,"By Fire, by Moonlight"
12873600,19641,Valley of Fear
12873599,19642,Sunchaser's Quest
879324,19643,Mercycle
1779104,19644,Crybbe
51527431,19645,
433076,19646,Dragon of the Lost Sea (Dragon Series)
2436219,19647,The Folklore of Discworld
1003843,19648,Wilkins' Tooth
42955734,19649,
722573,19650,The Shadow Within (Legends of the Guardian-King #2)
755010,19651,The Restorer (The Sword of Lyric #1)
48418103,19652,
21540936,19653,Frogged
42871573,19654,The Boy In Her Dreams
1041897,19655,Battle Circle
41209738,19656,
879731,19657,Sideshow
4776256,19658,Once a Princess
3386910,19659,Ender's War
6747759,19660,"Shadowglass (Shadowfae Chronicles, #2)"
553888,19661,Transformation
1542285,19662,Reunion
19153511,19663,
733627,19664,Tarzan and the Leopard Men
1540656,19665,Indiana Jones and the Last Crusade
396548,19666,Indiana Jones and the Temple of Doom
813980,19667,
2234225,19668,Tarzan and the Castaways (Tarzan 24)
2171037,19669,
2335849,19670,Tarzan's Quest
813944,19671,"Tarzan and the Lost Empire: (#12) (Tarzan Novels, No. 12)"
328994,19672,Tarzan and the Lion Man
45042022,19673,
42380591,19674,
19337276,19675,
4835782,19676,Falling
21482682,19677,
16393828,19678,
17011696,19679,Vanquished (Crusade #3)
14567945,19680,
14524153,19681,Take Two
26168090,19682,Hero of a Highland Wolf
49592565,19683,
25884748,19684,Demon Storm
41116782,19685,Sage's Eyes
15284004,19686,
13162155,19687,
17079008,19688,
22019986,19689,Rise of the Gryphon
6808327,19690,Half Past Dead: The Undying Heart / Simon Says
21602957,19691,Wolf Creek Alpha (Texas Pack 1)
46152019,19692,
14776325,19693,Blood of Eden
19071117,19694,Alchemystic
610424,19695,The Twilight Lord
724615,19696,A Distant Tomorrow
42942443,19697,
3004358,19698,Darksong
43719,19699,The Flower Fairies
4560216,19700,Obitaemyi ostrov
3281804,19701,Fal'shivye zerkala
3281785,19702,Labirint otrazhenii
11460338,19703,"My Mother She Killed Me, My Father He Ate Me: Forty New Fairy Tales"
562085,19704,Ghosts
212828,19705,The Bone Key
192715,19706,Den vidunderliga karlekens historia
13498880,19707,
18445154,19708,
47225523,19709,
16915673,19710,Haven (The Willows #1)
19192961,19711,
15760629,19712,
15760722,19713,The Juliet Spell
45515466,19714,
42952709,19715,
40096726,19716,
1313191,19717,The Wizard's Promise
266613,19718,The Doomspell: A Battle Between Good and Evil
81245,19719,Daemon's Angel
21569808,19720,
314647,19721,"The Compass Rose (One Rose Trilogy, Book 1)"
1877102,19722,Isle of the Dead
22259488,19723,
2807076,19724,The Moon Men
432893,19725,The Moon Maid
861190,19726,The Golden
41779015,19727,The Lost Centurion
27531519,19728,
15084025,19729,"The Queen's Blade (The Queen's Blade, #1)"
667685,19730,Old Nathan
624981,19731,Too Many Magicians
170535,19732,The Door Into Fire
633219,19733,The Planet Pirates Omnibus (Sassinak/The Death of Sleep/Generation Warriors)
15493355,19734,
8931902,19735,Unsympathetic Magic
3150652,19736,Doppelgangsters
527885,19737,The Fantasies of Robert A. Heinlein
18221889,19738,
700867,19739,Princess of Wands
140039,19740,"Hell Hath No Fury (Multiverse, #2)"
50329686,19741,Within the Sanctuary of Wings
24568140,19742,
1394275,19743,The Face in the Frost
20218109,19744,
45105440,19745,
44254645,19746,"The Death and Life of Zebulon Finch, Volume One: At the Edge of Empire"
6689002,19747,"Highland Magic (Druid's Glen, #5)"
6654613,19748,"Highland Fires (Druid's Glen, #4)"
6654611,19749,"Highland Dawn (Druid's Glen, #3)"
6654609,19750,"Highland Nights (Druid's Glen, #2)"
51969504,19751,Xiao Shuo  Jun noMing ha.
40682241,19752,
26525725,19753,
6753778,19754,Totenbraut
14727863,19755,
18068429,19756,
118370,19757,Return of the Guardian-King (Legends of the Guardian-King #4)
722574,19758,Shadow Over Kiriath (Legends of the Guardian-King #3)
25166509,19759,The Price of Faith
25105316,19760,The Colour of Vengeance
10682414,19761,
10474041,19762,
25471553,19763,
7408221,19764,
4892886,19765,Call of the Wolf
4384170,19766,The Pirate Prince
17594926,19767,
18116554,19768,Sovereign
5146731,19769,Elyon
2605862,19770,Unnatural Selection
21442937,19771,
47987640,19772,
25988258,19773,
16778797,19774,
40291333,19775,
25083246,19776,
25079673,19777,
41701068,19778,
43008498,19779,
41660044,19780,"Playing with Darkness (The Sensor, #3.5)"
41268494,19781,
25541820,19782,
25541803,19783,
25089481,19784,
14277808,19785,How to Lose a Demon in 10 Days
2538067,19786,Three Ghost Stories
18479248,19787,
14844725,19788,
2363841,19789,Spellfall
66757,19790,The Ice Dragon
26629843,19791,
47632946,19792,
17131996,19793,Temptation Rising
24484554,19794,Accidentally...Evil?
25058156,19795,Accidentally...Cimil?
26918097,19796,
22843392,19797,
44081160,19798,
26155278,19799,
19258554,19800,Vengeance Bound
1949821,19801,Gods of Manhattan
1653485,19802,Middleworld
11568974,19803,
12911356,19804,
18081741,19805,Demon Slave
19241695,19806,Demon Retribution
6811221,19807,Dreaming in Color
2246210,19808,The Hearing Trumpet
43150589,19809,
44381934,19810,
44381936,19811,
44381931,19812,
793844,19813,"King of Diamonds (Wonderland, #3)"
28150747,19814,
6126917,19815,Earthlight
11942212,19816,
6261192,19817,
45380211,19818,A Tangle of Gold
42209847,19819,The Girl Who Could Not Dream
15928891,19820,"The Shadow War of the Night Dragons, Book One: The Dead City"
567826,19821,The Mammoth Book of Haunted House Stories
202489,19822,
748872,19823,Discovery of Dragons
998467,19824,Whispering to Witches
58455,19825,The Collected Ghost Stories of E.F. Benson
25981742,19826,The Cracks in the Kingdom
21900035,19827,Heads Will Roll
2797155,19828,Stolen
2050244,19829,The Kin of Ata Are Waiting for You
139180,19830,The Diamond in the Window
656980,19831,The Cat Who Wished To Be a Man
1528,19832,Pay the Piper: A Rock 'n' Roll Fairy Tale
17396,19833,Hasan
1290336,19834,"War of the Ancients Archive (WarCraft: War of the Ancients, #1-3)"
6264388,19835,In Over Her Head
1094179,19836,The Marvelous Misadventures of Sebastian
3010039,19837,Der Kuss des Damons
10330243,19838,Der Kuss des Kjer
17383021,19839,Blutbraut
15372792,19840,Reunion
16446997,19841,The Leviathan Trilogy
17942711,19842,
44870039,19843,
57944477,19844,
55973274,19845,
56022513,19846,Beauty in Summer
966758,19847,Dragonslayer
6198324,19848,Fallen Angels
6233081,19849,Tales of Heresy
25571575,19850,
24577137,19851,
15422992,19852,
2283922,19853,Flight from the Dark
1760131,19854,Samuel Blink and the Forbidden Forest
15269661,19855,
19428829,19856,A Ghost of a Chance
13531919,19857,Fugly
4867387,19858,Vii
4270341,19859,"Chistovik (Rabota nad oshibkami, #2)"
189208,19860,Chernovik
17300508,19861,Semester Aboard
583706,19862,Death's Domain: A Discworld Mapp
45583113,19863,
44750471,19864,
41105889,19865,Darkest Before Dawn
42215731,19866,Drowning In The Dark
40331908,19867,Devil May Care
21781676,19868,Darker
18396061,19869,Witch Hunt
1008294,19870,Lady Cottington's Pressed Fairy Letters
844971,19871,The Runes of Elfland
27212584,19872,The Museum of Literary Souls
22183988,19873,I Travel by Night
26568493,19874,
21735963,19875,The Great Rift
384361,19876,The Oxford Book of Victorian Ghost Stories
200496,19877,Hunter's Salvation
612002,19878,"The Awakening (Immortals, #3)"
21844508,19879,
2048467,19880,John Howe Fantasy Art Workshop
23810085,19881,
2958206,19882,"Dark Lover & Lover Eternal (Black Dagger Brotherhood, 1 & 2)"
25276592,19883,
21925189,19884,
24893649,19885,Blast of the Dragon's Fury
7113114,19886,Wolfsangel
7002950,19887,Xia Mu You Ren Zhang  2
3329494,19888,+Anima 9
50523760,19889,
15717814,19890,In The Shadows
63614,19891,Scent of Roses
19156634,19892,Twin Souls
26086731,19893,
26888277,19894,Lone Wolf Rising
21820887,19895,
41377375,19896,
45543816,19897,Escaping Peril
10549296,19898,
43099619,19899,Island of Graves
18482404,19900,"Between (Crossroads Saga, #2)"
7109970,19901,
26024321,19902,
1279294,19903,The Book of the Damned
209270,19904,Prey #2 (The Wereling)
27127401,19905,
421023,19906,Menage A Magick
53678946,19907,
41384943,19908,The Ghost Files 3
42449072,19909,
3457354,19910,Chong Shi  7
2793918,19911,Chong Shi  5
42485303,19912,Fairy Tail 44
41270177,19913,Fairy Tail 42
17329369,19914,magi 8
17329370,19915,magi 7
17329372,19916,magi 6
17329373,19917,magi 5
17329371,19918,magi 4
11243245,19919,magi 3
17508947,19920,magi 2
2670335,19921,"Hunter x Hunter, Vol. 21 (Hunter X Hunter)"
1993405,19922,"Hunter x Hunter, Vol. 20 (Hunter X Hunter (Graphic Novels))"
2266452,19923,"Hunter x Hunter, Vol. 19"
437788,19924,"Hunter x Hunter, No. 14 Dao noMi Mi"
42810553,19925,
595979,19926,Zhu Qu Wu Yu  [Taketori Monogatari]
6646606,19927,The Crystal Crypt
3294819,19928,Stone Junction: An Alchemical Potboiler
114656,19929,The Witches' Companion
820255,19930,Zhizn' nasekomykh
6775158,19931,"Lords of Kellesborne (The Draegan Lords, #2)"
3364884,19932,"Strange Fate (Night World, #10)"
24502746,19933,Bloodshifted
2323458,19934,Orson Scott Card's InterGalactic Medicine Show
576274,19935,An Unofficial Muggle's Guide to the Wizarding World: Exploring the Harry Potter Universe
15459353,19936,Chun Xie +Bi Shi  1
44804995,19937,Bai Qian sanJia noayakashiWang Zi  3
45670701,19938,Bai Qian sanJia noayakashiWang Zi  4
46904663,19939,Shen Yang hazimemashita 22
15295631,19940,Hunting Henry
15295636,19941,
557236,19942,The Last Tear
1403305,19943,The Fire of Friendship
1403326,19944,W.I.T.C.H. Chapter Book: Finding Meridian - Book #3 (W.I.T.C.H.)
1048894,19945,The Disappearance with Cards (W.I.T.C.H. Chapter Books)
240663,19946,"Shield of Stars (Shield, Sword, & Crown, #1)"
2702874,19947,Godbody
25528810,19948,
25215075,19949,
21863296,19950,
1474507,19951,The Prince in Waiting
25143136,19952,Melody's Wolf
14543962,19953,Vertige
21597860,19954,
19024566,19955,Air (The Akasha Series - Book #2)
16720290,19956,
45268899,19957,Spook's : The Dark Army (The Starblade Chronicles #2)
24233,19958,Perfect Circle
25073322,19959,Wild Fell
16452403,19960,
40713159,19961,
28099326,19962,
6760579,19963,Dead Street: A Matt Richter Novel
7261173,19964,
273839,19965,Valentine's Resolve
41365166,19966,
42056063,19967,
43016586,19968,Ties That Bind
46832985,19969,
1176010,19970,Calling the Shots
2769244,19971,Celtic Fairy Tales
6103082,19972,"Blood from Stone (Retrievers, #6)"
41053544,19973,School of Deaths
42794780,19974,Gelombang
904891,19975,Magus of Stonewylde
32216,19976,toriniteiburatsudo 2 [Toriniti Buraddo 2]
2077934,19977,Chrono Crusade Volume 4
2043167,19978,Chrono Crusade Volume 3
1867265,19979,Chrono Crusade Volume 2
1101297,19980,Wu Zhuang Lian Jin  1
85635,19981,The Element Encyclopedia of Magical Creatures: The Ultimate A-Z of Fantastic Beings From Myth and Magic (The Element Encyclopedia)
21417974,19982,sodoatoonrain9: arishizeshiyonbiginingu
16111668,19983,sodoatoonrain7: mazazurozario
48688508,19984,Black Moon
14525188,19985,sodoatoonrain5: huantomubaretsuto
18228426,19986,sodoatoonrain4: hueariidansu
14499667,19987,Heart of the Winter Wolf
14499652,19988,Changeling Moon
21428856,19989,
10546292,19990,
5562893,19991,Wild Instinct
1256801,19992,"WarCraft Archive (WarCraft, #1-3 & Of Blood and Honor)"
198309,19993,Hunters: Heart and Soul
160869,19994,Hunters: The Beginning (Hunters #1 and #2)
20487307,19995,The Hobbit: An Unexpected Journey - Visual Companion
4783755,19996,The Immortals
15182804,19997,The Thirteen
1096627,19998,Incarnations: Three Plays by Clive Barker
948144,19999,Ravenloft: Tapestry of Dark Souls
700115,20000,"Heart of Midnight (Ravenloft, #4)"
13176316,20001,Of Truth and Beasts
602375,20002,Undead and Unwed / Undead and Unemployed / Undead and Unappreciated / Undead and Unreturnable
16295270,20003,
45592438,20004,Fate of Flames
6564505,20005,Lucan
42459914,20006,
56310116,20007,Blackflame
55031005,20008,
52668710,20009,
53186495,20010,
50762859,20011,
2284952,20012,Charnel House
42698314,20013,The Dark Side of the Road
41951430,20014,
32010181,20015,
1107447,20016,The Complete Tolkien Companion
1637201,20017,The Lord of the Rings Official Movie Guide
10547528,20018,
6193974,20019,Wild Highland Magic
550792,20020,
550794,20021,The Vampire's Seduction
3265273,20022,Cathy's Key
18602673,20023,
16136310,20024,
18174017,20025,habaegyi sinbu 12
16086208,20026,habaegyi sinbu 9
992717,20027,Fairie-ality: The Fashion Collection from the House of Ellwand (Fairie-ality)
45570267,20028,The Skylighter
273850,20029,vuanpaiagemu 2
201068,20030,The Oxford Book of English Ghost Stories (Oxford Books of Prose)
7210150,20031,The King of the Crags
21818085,20032,Alien Separation
23554320,20033,Alien Collective
23553354,20034,Alien Research
18268731,20035,Alien vs. Alien
16960081,20036,Alien Diplomacy
15684669,20037,"Alien Proliferation (Katherine ""Kitty"" Katt, #4)"
24881524,20038,
17136,20039,The Lord of the Rings: A Reader's Companion
7270744,20040,"Fire in the Sky (Seekers, #5)"
2958830,20041,The Secret Order of the Gumm Street Girls
1134197,20042,La leyenda del Rey Errante
286511,20043,Into the Woods
22248,20044,
620391,20045,Rani in the Mermaid Lagoon (A Stepping Stone Book(TM))
856527,20046,A Masterpiece for Bess (A Stepping Stone Book(TM))
6998215,20047,
24734386,20048,The Hobbit: The Desolation of Smaug - Chronicles III: Art & Design
23569199,20049,
19363885,20050,The Hobbit: An Unexpected Journey - Official Movie Guide
360443,20051,"City in the Clouds (The Secrets Of Droon, #4)"
18276,20052,Vampire Hunter D Vol. 04
52551855,20053,
25431050,20054,The -sort of- Dark Mage
41235259,20055,After The Rabbit
45209882,20056,
45911906,20057,
43759352,20058,
17068609,20059,The Demon's Apprentice
41958036,20060,
25642688,20061,
43033589,20062,Sorcerer
26321813,20063,
24835172,20064,
21757896,20065,
40208039,20066,
21368774,20067,The Sorcerer's Scourge
18946061,20068,The Sorcere's Vengeance
18636282,20069,The Sorcerer's Legacy
18632242,20070,The Sorcerer's Torment
17945176,20071,The Sorcerer's Ascension
271111,20072,
10740480,20073,
24790,20074,The Children's Hour
1249258,20075,Books of Blood Volume VI
1694620,20076,Sylvia Browne's Book of Angels
46251299,20077,
20385465,20078,
16597564,20079,
18114127,20080,
17247542,20081,The Wayfarer King
97947,20082,Darkness Descending
57895488,20083,
17123111,20084,
52938949,20085,
50700166,20086,
1821978,20087,Le Feu dans le ciel
26669900,20088,
1087300,20089,Hawkes Harbor
17995377,20090,The Wrong Goodbye
19714861,20091,
94464,20092,ElfQuest - The Hidden Years
3477406,20093,Hurricane
4083204,20094,"Tequila Sunrise (Last Call, Book 3)"
6067923,20095,"Virgin Daiquiri (Last Call, Book 4)"
2547031,20096,Last Wolf Hunting
47822345,20097,Unquiet Land
49191207,20098,
18980586,20099,
568061,20100,Duncton Quest (The Duncton Chronicles)
53460078,20101,
42238983,20102,
757283,20103,Confessions of a Werewolf Supermodel
44751187,20104,
26486316,20105,
44423559,20106,The Suffering
21921493,20107,Oz Reimagined: New Tales from the Emerald City and Beyond
10867889,20108,Cloaked in Red
32927,20109,Great Tales of Horror
908032,20110,Engine Summer
44518617,20111,
2124136,20112,World of Warcraft
1774033,20113,Back to the Stone Age
26677781,20114,
46001014,20115,
754590,20116,"The Gathering (Immortals, #4)"
43102464,20117,
14327684,20118,Eve of Warfare
18970088,20119,
53238815,20120,
19121440,20121,
47862882,20122,
54490897,20123,
40331682,20124,
25487760,20125,
19927502,20126,
48576639,20127,Blood Magic
46920567,20128,Grim Discovery
40903120,20129,
17606749,20130,Deathless
6993342,20131,The Braddock Boys: Cody
52497828,20132,
40614388,20133,
19068043,20134,Lover's Instinct
21892281,20135,
21518846,20136,
18680937,20137,
3471020,20138,"Mortal Temptations (Mortal Series, #1)"
409074,20139,"King of Clubs (Wonderland, #4)"
2432883,20140,"Kiss and Tell (Bloodmates, Book #1)"
5120656,20141,The Reckoning
3597816,20142,"The Haunting (Immortals, #7)"
1470575,20143,"Into the Darkness (Dark Realm, Book 1) (Avon Red)"
514814,20144,The Forever Kiss
464795,20145,Night Games (Love Spell Timeswept Romance)
1009463,20146,"Wicked Pleasure (The Castle of Dark Dreams, Book 2)"
1005049,20147,"Deep, Dark & Dangerous (Vikings Underground, #4)"
2104721,20148,"Vengeance Due (Witches Knot, #3)"
477676,20149,"A Touch of Fae (Witches Knot, #2)"
3317299,20150,"The Crossing (Immortals, #6)"
2255383,20151,Dragon Prime
3146786,20152,Ritus
1194898,20153,"Dragon's Gold (Kelvin of Rud, #1)"
579544,20154,"Ferno The Fire Dragon (Beast Quest, #1)"
803945,20155,Wizard's Eleven
870004,20156,Necromancer Nine
100611,20157,Jinian Footseer
35130,20158,"The Deluge Drivers (Icerigger Trilogy, #3)"
1650605,20159,"The Spell Sword (Darkover, #11)"
996779,20160,The Wise Woman: A Parable
12873603,20161,Shadows Over Balinor
183207,20162,In the Forest of Forgetting
14464852,20163,
2263152,20164,Transformation: The Breakthrough
24991002,20165,Winterkill
7945322,20166,
4031645,20167,Blood Brothers / The Hollow / The Pagan Stone
1375829,20168,The Hidden City
426648,20169,"Daughter of Ancients (The Bridge of D'Arnath, #4)"
6779949,20170,Turned
11132,20171,"Birthright (Diablo: The Sin War, #1)"
1371661,20172,Fireworks: Nine Profane Pieces
52384406,20173,
16786633,20174,kureimoa 19
15338507,20175,kureimoa 18
8789053,20176,Claymore 17
8919,20177,lyly 'lf lyl@
42015531,20178,
42472507,20179,
21464825,20180,mn Hkyt lGwl l'Hmr  l'khyr
13020010,20181,akhr 'ym l'rD
6195334,20182,b 4 m
14734298,20183,lsHr w'n
13910292,20184,Sdyqy jljmysh
6195236,20185,mn 'jl Trwd@
22017575,20186,Sn` lZlm
18863460,20187,lmrtd
14985850,20188,mkhTwT@ bn sHq: mdyn@ lmwt~
6192251,20189,`dm fy lbrj
6192173,20190,khywl wrmH
35893796,20191,
6179775,20192,mSS ldm w'sTwr@ lrjl ldhy'b
14454962,20193,lan nftH lSndwq 3
7119782,20194,
21775115,20195,
355550,20196,The Adept: Death of an Adept
276678,20197,The Adept 4: Dagger Magic (Adept)
1695618,20198,The Adept 3: The Templar Treasure (Adept)
1695617,20199,The Adept 2: The Lodge of the Lynx (Adept)
2031392,20200,Savage Worlds Explorers Edition (S2P10010)
54129633,20201,The Doll Keeper
1592494,20202,The Price
42504602,20203,
16273988,20204,The princess and the pig
1131401,20205,The Chronicles of Narnia: Prince Caspian: The Official Illustrated Movie Companion
24892089,20206,Eren
76366,20207,Here Be Monsters!
3086315,20208,Vintage: A Ghost Story
342526,20209,The New Kid at School
324583,20210,The Dark Crystal
13157532,20211,
14635799,20212,
13003773,20213,Xia Mu You Ren Zhang  (5)
13003772,20214,Xia Mu You Ren Zhang  4
8940738,20215,Xia Mu You Ren Zhang  3
2420443,20216,Owl in Love
1030922,20217,Petshop of Horrors 8
176398,20218,Petshop of Horrors 10
1030920,20219,Petshop of Horrors 7
2473019,20220,"Vassalord, Vol. 1"
120778,20221,The Key to the Indian
13100186,20222,Fairy Tail +
24251297,20223,
22857312,20224,
42945969,20225,
45040351,20226,
49087513,20227,
24241779,20228,
51832812,20229,
50370943,20230,Wild Beauty
49638790,20231,
43114532,20232,
1889141,20233,Deep Midnight
1905954,20234,"Thunder Moon (Nightcreature, #8)"
289290,20235,"Necroscope: Avengers (Necroscope, Book 13)"
866492,20236,"Necroscope: Defilers (Necroscope, Book 12)"
1352978,20237,"Necroscope: Invaders (Necroscope, Book 11)"
7336134,20238,Exile: The Graphic Novel
2527413,20239,The Infinity Concerto
21392870,20240,paataalghr
60238,20241,Lord Demon
47304967,20242,Wonder
45742925,20243,Hookah
44436514,20244,Circus
25079944,20245,
6600715,20246,Lilith Enraptured
6255847,20247,
27028520,20248,
13585894,20249,
21833959,20250,MUH!
50384983,20251,
12764330,20252,Todo lo que podriamos haber sido tu y yo si no fueramos tu y yo
1772332,20253,El sueno de los heroes
18629513,20254,Mo Fa Shao Nu madokamagika 3
39847606,20255,The Wonder of All Things
113016,20256,Il bar sotto il mare
20712723,20257,A Storm of Swords. Book Three of A Song of Ice and Fire
20708158,20258,A Storm Of Swords. Book Three Of A Song Of Ice And Fire
43314275,20259,
1791719,20260,Mei Shao Nu Zhan Shi seramunshiyotosutorizu 2 [Bishojo Senshi Sailor Moon Short Stories 2]
556721,20261,.hack//  Another Birth Volume 1 (Hack//Another Birth)
93993,20262,Eyes of Crow
5177915,20263,Blood and Ice
379517,20264,The Princess and the Pizza
128562,20265,"The Sun, the Moon, & the Stars"
726677,20266,The Keeper's Price
81621,20267,Free Amazons of Darkover
60185,20268,The Forbidden Circle
3017842,20269,She Wolf
1799384,20270,The Jewel of Seven Stars
9737253,20271,Shakespeare Undead
48626511,20272,
45668206,20273,"Chosen By The Vampire Kings; The Complete Edition (The Chosen, #1)"
18267686,20274,
42480933,20275,
18339173,20276,
48527,20277,East of Ealing
6134577,20278,"Running Mate (Devlin Dynasty, #1)"
410258,20279,Homunculus
1372225,20280,pichipichipitsuchi 2
877224,20281,"The Awakening (Vampire, #5)"
6707533,20282,Vampire Darcy's Desire: A Pride and Prejudice Adaptation
42750039,20283,
42750029,20284,
43128154,20285,
21943641,20286,"Jack Templar, Monster Hunter"
40850885,20287,
49916270,20288,
29178220,20289,
44856198,20290,Nachtland
96210,20291,Der Golem
4592419,20292,"Dschinnland (Die Sturmkonige, #1)"
21837473,20293,Asche und Phonix
55660851,20294,The Merry Men and Other Tales and Fables / Strange Case of Dr. Jekyll and Mr. Hyde
18279,20295,Vampire Hunter D Vol. 07: Hokkai Makou 1
40170891,20296,
13710809,20297,
7159323,20298,
40148521,20299,
12614430,20300,
6244867,20301,Master of the Books
79909,20302,The Book of Lies
17375893,20303,
6648715,20304,"Sanctuary's Price (Red Rock Pass, Book #3)"
6067881,20305,"Sanctuary Lost (Red Rock Pass, Book 2)"
6605779,20306,Circe's Recruits 1: Roane
18462020,20307,The Impossibility of Tomorrow
1684138,20308,Alex and the Ironic Gentleman
1685487,20309,"Le souffle des dieux (Cycle des dieux, #2)"
6146177,20310,"Spider-Touched (Ghostland World, #2)"
24258388,20311,
23845414,20312,
14527455,20313,
25533206,20314,
19080343,20315,
48661387,20316,
55044728,20317,
13417076,20318,
47283432,20319,
45552640,20320,Black Crow
48289705,20321,Blackheath
44333847,20322,
23908695,20323,
19257642,20324,In the House Upon the Dirt Between the Lake and the Woods
17178090,20325,The Lake
40719056,20326,
42907788,20327,Forever Doon
21562680,20328,
2628760,20329,The Haunting of Hiram C. Hopgood
3493078,20330,"The Legend of Zelda, Volume 2"
81624,20331,First Contact
17309267,20332,
44071671,20333,
41872302,20334,
10623774,20335,
7356169,20336,
5593360,20337,L'Alliance des Trois
43193755,20338,
48080217,20339,
44303176,20340,
25137873,20341,
19699946,20342,
6186457,20343,Baba Jaga je snijela jaje
41436906,20344,"Love Potions (Warlocks MacGregor, #1)"
81335,20345,Walking to Mercury
7291515,20346,Dragon Rule: Book Five of The Age of Fire
19019956,20347,
17786741,20348,
2353361,20349,Neq the Sword
3303257,20350,"Var the Stick (Battle Circle, #2)"
1560038,20351,Sos the Rope
17326,20352,"Chimaera's Copper (Kelvin of Rud, #3)"
42702820,20353,QQsuipa 1
19208301,20354,Luminescence
24016331,20355,
17406964,20356,
26174441,20357,
21527387,20358,"Claymore, Vol. 22: Fangs and Claws of the Abyss"
21523836,20359,kureimoa 21
19063905,20360,
19032898,20361,
14550972,20362,The Great Night
284651,20363,Go Ask Malice: A Slayer's Diary
11203616,20364,Liang Gong haruhinoXiao Shi
2355029,20365,Yao Jing Biao Ben  2
1682150,20366,The Chalice
6731261,20367,"The Best Horror of the Year, Volume One"
184671,20368,Ring around the Sun
280447,20369,Reborn
14460248,20370,
14524152,20371,Love Bites
2010692,20372,"Vampalicious! (My Sister the Vampire, #4)"
2010691,20373,Fangtastic!
1436404,20374,Little Sister
42673530,20375,
25212271,20376,
86467,20377,The Song of Mavin Manyshaped
1281591,20378,Vamped
47855353,20379,
26324966,20380,
16690400,20381,La estrella
10975703,20382,
467740,20383,"The Vampire's Promise (The Vampire's Promise, #1-3)"
5941416,20384,Haunting Beauty
40363642,20385,
26527104,20386,
16061887,20387,Blood Rock
21488198,20388,
6836268,20389,"A Clan in Need (Warriors: Ravenpaw's Path, #2)"
7348852,20390,
802906,20391,Green Mansions
581168,20392,For All Eternity
12926623,20393,
17241747,20394,
17963617,20395,A Stranger in Olondria
24895763,20396,
40170402,20397,
47250790,20398,
3294248,20399,Bloodstone
44134876,20400,
44656033,20401,
14341954,20402,After Long Silence
19075913,20403,Kept
705993,20404,Hunting Harkonnens
1088935,20405,Sword and Sorceress VIII
1269908,20406,
44862432,20407,
23900997,20408,
9763612,20409,
45129374,20410,
22013279,20411,La tiganci
1620346,20412,
1039633,20413,Ponedel'nik nachinaetsia v subbotu
21830687,20414,Merrick
14154920,20415,
21910274,20416,
43082886,20417,
27723072,20418,
13656890,20419,
590070,20420,Harm None: A Rowan Gant Investigation
55557989,20421,San Sheng San Shi Shi Li Tao Hua
16691053,20422,
2113607,20423,Limes inferior
7407852,20424,
271174,20425,"Legacy of Blood  (Diablo, #1)"
2059837,20426,Miecz Aniolow
2059785,20427,Sluga Bozy
3650674,20428,Droga Do Nidaros
1708926,20429,2586 krokow
2762719,20430,"Zagadka Kuby Rozpruwacza (Kroniki Jakuba Wedrowycza, #4)"
2762697,20431,"Wezmisz czarno kure... (Kroniki Jakuba Wedrowycza, #3)"
9415349,20432,Zmija
1492908,20433,"Lux perpetua (Trylogia husycka, #3)"
2380819,20434,"Kroniki Jakuba Wedrowycza (Kroniki Jakuba Wedrowycza, #1)"
1115578,20435,Siewca Wiatru
13088145,20436,Pan Lodowego Ogrodu. Tom 3
3307223,20437,"Klamca (Klamca, #1)"
1812027,20438,"Bozy bojownicy (Trylogia husycka, #2)"
7038935,20439,Narrenturm
7251158,20440,Pan Lodowego Ogrodu. Tom 2
1442369,20441,Inne piesni
13088149,20442,Pan Lodowego Ogrodu. Tom 1
15054316,20443,La Morte amoureuse
40262472,20444,"Rising Tide: Dark Innocence (The Maura DeLuca Trilogy, #1)"
7152165,20445,Peter Pan in Kensington Gardens
13450319,20446,Swear
4776355,20447,Twice a Prince (Sasharia en Garde! Book 2)
41810129,20448,
198181,20449,Beyond the Burning Lands
2419610,20450,Darkside
6170954,20451,"Hermelinen (Historien om Katriona Teresdatter, #2)"
6607535,20452,Dronningens Tare
6845543,20453,Krystalhjertet
6607537,20454,Daemonernes Hvisken
3808634,20455,Dodens Terning
2045373,20456,Djaevelens laerling
5116660,20457,Of Blood and Honor (WarCraft)
56433653,20458,
44854720,20459,
17046664,20460,Midsummer Baker
13363226,20461,
7216561,20462,The Shapeshifters
19116346,20463,Black Fallen
7016384,20464,The Cannibals of Candyland
29983,20465,Satan Burger
308336,20466,House Of Blood
756852,20467,Number Of The Beast (666)
21756613,20468,
584077,20469,The Unseen 1 It Begins (Unseen)
116094,20470,One More for the Road
116096,20471,The Vintage Bradbury
2077505,20472,Earthbound
866759,20473,Reprisal
247497,20474,Casting the Runes and Other Ghost Stories (Oxford World's Classics)
697097,20475,The Hammer and the Cross
498352,20476,Dark Matter: A Century of Speculative Fiction from the African Diaspora
1700756,20477,The Wood beyond the World
871394,20478,Metropolitan
2042283,20479,The Physiognomy
40717821,20480,Starborn
25333303,20481,
53360041,20482,
48732241,20483,
6762275,20484,Volontery vechnosti
343050,20485,Kingdom's Dawn
54470187,20486,A Poison Dark and Drowning
6546434,20487,El libro salvaje
10746642,20488,
2236540,20489,Los arboles mueren de pie
54969900,20490,Spellbinder
6506553,20491,The Day Boy and the Night Girl
24087891,20492,Celtic Moon
645479,20493,De Gevleugelde Kat
117814,20494,"Les Thanatonautes (Cycle des Anges, #1)"
1685492,20495,Nous les dieux
43284242,20496,The X-Files: Trust No One
23588360,20497,
926413,20498,The Book of Kells
1171774,20499,Golden Trillium
7366449,20500,
2076123,20501,"Gargantua: La vie tres horrifique du grand Gargantua, pere de Pantagruel"
136798,20502,Ett dromspel
3058013,20503,"The Haunted Man and the Ghost's Bargain, A Fancy for Christmas-Time"
1347789,20504,Spoksonaten
57140467,20505,
6553380,20506,The Fisherman and his Soul
15580815,20507,
43549112,20508,Strange Magic
54130403,20509,Rise of the Isle of the Lost (Descendants #3)
713546,20510,Pure Dead Wicked
42017721,20511,Duck Duck Ghost
18699044,20512,
6704827,20513,"Hale (Circe's Recruits, #4)"
40151026,20514,
271185,20515,"Ghostlands (WarCraft: The Sunwell Trilogy, #3)"
271188,20516,"Dragon Hunt (WarCraft: The Sunwell Triology, #1)"
41262055,20517,Zeus Is Dead: A Monstrously Inconvenient Adventure
6542886,20518,Curse of the Spider King: The Berinfell Prophecies Series - Book One
6553732,20519,"Edge of Desire (Primal Instinct, #3)"
6154419,20520,Edge of Danger
685508,20521,Tonight And Always
49190351,20522,
21846081,20523,
6802611,20524,Hastur Lord
6961151,20525,Candy Houses
25792833,20526,Bad Kitty
16377886,20527,
13420161,20528,
42427674,20529,Binding Ties
1024947,20530,Untouched by Human Hands
16371354,20531,"Magic, Inc."
14603959,20532,
21437266,20533,
54708883,20534,
24670133,20535,
22374153,20536,
26649128,20537,kaabil kohkaaphii
24157174,20538,aamrraa o kryaab nebulaa
3968454,20539,Himu Remande
25731657,20540,kitab 'alf layla@ walayla@ [kitab `alf layla wa-layla]
15423691,20541,
2509604,20542,"The Kingdom of Shadow (Diablo, #3)"
18529722,20543,
16489911,20544,
18338711,20545,
19199770,20546,
138937,20547,Dinotopia: Journey to Chandara
255144,20548,Arena
43165890,20549,
48635769,20550,
53607953,20551,
25704102,20552,The Black Magician Trilogy
1651692,20553,Le Jour des fourmis
123927,20554,La revolution des fourmis
123921,20555,L'Arbre des possibles et autres histoires
1685485,20556,Le mystere des dieux
1685481,20557,Nos Amis les Humains
25805821,20558,The Violent Century
12832601,20559,Aurorarama
25272014,20560,
3280212,20561,"Nicolas Eymerich, inquisitore"
50329881,20562,
387781,20563,Blood Red
451509,20564,Gypsy Rizka
47243841,20565,The School For Good and Evil: The Ever Never Handbook
41057845,20566,
20549989,20567,sodoatoonrain8: ariandoreito
13162122,20568,"Rush of Darkness (Primal Instinct, #7)"
6155161,20569,A Ultima Feiticeira
23731994,20570,
19147716,20571,
10545253,20572,Shadow of the Vampire
45674397,20573,Dorothy Must Die: Stories Vol. 2
21805168,20574,
42939997,20575,A Curse Unbroken
41336570,20576,
50729928,20577,
41161633,20578,
42791522,20579,The Lightning God's Wife
23907126,20580,
21963389,20581,Stallo
15712367,20582,
50425510,20583,Hidden Blade
11725858,20584,King's Wrath
24750052,20585,
26134866,20586,
13467664,20587,The Wedding Gift
1708927,20588,Kuzynki (Kuzynki #1)
3341541,20589,"Klamca 2. Bog marnotrawny (Klamca, #2)"
1114719,20590,
7509547,20591,
2399125,20592,"Czarownik Iwanow (Kroniki Jakuba Wedrowycza, #2)"
1114559,20593,
19176293,20594,
4676859,20595,Nocni klub (I. & II. book)
29112,20596,Companion to Narnia: A Complete Guide to the Magical World of C.S. Lewis's The Chronicles of Narnia
921466,20597,Le Jour du chien bleu
1220175,20598,Vampireslayer
1220749,20599,Beastslayer
14816545,20600,The Wizard of Oz
517810,20601,Perloo The Bold (Signature)
18274,20602,Vampire Hunter D Vol. 05
18273,20603,Vampire Hunter D Vol. 06
21569893,20604,souruita 21
10094677,20605,souruita 7
13306487,20606,souruita 8
13306506,20607,souruita 9
13461548,20608,souruita 14
13462305,20609,souruita 16
21569887,20610,souruita 18
13459792,20611,souruita 13
13462415,20612,souruita 17
13461953,20613,souruita 15
21569891,20614,souruita 20
18462042,20615,
9694779,20616,
7110508,20617,
5148706,20618,Cathy's Ring
6240922,20619,Violet Wings
2574155,20620,Swordbird
8816,20621,The Dragon's Eye
43195342,20622,
6692724,20623,Kayip Gul
10986678,20624,
7147710,20625,
4902801,20626,Twilight of Avalon
23906796,20627,
13190095,20628,Noah Barleywater Runs Away
859100,20629,The Midnight Folk
2995407,20630,The Better Mousetrap
1021979,20631,Night Stalks the Mansion: A True Story of One Family's Ghostly Adventure
2955974,20632,"True Talents (Talents, #2)"
25337579,20633,
7365519,20634,
1366122,20635,The Blue Mirror
45492008,20636,A Dream of Ice
44742201,20637,
15052126,20638,Stormswept
42427678,20639,Assassin's Creed: Unity
21739820,20640,Assassin's Creed: Black Flag
17311420,20641,Daylight Saving
40163453,20642,
4035114,20643,The Country of the Blind and Other Stories
15872046,20644,
6637500,20645,"North! Or Be Eaten (The Wingfeather Saga, Book Two)"
21398624,20646,
43615339,20647,
47431952,20648,
13416731,20649,
112940,20650,William Shakespeare's: The Tempest
9665331,20651,La hija de la noche
4801499,20652,Alas de fuego
9009395,20653,
52129812,20654,
914580,20655,"Tlon, Uqbar, Orbis Tertius"
15651330,20656,Metamorphose en bord du ciel
6679945,20657,Il segreto del Bosco Vecchio
12480888,20658,Maintenant qu'il fait tout le temps nuit sur toi
7113483,20659,
10432727,20660,
21573281,20661,Quick Fix
48208051,20662,
54930730,20663,
22014983,20664,
49943841,20665,
1647876,20666,Noch' pered Rozhdestvom
21525911,20667,
42462096,20668,
662884,20669,"The Simoqin Prophecies (GameWorld Trilogy, #1)"
3388950,20670,Laura und das Geheimnis von Aventerra
24661739,20671,
27641550,20672,
17600025,20673,Game of Thrones and Philosophy: Logic Cuts Deeper Than Swords
13473286,20674,Unclean Jobs for Women and Girls
42945188,20675,
745819,20676,The Adventures Of Ulysses
26804282,20677,
40023054,20678,
60261,20679,Donnerjack
20404139,20680,Altered
26014970,20681,
13387336,20682,Lust
49679984,20683,
7065585,20684,
4950579,20685,Zelda No Densetsu-Toki No Ocarina 1
4950578,20686,"The Legend of Zelda , Volume 3: Majora's Mask (Legend of Zelda)"
56814571,20687,
50643161,20688,
63596,20689,Hostage to the Devil: The Possession and Exorcism of Five Contemporary Americans
144657,20690,
14600379,20691,
100601,20692,The Awakeners: Northshore & Southshore
50651408,20693,
40235235,20694,
49849555,20695,Raden Mandasia si Pencuri Daging Sapi
49156899,20696,Inteligensi Embun Pagi
25520725,20697,Selama Kita Tersesat di Luar Angkasa: Kumpulan Cerita Absurd
14757242,20698,Nibiru dan Kesatria Atlantis
1490112,20699,Utukki: Sayap Para Dewa
3388949,20700,"Laura und das Orakel der Silbernen Sphinx (Laura, #3)"
3388951,20701,"Laura und das Siegel der Sieben Monde (Laura, #2)"
48280398,20702,Traveler
45425443,20703,
25975683,20704,Allies & Assassins
51833005,20705,
25423673,20706,Silver Mirrors
161071,20707,The Home
50499310,20708,
2136966,20709,Point of Hopes
14846658,20710,
2222187,20711,"The Saga of the Renunciates (Darkover Omnibus, 3)"
19159160,20712,
3341157,20713,Down the Mysterly River
1737250,20714,Nijura: Das Erbe der Elfenkrone
3302543,20715,Porteur de masques (Amos Daragon #1)
3143532,20716,"L'enlevement (Les Chevaliers d'Emeraude, #7)"
3143526,20717,"Le journal d'Onyx (Les chevaliers d'Emeraude, #6)"
4000771,20718,"L'ile des Lezards (Les chevaliers d'Emeraude, #5)"
1138216,20719,"La princesse rebelle (Les Chevaliers d'Emeraude, #4)"
1821977,20720,"Piege au Royaume des Ombres (Les Chevaliers d'Emeraude, #3)"
4000802,20721,"Les dragons de l'Empereur Noir (Les Chevaliers d'Emeraude, #2)"
19101878,20722,
21937919,20723,
41826002,20724,kureimoa 27
41823232,20725,kureimoa 26
27833655,20726,kureimoa 25
25618524,20727,kureimoa 24
21862763,20728,kureimoa 23
17259507,20729,Claymore 20
42442199,20730,
124364,20731,Leviathan
761199,20732,
1054804,20733,El coleccionista de relojes extraordinarios
44996095,20734,
46616346,20735,
21532972,20736,Spirits from Beyond
12567455,20737,
21940485,20738,
7219656,20739,
25489292,20740,
44439029,20741,Don't Look Inside
45107518,20742,A Passage to Shambhala
25206644,20743,
18020408,20744,The Daemon Prism
3011742,20745,Nina e il mistero dell'Ottava Nota
14581097,20746,L'eredita di Thuban
14581098,20747,L'albero di Idhunn
158865,20748,Elianto
426665,20749,
870471,20750,Warp
63667,20751,"The Chronicles of Narnia - The Lion, the Witch, and the Wardrobe Official Illustrated Movie Companion"
900703,20752,"Shadows of Ice (WarCraft: The Sunwell Trilogy, #2)"
21395724,20753,The Lands of Ice and Fire
15714345,20754,
2328498,20755,Cursed
23752502,20756,
1821981,20757,"Les dieux dechus (Les Chevaliers d'Emeraude, #8)"
14641238,20758,"The Last Wilderness (Seekers, #4)"
45074241,20759,
21869470,20760,
43241983,20761,Tower of Babylon
353161,20762,Deep in the Darkness
137725,20763,In the Realm of the Never Fairies: The Secret World of Pixie Hollow (Disney Fairies)
1249562,20764,
2355776,20765,Dark Harvest
42099241,20766,
21577602,20767,
1096998,20768,The Kiss That Missed
3921786,20769,The Archer's Heart
18217154,20770,Il sogno di Talitha
8801588,20771,Figlia del Sangue
14543983,20772,Gli ultimi eroi
3747654,20773,"Il talismano del potere (Le Cronache del Mondo Emerso, #3)"
3747647,20774,"La missione di Sennar (Le Cronache del Mondo Emerso, #2)"
17207351,20775,
42058105,20776,
164891,20777,"Siege of Mithila (Ramayana, Book 2)"
164892,20778,
463645,20779,"Armies of Hanuman (Ramayana, Book 4)"
223201,20780,Cronicas del Angel Gris
2146871,20781,Los dias del fuego
2146870,20782,Los dias de la sombra
2146873,20783,Los dias del venado
16316510,20784,
6514992,20785,Blood Kin
13446923,20786,I Thought It Was You
9579324,20787,"Spirits in the Stars (Seekers, #6)"
19147600,20788,Salsa Nocturna: Stories
45487113,20789,
12372771,20790,
43458082,20791,
6860772,20792,Riverworld: To Your Scattered Bodies Go/The Fabulous Riverboat
516611,20793,Aprilhaxan
1114797,20794,
978398,20795,Antologia de la literatura fantastica
53456941,20796,Stone Cold Magic
21940085,20797,
10864218,20798,The haunting of James Hastings
23895641,20799,Vilko valanda
46307256,20800,
13364140,20801,Enchanted No More
111020,20802,Baol. una tranquilla notte di regime
45123734,20803,
50453626,20804,The Hands of Time
1498540,20805,The Haunted: One Family's Nightmare
822554,20806,"Salamanderens Hjerte (W.I.T.C.H., #1)"
14470189,20807,
22013231,20808,
21577779,20809,
42038176,20810,
51453772,20811,
3311227,20812,Il potere della luce
3123487,20813,L'incanto del buio
13723060,20814,
40879171,20815,
1563640,20816,L'Enchanteur
8357067,20817,
41828202,20818,Follow the Crow
9268592,20819,
13948319,20820,
6767418,20821,The Magic Warble
55679797,20822,
23664023,20823,
53452230,20824,Cuando me veas
3315531,20825,Mandragora
468481,20826,The Princess Who Believed in Fairy Tales: A Story for Modern Times
46839772,20827,
41084,20828,Joplin's Ghost
42170959,20829,
23631578,20830,
3307019,20831,Sudenmorsian: hiidenmaalainen tarina
9933843,20832,
24019105,20833,
1958014,20834,When Ghosts Speak: Understanding the World of Earthbound Spirits
24881687,20835,Charmed
19289176,20836,
45308451,20837,Eve: The Awakening
8084019,20838,Hot Moon Rising
21526206,20839,"Vol'jin: Shadows of the Horde (World of Warcraft, #12)"
3168985,20840,"Night of the Dragon (World of Warcraft, #5)"
21934808,20841,The Bone Dragon
14958621,20842,
13601415,20843,Legend of the Guardians: The Owls of Ga'hoole
39886275,20844,Tu nombre despues de la lluvia
17684158,20845,El bosque de los corazones dormidos
26874968,20846,
16444003,20847,The Skinjacker Trilogy
9785828,20848,
46015804,20849,Raelia
21394000,20850,
13295321,20851,
21525677,20852,
41049519,20853,A Time to Die
21453391,20854,
54956257,20855,"Bahubali, before the beginning Trilogy, Book I- The Rise Of Sivagami"
50728112,20856,
25133923,20857,The Language of Spells
2491403,20858,Lod
44426756,20859,The Visible Filth
46150030,20860,
69072,20861,Talking to Heaven: A Medium's Message of Life After Death
55663023,20862,
6448545,20863,Seven Sorcerers
22012689,20864,Hwjn
19177893,20865,Starry Nights
26532182,20866,PAN Trilogie - Die Dunkle Prophezeiung Des Pan
4992120,20867,Herr Arnes penningar
1908747,20868,Pappersvaggar
43611733,20869,
42579986,20870,
20408827,20871,
25566620,20872,
49454343,20873,
6970854,20874,
951268,20875,The Return of Merlin
43125498,20876,
53516560,20877,La Memoire de Babel
45927961,20878,Les Disparus du Clairdelune
25320621,20879,Les Fiances de l'hiver
286432,20880,The Wind on Fire Trilogy: The Wind Singer/Slaves of the Mastery/Firesong (The Wind on Fire)
41955751,20881,
43458014,20882,
41343803,20883,
6933470,20884,
15538006,20885,"Kiss Me, Kill Me (Includes: Wild, #3)"
46180544,20886,
46834654,20887,Flames Like Vines
1230252,20888,Peter Schlemihls wundersame Geschichte
43967598,20889,
24232606,20890,
27579433,20891,
8675417,20892,Gli incantevoli giorni di Shirley. Fairy Oak
7008091,20893,Capitan Grisam e l'amore. Fairy Oak
15076910,20894,"Addio, Fairy Oak. Fairy Oak"
24946371,20895,
18047477,20896,Rivalites
2495848,20897,The Whitby Witches
14752080,20898,The Guardian Angel's Journal
18610448,20899,
39963682,20900,
4259272,20901,News from Nowhere and Other Writings
19267499,20902,
13688209,20903,La ultima jugada
199295,20904,Le passe-muraille
57189575,20905,
450045,20906,Barry Trotter And The Unnecessary Sequel
10034467,20907,Empire V
42817581,20908,
25191478,20909,Beyond Bridalveil Fall
18540753,20910,
23593281,20911,Energie della galassia
6982190,20912,
14477284,20913,
3574112,20914,South Coast (Golden Age of the Solar Clipper)
21976581,20915,tthaakurmaar jhuli
24157619,20916,
21808901,20917,
13415445,20918,ekjn himu kyyektti jhiN jhiN pokaa
4850822,20919,pret
24253056,20920,
13660830,20921,Nina e la maledizione del Serpente Piumato
6629608,20922,Dark Legacy
41358857,20923,Beyond Oria Falls
27232024,20924,
1708684,20925,Sarpele
2158609,20926,Secretul doctorului Honigberger
996922,20927,Domnisoara Christina
16362859,20928,
51144749,20929,
48192476,20930,
28165644,20931,
19262163,20932,Sndwq ldm~
16399888,20933,ltmym@
110248,20934,The Manticore's Secret (GameWorld Trilogy #2)
6602797,20935,The Midnight Charter
50579280,20936,
15123733,20937,
6467616,20938,Aerial
1022735,20939,"Seira and the Legend of Madriva (Magical Seira, #1)"
26019283,20940,
41190320,20941,Pie de bruja
13978151,20942,
4289650,20943,Malaikat Jatuh dan Cerita-Cerita Lainnya
1661244,20944,Haunted
13660849,20945,Nina e l'occhio segreto di Atlantide
1120354,20946,El Ahogado Mas Hermoso Del Mundo
1496555,20947,Les Diaboliques
51421347,20948,Matahari
6882421,20949,
41324336,20950,Si Janus Silang at ang Tiyanak ng Tabon
45316985,20951,Norma
6642856,20952,Barierata
7410524,20953,Mawar Merah: Metamorfosis
23594438,20954,
7039895,20955,La trilogia de la niebla
1404230,20956,Aliss
4850879,20957,pishaacinii
169617,20958,Agridagi Efsanesi
25230206,20959,
6026299,20960,mwsw`@ lZlm
13910246,20961,flsf@ fy Hsy'y
6661786,20962,hy w l'n
6192187,20963,lsm: shksbyr
1984859,20964,Macario
6132507,20965,ldhyn hbTw mn lsm
6151520,20966,lqw~ lkhfy@
15050322,20967,SeoulMate
25442199,20968,
14642631,20969,'rD zykwl
1820755,20970,syHt Grb
41862206,20971,hnk
45816826,20972,bstyn `rbstn
28069437,20973,rHl@ l100 `byT
26234111,20974,lbHth `n jsd
7261943,20975,
29200696,20976,ky
44332329,20977,
6195263,20978,`bqry
6195253,20979,akhr 'ym lrykh
55078942,20980,
48758670,20981,
48854207,20982,
28872553,20983,
6195240,20984,`wd@ lmHrb
13910275,20985,`ynn
54969065,20986,
